{"textures":{"0":"modelengine:entity/frankenstein2"},"elements":[{"name":"cube","from":[7.4,5.5999994,8.3],"to":[9.2,8.0,10.700001],"rotation":{"angle":0.0,"axis":"x","origin":[6.8,15.8,10.4]},"faces":{"down":{"uv":[5.375,9.75,5.75,10.25],"rotation":0,"texture":"#0","tintindex":0},"east":{"uv":[10.125,2.5,9.625,3.0],"rotation":0,"texture":"#0","tintindex":0},"north":{"uv":[10.125,3.0,9.75,3.5],"rotation":0,"texture":"#0","tintindex":0},"south":{"uv":[4.25,9.75,3.875,10.25],"rotation":0,"texture":"#0","tintindex":0},"up":{"uv":[4.25,10.25,4.625,9.75],"rotation":0,"texture":"#0","tintindex":0},"west":{"uv":[4.25,8.625,3.75,9.125],"rotation":0,"texture":"#0","tintindex":0}}}],"display":{"head":{"translation":[0.0,-6.4,0.0],"rotation":[0.0,0.0,0.0],"scale":[3.8095,3.8095,3.8095]}}}