{"textures":{"0":"modelengine:entity/frankenstein2"},"elements":[{"name":"cube","from":[6.8,5.5999994,8.3],"to":[8.6,8.0,10.700001],"rotation":{"angle":0.0,"axis":"x","origin":[9.2,15.8,10.4]},"faces":{"down":{"uv":[5.75,9.75,5.375,10.25],"rotation":0,"texture":"#0","tintindex":0},"east":{"uv":[3.75,8.625,4.25,9.125],"rotation":0,"texture":"#0","tintindex":0},"north":{"uv":[9.75,3.0,10.125,3.5],"rotation":0,"texture":"#0","tintindex":0},"south":{"uv":[3.875,9.75,4.25,10.25],"rotation":0,"texture":"#0","tintindex":0},"up":{"uv":[4.625,10.25,4.25,9.75],"rotation":0,"texture":"#0","tintindex":0},"west":{"uv":[9.625,2.5,10.125,3.0],"rotation":0,"texture":"#0","tintindex":0}}}],"display":{"head":{"translation":[0.0,-6.4,0.0],"rotation":[0.0,0.0,0.0],"scale":[3.8095,3.8095,3.8095]}}}