{ "credit": "Model by Elsweyr, forked by HypariaMC", "textures": { "particle": "hyparia:furniture/box", "texture": "hyparia:furniture/box", "plum": "hyparia:furniture/plum" }, "elements": [{ "__comment": "Front", "from": [2, 0, 0], "to": [14, 6, 1], "faces": { "down": { "uv": [10, 9, 16, 9.5], "texture": "#texture" }, "up": { "uv": [10, 9.5, 16, 9], "texture": "#texture" }, "north": { "uv": [10, 9.5, 16, 12.5], "texture": "#texture" }, "south": { "uv": [10, 9.5, 16, 12.5], "texture": "#texture" }, "west": { "uv": [9.5, 9.5, 10, 12.5], "texture": "#texture" }, "east": { "uv": [9.5, 9.5, 10, 12.5], "texture": "#texture" } } }, { "__comment": "Back", "from": [2, 0, 15], "to": [14, 6, 16], "faces": { "down": { "uv": [10, 9, 16, 9.5], "texture": "#texture" }, "up": { "uv": [10, 9, 16, 9.5], "texture": "#texture" }, "north": { "uv": [10, 9.5, 16, 12.5], "texture": "#texture" }, "south": { "uv": [10, 9.5, 16, 12.5], "texture": "#texture" }, "west": { "uv": [9.5, 9.5, 10, 12.5], "texture": "#texture" }, "east": { "uv": [9.5, 9.5, 10, 12.5], "texture": "#texture" } } }, { "__comment": "Side L", "from": [2.5, 0, 1], "to": [3.5, 6, 15], "faces": { "down": { "uv": [9, 12.5, 16, 13], "texture": "#texture", "rotation": 270 }, "up": { "uv": [9, 12.5, 16, 13], "texture": "#texture", "rotation": 90 }, "north": { "uv": [8.5, 13, 9, 16], "texture": "#texture" }, "south": { "uv": [8.5, 13, 9, 16], "texture": "#texture" }, "west": { "uv": [9, 13, 16, 16], "texture": "#texture" }, "east": { "uv": [9, 13, 16, 16], "texture": "#texture" } } }, { "__comment": "Side R", "from": [12.5, 0, 1], "to": [13.5, 6, 15], "faces": { "down": { "uv": [9, 12.5, 16, 13], "texture": "#texture", "rotation": 270 }, "up": { "uv": [9, 12.5, 16, 13], "texture": "#texture", "rotation": 90 }, "north": { "uv": [8.5, 13, 9, 16], "texture": "#texture" }, "south": { "uv": [8.5, 13, 9, 16], "texture": "#texture" }, "west": { "uv": [9, 13, 16, 16], "texture": "#texture" }, "east": { "uv": [9, 13, 16, 16], "texture": "#texture" } } }, { "__comment": "Peg", "from": [3.5, 0, 1], "to": [4.5, 7, 2], "faces": { "down": { "uv": [7.5, 11, 8, 11.5], "texture": "#texture" }, "up": { "uv": [7.5, 12, 8, 12.5], "texture": "#texture" }, "north": { "uv": [8, 12.5, 8.5, 16], "texture": "#texture" }, "south": { "uv": [8, 12.5, 8.5, 16], "texture": "#texture" }, "west": { "uv": [8, 12.5, 8.5, 16], "texture": "#texture" }, "east": { "uv": [8, 12.5, 8.5, 16], "texture": "#texture" } } }, { "__comment": "Peg", "from": [11.5, 0, 1], "to": [12.5, 7, 2], "faces": { "down": { "uv": [7.5, 10.5, 8, 11], "texture": "#texture" }, "up": { "uv": [7.5, 12, 8, 12.5], "texture": "#texture" }, "north": { "uv": [8, 12.5, 8.5, 16], "texture": "#texture" }, "south": { "uv": [8, 12.5, 8.5, 16], "texture": "#texture" }, "west": { "uv": [8, 12.5, 8.5, 16], "texture": "#texture" }, "east": { "uv": [8, 12.5, 8.5, 16], "texture": "#texture" } } }, { "__comment": "Peg", "from": [11.5, 0, 14], "to": [12.5, 7, 15], "faces": { "down": { "uv": [7.5, 10.5, 8, 11], "texture": "#texture" }, "up": { "uv": [7.5, 12, 8, 12.5], "texture": "#texture" }, "north": { "uv": [8, 12.5, 8.5, 16], "texture": "#texture" }, "south": { "uv": [8, 12.5, 8.5, 16], "texture": "#texture" }, "west": { "uv": [8, 12.5, 8.5, 16], "texture": "#texture" }, "east": { "uv": [8, 12.5, 8.5, 16], "texture": "#texture" } } }, { "__comment": "Peg", "from": [3.5, 0, 14], "to": [4.5, 7, 15], "faces": { "down": { "uv": [7.5, 11, 8, 11.5], "texture": "#texture" }, "up": { "uv": [7.5, 12, 8, 12.5], "texture": "#texture" }, "north": { "uv": [8, 12.5, 8.5, 16], "texture": "#texture" }, "south": { "uv": [8, 12.5, 8.5, 16], "texture": "#texture" }, "west": { "uv": [8, 12.5, 8.5, 16], "texture": "#texture" }, "east": { "uv": [8, 12.5, 8.5, 16], "texture": "#texture" } } }, { "__comment": "Bottom", "from": [3.5, 0, 1], "to": [12.5, 1, 15], "faces": { "down": { "uv": [0, 9, 4.5, 16], "texture": "#texture" }, "up": { "uv": [0, 9, 4.5, 16], "texture": "#texture" }, "north": { "uv": [3.5, 15, 12.5, 16], "texture": "#texture" }, "south": { "uv": [3.5, 15, 12.5, 16], "texture": "#texture" }, "west": { "uv": [1, 15, 15, 16], "texture": "#texture" }, "east": { "uv": [1, 15, 15, 16], "texture": "#texture" } } }, { "__comment": "Box10", "from": [3.75, 1.25, 2.75], "to": [6.75, 4.25, 5.75], "rotation": { "origin": [3.5, 1, 2.5], "axis": "y", "angle": 22.5 }, "faces": { "down": { "uv": [10, 10, 16, 16], "texture": "#plum" }, "up": { "uv": [0, 10, 6, 16], "texture": "#plum" }, "north": { "uv": [10, 10, 16, 16], "texture": "#plum" }, "south": { "uv": [10, 10, 16, 16], "texture": "#plum" }, "west": { "uv": [10, 10, 16, 16], "texture": "#plum" }, "east": { "uv": [10, 10, 16, 16], "texture": "#plum" } } }, { "__comment": "Box10", "from": [3.5, 1, 2.5], "to": [7, 4.5, 6], "rotation": { "origin": [3.5, 1, 2.5], "axis": "y", "angle": 22.5 }, "faces": { "down": { "uv": [10, 4, 16, 10], "texture": "#plum" }, "up": { "uv": [0, 4, 6, 10], "texture": "#plum" }, "north": { "uv": [10, 4, 16, 10], "texture": "#plum" }, "south": { "uv": [10, 4, 16, 10], "texture": "#plum" }, "west": { "uv": [10, 4, 16, 10], "texture": "#plum" }, "east": { "uv": [10, 4, 16, 10], "texture": "#plum" } } }, { "__comment": "Box10", "from": [8.5, 1, 1.5], "to": [11.5, 4, 4.5], "faces": { "down": { "uv": [10, 10, 16, 16], "texture": "#plum" }, "up": { "uv": [0, 10, 6, 16], "texture": "#plum" }, "north": { "uv": [10, 10, 16, 16], "texture": "#plum" }, "south": { "uv": [10, 10, 16, 16], "texture": "#plum" }, "west": { "uv": [10, 10, 16, 16], "texture": "#plum" }, "east": { "uv": [10, 10, 16, 16], "texture": "#plum" } } }, { "__comment": "Box10", "from": [8.25, 0.75, 1.25], "to": [11.75, 4.25, 4.75], "faces": { "down": { "uv": [10, 4, 16, 10], "texture": "#plum" }, "up": { "uv": [0, 4, 6, 10], "texture": "#plum" }, "north": { "uv": [10, 4, 16, 10], "texture": "#plum" }, "south": { "uv": [10, 4, 16, 10], "texture": "#plum" }, "west": { "uv": [10, 4, 16, 10], "texture": "#plum" }, "east": { "uv": [10, 4, 16, 10], "texture": "#plum" } } }, { "__comment": "Box10", "from": [8, 4.5, 1.5], "to": [11, 7.5, 4.5], "rotation": { "origin": [8, 4.5, 1.5], "axis": "y", "angle": -45 }, "faces": { "down": { "uv": [10, 10, 16, 16], "texture": "#plum" }, "up": { "uv": [0, 10, 6, 16], "texture": "#plum" }, "north": { "uv": [10, 10, 16, 16], "texture": "#plum" }, "south": { "uv": [10, 10, 16, 16], "texture": "#plum" }, "west": { "uv": [10, 10, 16, 16], "texture": "#plum" }, "east": { "uv": [10, 10, 16, 16], "texture": "#plum" } } }, { "__comment": "Box10", "from": [7.75, 4.25, 1.25], "to": [11.25, 7.75, 4.75], "rotation": { "origin": [8, 4.5, 1.5], "axis": "y", "angle": -45 }, "faces": { "down": { "uv": [10, 4, 16, 10], "texture": "#plum" }, "up": { "uv": [0, 4, 6, 10], "texture": "#plum" }, "north": { "uv": [10, 4, 16, 10], "texture": "#plum" }, "south": { "uv": [10, 4, 16, 10], "texture": "#plum" }, "west": { "uv": [10, 4, 16, 10], "texture": "#plum" }, "east": { "uv": [10, 4, 16, 10], "texture": "#plum" } } }, { "__comment": "Box10", "from": [5.5, 1, 5.5], "to": [8.5, 4, 8.5], "faces": { "down": { "uv": [10, 10, 16, 16], "texture": "#plum" }, "up": { "uv": [0, 10, 6, 16], "texture": "#plum" }, "north": { "uv": [10, 10, 16, 16], "texture": "#plum" }, "south": { "uv": [10, 10, 16, 16], "texture": "#plum" }, "west": { "uv": [10, 10, 16, 16], "texture": "#plum" }, "east": { "uv": [10, 10, 16, 16], "texture": "#plum" } } }, { "__comment": "Box10", "from": [5.25, 0.75, 5.25], "to": [8.75, 4.25, 8.75], "faces": { "down": { "uv": [10, 4, 16, 10], "texture": "#plum" }, "up": { "uv": [0, 4, 6, 10], "texture": "#plum" }, "north": { "uv": [10, 4, 16, 10], "texture": "#plum" }, "south": { "uv": [10, 4, 16, 10], "texture": "#plum" }, "west": { "uv": [10, 4, 16, 10], "texture": "#plum" }, "east": { "uv": [10, 4, 16, 10], "texture": "#plum" } } }, { "__comment": "Box10", "from": [7, 1, 8.5], "to": [10.5, 4.5, 12], "rotation": { "origin": [10.5, 1, 8.5], "axis": "y", "angle": 22.5 }, "faces": { "down": { "uv": [10, 4, 16, 10], "texture": "#plum", "rotation": 270 }, "up": { "uv": [0, 4, 6, 10], "texture": "#plum", "rotation": 90 }, "north": { "uv": [10, 4, 16, 10], "texture": "#plum" }, "south": { "uv": [10, 4, 16, 10], "texture": "#plum" }, "west": { "uv": [10, 4, 16, 10], "texture": "#plum" }, "east": { "uv": [10, 4, 16, 10], "texture": "#plum" } } }, { "__comment": "Box10", "from": [7.25, 1.25, 8.75], "to": [10.25, 4.25, 11.75], "rotation": { "origin": [10.5, 1, 8.5], "axis": "y", "angle": 22.5 }, "faces": { "down": { "uv": [10, 10, 16, 16], "texture": "#plum", "rotation": 270 }, "up": { "uv": [0, 10, 6, 16], "texture": "#plum", "rotation": 90 }, "north": { "uv": [10, 10, 16, 16], "texture": "#plum" }, "south": { "uv": [10, 10, 16, 16], "texture": "#plum" }, "west": { "uv": [10, 10, 16, 16], "texture": "#plum" }, "east": { "uv": [10, 10, 16, 16], "texture": "#plum" } } }, { "__comment": "Box10", "from": [4.5, 1, 12], "to": [8, 4.5, 15.5], "rotation": { "origin": [8, 1, 12], "axis": "y", "angle": -45 }, "faces": { "down": { "uv": [10, 4, 16, 10], "texture": "#plum", "rotation": 270 }, "up": { "uv": [0, 4, 6, 10], "texture": "#plum", "rotation": 90 }, "north": { "uv": [10, 4, 16, 10], "texture": "#plum" }, "south": { "uv": [10, 4, 16, 10], "texture": "#plum" }, "west": { "uv": [10, 4, 16, 10], "texture": "#plum" }, "east": { "uv": [10, 4, 16, 10], "texture": "#plum" } } }, { "__comment": "Box10", "from": [4.75, 1.25, 12.25], "to": [7.75, 4.25, 15.25], "rotation": { "origin": [8, 1, 12], "axis": "y", "angle": -45 }, "faces": { "down": { "uv": [10, 10, 16, 16], "texture": "#plum", "rotation": 270 }, "up": { "uv": [0, 10, 6, 16], "texture": "#plum", "rotation": 90 }, "north": { "uv": [10, 10, 16, 16], "texture": "#plum" }, "south": { "uv": [10, 10, 16, 16], "texture": "#plum" }, "west": { "uv": [10, 10, 16, 16], "texture": "#plum" }, "east": { "uv": [10, 10, 16, 16], "texture": "#plum" } } }, { "__comment": "Box10", "from": [6.5, 4.5, 10], "to": [9.5, 7.5, 13], "rotation": { "origin": [6.5, 4.5, 10], "axis": "y", "angle": 0 }, "faces": { "down": { "uv": [10, 10, 16, 16], "texture": "#plum" }, "up": { "uv": [0, 10, 6, 16], "texture": "#plum" }, "north": { "uv": [10, 10, 16, 16], "texture": "#plum" }, "south": { "uv": [10, 10, 16, 16], "texture": "#plum" }, "west": { "uv": [10, 10, 16, 16], "texture": "#plum" }, "east": { "uv": [10, 10, 16, 16], "texture": "#plum" } } }, { "__comment": "Box10", "from": [6.25, 4.25, 9.75], "to": [9.75, 7.75, 13.25], "rotation": { "origin": [6.5, 4.5, 10], "axis": "y", "angle": 0 }, "faces": { "down": { "uv": [10, 4, 16, 10], "texture": "#plum" }, "up": { "uv": [0, 4, 6, 10], "texture": "#plum" }, "north": { "uv": [10, 4, 16, 10], "texture": "#plum" }, "south": { "uv": [10, 4, 16, 10], "texture": "#plum" }, "west": { "uv": [10, 4, 16, 10], "texture": "#plum" }, "east": { "uv": [10, 4, 16, 10], "texture": "#plum" } } }], "display": { "thirdperson_righthand": { "translation": [0, 3.9456, 0], "scale": [0.5, 0.5, 0.5] }, "thirdperson_lefthand": { "translation": [0, 3.9456, 0], "scale": [0.5, 0.5, 0.5] }, "gui": { "rotation": [29, -23, 0], "translation": [0, 1.8505, 0], "scale": [0.5, 0.5, 0.5] }, "head": { "translation": [0, -30, 0], "scale": [1.65, 1.65, 1.65] }, "ground": { "translation": [0, 2.8641, 0], "scale": [0.5, 0.5, 0.5] } } }