{ "credit": "Model by Elsweyr, forked by HypariaMC", "textures": { "particle": "hyparia:furniture/garlic_string", "texture": "hyparia:furniture/garlic_string" }, "elements": [{ "__comment": "Garlic", "from": [6.5, 0, 6.5], "to": [9.5, 2, 9.5], "faces": { "down": { "uv": [13, 5, 16, 8], "texture": "#texture" }, "up": { "uv": [13, 0, 16, 3], "texture": "#texture" }, "north": { "uv": [13, 3, 16, 5], "texture": "#texture" }, "south": { "uv": [13, 3, 16, 5], "texture": "#texture" }, "west": { "uv": [13, 3, 16, 5], "texture": "#texture" }, "east": { "uv": [13, 3, 16, 5], "texture": "#texture" } } }], "display": { "thirdperson_righthand": { "translation": [0, 7.576, 0] }, "thirdperson_lefthand": { "translation": [0, 7.576, 0] }, "firstperson_righthand": { "translation": [0, 8.0543, 0] }, "firstperson_lefthand": { "translation": [0, 8.0543, 0] }, "gui": { "rotation": [22, 131, 0], "translation": [0, 5.7282, 0] }, "head": { "translation": [0, -30, 0], "scale": [1.65, 1.65, 1.65] }, "ground": { "translation": [0, 4.3804, 0], "scale": [0.5, 0.5, 0.5] } } }