{ "credit": "Heliosard", "textures": { "0": "hyparia:furniture/lead_knot", "particle": "hyparia:furniture/lead_knot" }, "elements": [{ "name": "octagon", "from": [4.49858, 0.04688, 13.37191], "to": [11.126, 2.04688, 15.37191], "rotation": { "angle": 45, "axis": "y", "origin": [10.02216, 3.19488, 8.68618] }, "faces": { "north": { "uv": [0.5, 3, 2, 7], "rotation": 90, "texture": "#0" }, "east": { "uv": [0.5, 3, 2, 7], "texture": "#0" }, "south": { "uv": [0.5, 3, 2, 7], "rotation": 90, "texture": "#0" }, "west": { "uv": [0.5, 3, 2, 7], "texture": "#0" }, "up": { "uv": [0.5, 3, 2, 7], "rotation": 270, "texture": "#0" }, "down": { "uv": [0.5, 3, 2, 7], "rotation": 90, "texture": "#0" } } }, { "name": "octagon", "from": [4.21651, 0, 15.31947], "to": [10.84393, 2, 17.31947], "rotation": { "angle": 0, "axis": "y", "origin": [10.02216, 3.19488, 8.68618] }, "faces": { "north": { "uv": [0.5, 3, 2, 7], "rotation": 90, "texture": "#0" }, "east": { "uv": [0.5, 3, 2, 7], "texture": "#0" }, "south": { "uv": [0.5, 3, 2, 7], "rotation": 90, "texture": "#0" }, "west": { "uv": [0.5, 3, 2, 7], "texture": "#0" }, "up": { "uv": [0.5, 3, 2, 7], "rotation": 270, "texture": "#0" }, "down": { "uv": [0.5, 3, 2, 7], "rotation": 90, "texture": "#0" } } }, { "name": "octagon", "from": [4.49858, 0.04688, -0.62809], "to": [11.126, 2.04688, 1.37191], "rotation": { "angle": 45, "axis": "y", "origin": [10.02216, 3.19488, 8.68618] }, "faces": { "north": { "uv": [0.5, 3, 2, 7], "rotation": 90, "texture": "#0" }, "east": { "uv": [0.5, 3, 2, 7], "texture": "#0" }, "south": { "uv": [0.5, 3, 2, 7], "rotation": 270, "texture": "#0" }, "west": { "uv": [0.5, 3, 2, 7], "texture": "#0" }, "up": { "uv": [0.5, 3, 2, 7], "rotation": 270, "texture": "#0" }, "down": { "uv": [0.5, 3, 2, 7], "rotation": 270, "texture": "#0" } } }, { "name": "octagon", "from": [4.21651, 0, 1.31947], "to": [10.84393, 2, 3.31947], "rotation": { "angle": 0, "axis": "y", "origin": [10.02216, 3.19488, 8.68618] }, "faces": { "north": { "uv": [0.5, 3, 2, 7], "rotation": 90, "texture": "#0" }, "east": { "uv": [0.5, 3, 2, 7], "texture": "#0" }, "south": { "uv": [0.5, 3, 2, 7], "rotation": 270, "texture": "#0" }, "west": { "uv": [0.5, 3, 2, 7], "texture": "#0" }, "up": { "uv": [0.5, 3, 2, 7], "rotation": 270, "texture": "#0" }, "down": { "uv": [0.5, 3, 2, 7], "rotation": 270, "texture": "#0" } } }, { "name": "octagon", "from": [13.81229, 0.04688, 4.05821], "to": [15.81229, 2.04688, 10.68562], "rotation": { "angle": 45, "axis": "y", "origin": [10.02216, 3.19488, 8.68618] }, "faces": { "north": { "uv": [0.5, 3, 2, 7], "rotation": 90, "texture": "#0" }, "east": { "uv": [0.5, 3, 2, 7], "rotation": 90, "texture": "#0" }, "south": { "uv": [0.5, 3, 2, 7], "texture": "#0" }, "west": { "uv": [0.5, 3, 2, 7], "rotation": 270, "texture": "#0" }, "up": { "uv": [0.5, 3, 2, 7], "rotation": 180, "texture": "#0" }, "down": { "uv": [0.5, 3, 2, 7], "rotation": 180, "texture": "#0" } } }, { "name": "octagon", "from": [13.53022, 0, 6.00576], "to": [15.53022, 2, 12.63317], "rotation": { "angle": 0, "axis": "y", "origin": [10.02216, 3.19488, 8.68618] }, "faces": { "north": { "uv": [0.5, 3, 2, 7], "rotation": 90, "texture": "#0" }, "east": { "uv": [0.5, 3, 2, 7], "rotation": 90, "texture": "#0" }, "south": { "uv": [0.5, 3, 2, 7], "texture": "#0" }, "west": { "uv": [0.5, 3, 2, 7], "rotation": 270, "texture": "#0" }, "up": { "uv": [0.5, 3, 2, 7], "rotation": 180, "texture": "#0" }, "down": { "uv": [0.5, 3, 2, 7], "rotation": 180, "texture": "#0" } } }, { "name": "octagon", "from": [-0.18771, 0.04688, 4.05821], "to": [1.81229, 2.04688, 10.68562], "rotation": { "angle": 45, "axis": "y", "origin": [10.02216, 3.19488, 8.68618] }, "faces": { "north": { "uv": [0.5, 3, 2, 7], "rotation": 90, "texture": "#0" }, "east": { "uv": [0.5, 3, 2, 7], "rotation": 90, "texture": "#0" }, "south": { "uv": [0.5, 3, 2, 7], "texture": "#0" }, "west": { "uv": [0.5, 3, 2, 7], "rotation": 90, "texture": "#0" }, "up": { "uv": [0.5, 3, 2, 7], "rotation": 180, "texture": "#0" }, "down": { "uv": [0.5, 3, 2, 7], "texture": "#0" } } }, { "name": "octagon", "from": [-0.46978, 0, 6.00576], "to": [1.53022, 2, 12.63317], "rotation": { "angle": 0, "axis": "y", "origin": [10.02216, 3.19488, 8.68618] }, "faces": { "north": { "uv": [0.5, 3, 2, 7], "rotation": 90, "texture": "#0" }, "east": { "uv": [0.5, 3, 2, 7], "rotation": 90, "texture": "#0" }, "south": { "uv": [0.5, 3, 2, 7], "texture": "#0" }, "west": { "uv": [0.5, 3, 2, 7], "rotation": 90, "texture": "#0" }, "up": { "uv": [0.5, 3, 2, 7], "rotation": 180, "texture": "#0" }, "down": { "uv": [0.5, 3, 2, 7], "rotation": 180, "texture": "#0" } } }, { "name": "octagon", "from": [5.9128, 2.04688, 13.37191], "to": [12.54021, 4.04688, 15.37191], "rotation": { "angle": 45, "axis": "y", "origin": [10.02216, 3.19488, 8.68618] }, "faces": { "north": { "uv": [3.5, 3, 5.128, 7], "rotation": 90, "texture": "#0" }, "east": { "uv": [3.5, 3, 5.128, 7], "texture": "#0" }, "south": { "uv": [3.5, 3, 5.128, 7], "rotation": 270, "texture": "#0" }, "west": { "uv": [3.5, 3, 5.128, 7], "texture": "#0" }, "up": { "uv": [3.5, 3, 5.128, 7], "rotation": 270, "texture": "#0" }, "down": { "uv": [3.5, 3, 5.128, 7], "rotation": 270, "texture": "#0" } } }, { "name": "octagon", "from": [5.21651, 2, 14.31947], "to": [11.84393, 4, 16.31947], "rotation": { "angle": 0, "axis": "y", "origin": [10.02216, 3.19488, 8.68618] }, "faces": { "north": { "uv": [3.5, 3, 5.128, 7], "rotation": 90, "texture": "#0" }, "east": { "uv": [3.5, 3, 5.128, 7], "texture": "#0" }, "south": { "uv": [3.5, 3, 5.128, 7], "rotation": 270, "texture": "#0" }, "west": { "uv": [3.5, 3, 5.128, 7], "rotation": 270, "texture": "#0" }, "up": { "uv": [3.5, 3, 5.128, 7], "rotation": 270, "texture": "#0" }, "down": { "uv": [3.5, 3, 5.128, 7], "rotation": 180, "texture": "#0" } } }, { "name": "octagon", "from": [5.9128, 2.04688, -0.62809], "to": [12.54021, 4.04688, 1.37191], "rotation": { "angle": 45, "axis": "y", "origin": [10.02216, 3.19488, 8.68618] }, "faces": { "north": { "uv": [3.5, 3, 5.128, 7], "rotation": 270, "texture": "#0" }, "east": { "uv": [3.5, 3, 5.128, 7], "texture": "#0" }, "south": { "uv": [3.5, 3, 5.128, 7], "rotation": 90, "texture": "#0" }, "west": { "uv": [3.5, 3, 5.128, 7], "texture": "#0" }, "up": { "uv": [3.5, 3, 5.128, 7], "rotation": 90, "texture": "#0" }, "down": { "uv": [3.5, 3, 5.128, 7], "rotation": 90, "texture": "#0" } } }, { "name": "octagon", "from": [5.21651, 2, 0.31947], "to": [11.84393, 4, 2.31947], "rotation": { "angle": 0, "axis": "y", "origin": [10.02216, 3.19488, 8.68618] }, "faces": { "north": { "uv": [3.5, 3, 5.128, 7], "rotation": 270, "texture": "#0" }, "east": { "uv": [3.5, 3, 5.128, 7], "texture": "#0" }, "south": { "uv": [3.5, 3, 5.128, 7], "rotation": 90, "texture": "#0" }, "west": { "uv": [3.5, 3, 5.128, 7], "texture": "#0" }, "up": { "uv": [3.5, 3, 5.128, 7], "rotation": 90, "texture": "#0" }, "down": { "uv": [3.5, 3, 5.128, 7], "rotation": 90, "texture": "#0" } } }, { "name": "octagon", "from": [15.2265, 2.04688, 4.05821], "to": [17.2265, 4.04688, 10.68562], "rotation": { "angle": 45, "axis": "y", "origin": [10.02216, 3.19488, 8.68618] }, "faces": { "north": { "uv": [3.5, 3, 5.128, 7], "texture": "#0" }, "east": { "uv": [3.5, 3, 5.128, 7], "rotation": 270, "texture": "#0" }, "south": { "uv": [3.5, 3, 5.128, 7], "texture": "#0" }, "west": { "uv": [3.5, 3, 5.128, 7], "rotation": 90, "texture": "#0" }, "up": { "uv": [3.5, 3, 5.128, 7], "rotation": 180, "texture": "#0" }, "down": { "uv": [3.5, 3, 5.128, 7], "rotation": 180, "texture": "#0" } } }, { "name": "octagon", "from": [14.53022, 2, 5.00576], "to": [16.53022, 4, 11.63317], "rotation": { "angle": 0, "axis": "y", "origin": [10.02216, 3.19488, 8.68618] }, "faces": { "north": { "uv": [3.5, 3, 5.128, 7], "texture": "#0" }, "east": { "uv": [3.5, 3, 5.128, 7], "rotation": 270, "texture": "#0" }, "south": { "uv": [3.5, 3, 5.128, 7], "texture": "#0" }, "west": { "uv": [3.5, 3, 5.128, 7], "rotation": 90, "texture": "#0" }, "up": { "uv": [3.5, 3, 5.128, 7], "rotation": 180, "texture": "#0" }, "down": { "uv": [3.5, 3, 5.128, 7], "rotation": 180, "texture": "#0" } } }, { "name": "octagon", "from": [1.2265, 2.04688, 4.05821], "to": [3.2265, 4.04688, 10.68562], "rotation": { "angle": 45, "axis": "y", "origin": [10.02216, 3.19488, 8.68618] }, "faces": { "north": { "uv": [3.5, 3, 5.128, 7], "texture": "#0" }, "east": { "uv": [3.5, 3, 5.128, 7], "rotation": 270, "texture": "#0" }, "south": { "uv": [3.5, 3, 5.128, 7], "texture": "#0" }, "west": { "uv": [3.5, 3, 5.128, 7], "rotation": 270, "texture": "#0" }, "up": { "uv": [3.5, 3, 5.128, 7], "rotation": 180, "texture": "#0" }, "down": { "uv": [3.5, 3, 5.128, 7], "rotation": 180, "texture": "#0" } } }, { "name": "octagon", "from": [0.53022, 2, 5.00576], "to": [2.53022, 4, 11.63317], "rotation": { "angle": 0, "axis": "y", "origin": [10.02216, 3.19488, 8.68618] }, "faces": { "north": { "uv": [3.5, 3, 5.128, 7], "texture": "#0" }, "east": { "uv": [3.5, 3, 5.128, 7], "rotation": 270, "texture": "#0" }, "south": { "uv": [3.5, 3, 5.128, 7], "texture": "#0" }, "west": { "uv": [3.5, 3, 5.128, 7], "rotation": 270, "texture": "#0" }, "up": { "uv": [3.5, 3, 5.128, 7], "rotation": 180, "texture": "#0" }, "down": { "uv": [3.5, 3, 5.128, 7], "rotation": 180, "texture": "#0" } } }, { "name": "octagon", "from": [5.20569, 4.04688, 12.66481], "to": [11.83311, 6.04688, 14.66481], "rotation": { "angle": 45, "axis": "y", "origin": [10.02216, 3.19488, 8.68618] }, "faces": { "north": { "uv": [3.5, 3, 5.128, 7], "rotation": 90, "texture": "#0" }, "east": { "uv": [3.5, 3, 5.128, 7], "texture": "#0" }, "south": { "uv": [3.5, 3, 5.128, 7], "rotation": 270, "texture": "#0" }, "west": { "uv": [3.5, 3, 5.128, 7], "texture": "#0" }, "up": { "uv": [3.5, 3, 5.128, 7], "rotation": 270, "texture": "#0" }, "down": { "uv": [3.5, 3, 5.128, 7], "rotation": 180, "texture": "#0" } } }, { "name": "octagon", "from": [4.21651, 4, 14.31947], "to": [10.84393, 6, 16.31947], "rotation": { "angle": 0, "axis": "y", "origin": [10.02216, 3.19488, 8.68618] }, "faces": { "north": { "uv": [3.5, 3, 5.128, 7], "rotation": 90, "texture": "#0" }, "east": { "uv": [3.5, 3, 5.128, 7], "texture": "#0" }, "south": { "uv": [3.5, 3, 5.128, 7], "rotation": 270, "texture": "#0" }, "west": { "uv": [3.5, 3, 5.128, 7], "texture": "#0" }, "up": { "uv": [3.5, 3, 5.128, 7], "rotation": 270, "texture": "#0" }, "down": { "uv": [3.5, 3, 5.128, 7], "rotation": 180, "texture": "#0" } } }, { "name": "octagon", "from": [5.20569, 4.04688, -1.33519], "to": [11.83311, 6.04688, 0.66481], "rotation": { "angle": 45, "axis": "y", "origin": [10.02216, 3.19488, 8.68618] }, "faces": { "north": { "uv": [3.5, 3, 5.128, 7], "rotation": 270, "texture": "#0" }, "east": { "uv": [3.5, 3, 5.128, 7], "texture": "#0" }, "south": { "uv": [3.5, 3, 5.128, 7], "rotation": 270, "texture": "#0" }, "west": { "uv": [3.5, 3, 5.128, 7], "texture": "#0" }, "up": { "uv": [3.5, 3, 5.128, 7], "rotation": 270, "texture": "#0" }, "down": { "uv": [3.5, 3, 5.128, 7], "rotation": 180, "texture": "#0" } } }, { "name": "octagon", "from": [4.21651, 4, 0.31947], "to": [10.84393, 6, 2.31947], "rotation": { "angle": 0, "axis": "y", "origin": [10.02216, 3.19488, 8.68618] }, "faces": { "north": { "uv": [3.5, 3, 5.128, 7], "rotation": 270, "texture": "#0" }, "east": { "uv": [3.5, 3, 5.128, 7], "texture": "#0" }, "south": { "uv": [3.5, 3, 5.128, 7], "rotation": 270, "texture": "#0" }, "west": { "uv": [3.5, 3, 5.128, 7], "texture": "#0" }, "up": { "uv": [3.5, 3, 5.128, 7], "rotation": 270, "texture": "#0" }, "down": { "uv": [3.5, 3, 5.128, 7], "rotation": 180, "texture": "#0" } } }, { "name": "octagon", "from": [14.5194, 4.04688, 3.3511], "to": [16.5194, 6.04688, 9.97852], "rotation": { "angle": 45, "axis": "y", "origin": [10.02216, 3.19488, 8.68618] }, "faces": { "north": { "uv": [3.5, 3, 5.128, 7], "texture": "#0" }, "east": { "uv": [3.5, 3, 5.128, 7], "rotation": 270, "texture": "#0" }, "south": { "uv": [3.5, 3, 5.128, 7], "texture": "#0" }, "west": { "uv": [3.5, 3, 5.128, 7], "rotation": 90, "texture": "#0" }, "up": { "uv": [3.5, 3, 5.128, 7], "rotation": 180, "texture": "#0" }, "down": { "uv": [3.5, 3, 5.128, 7], "rotation": 180, "texture": "#0" } } }, { "name": "octagon", "from": [13.53022, 4, 5.00576], "to": [15.53022, 6, 11.63317], "rotation": { "angle": 0, "axis": "y", "origin": [10.02216, 3.19488, 8.68618] }, "faces": { "north": { "uv": [3.5, 3, 5.128, 7], "texture": "#0" }, "east": { "uv": [3.5, 3, 5.128, 7], "rotation": 270, "texture": "#0" }, "south": { "uv": [3.5, 3, 5.128, 7], "texture": "#0" }, "west": { "uv": [3.5, 3, 5.128, 7], "rotation": 90, "texture": "#0" }, "up": { "uv": [3.5, 3, 5.128, 7], "rotation": 180, "texture": "#0" }, "down": { "uv": [3.5, 3, 5.128, 7], "rotation": 180, "texture": "#0" } } }, { "name": "octagon", "from": [16.53022, 2, 8.31947], "to": [18.53022, 6.62742, 10.31947], "rotation": { "angle": 0, "axis": "z", "origin": [10.02216, 3.19488, 8.68618] }, "faces": { "north": { "uv": [3.5, 3, 5.128, 5.5], "texture": "#0" }, "east": { "uv": [3.5, 3, 5.128, 5.5], "texture": "#0" }, "south": { "uv": [3.5, 3, 5.128, 5.5], "texture": "#0" }, "west": { "uv": [3.5, 3, 5.128, 5.5], "texture": "#0" }, "up": { "uv": [3.5, 3, 5.128, 5.5], "rotation": 180, "texture": "#0" }, "down": { "uv": [3.5, 3, 5.128, 5.5], "rotation": 180, "texture": "#0" } } }, { "name": "octagon", "from": [11.18018, 2.00271, 8.32095], "to": [13.18018, 6.63012, 10.32095], "rotation": { "angle": 0, "axis": "z", "origin": [10.02216, 3.19488, 8.68618] }, "faces": { "north": { "uv": [3.5, 3, 5.128, 5.5], "texture": "#0" }, "east": { "uv": [3.5, 3, 5.128, 5.5], "texture": "#0" }, "south": { "uv": [3.5, 3, 5.128, 5.5], "texture": "#0" }, "west": { "uv": [3.5, 3, 5.128, 5.5], "texture": "#0" }, "up": { "uv": [3.5, 3, 5.128, 5.5], "rotation": 180, "texture": "#0" }, "down": { "uv": [3.5, 3, 5.128, 5.5], "rotation": 180, "texture": "#0" } } }, { "name": "octagon", "from": [16.46209, -0.39167, 8.35409], "to": [18.46209, 2.23574, 10.30722], "rotation": { "angle": 45, "axis": "z", "origin": [10.02216, 3.19488, 8.68618] }, "faces": { "north": { "uv": [3.5, 3.5, 5.128, 5], "texture": "#0" }, "east": { "uv": [3.5, 3.5, 5.128, 5], "texture": "#0" }, "south": { "uv": [3.5, 3.5, 5.128, 5], "texture": "#0" }, "west": { "uv": [3.5, 3.5, 5.128, 5], "texture": "#0" }, "up": { "uv": [3.5, 3.5, 5.128, 5], "rotation": 180, "texture": "#0" }, "down": { "uv": [3.5, 3.5, 5.128, 5], "rotation": 180, "texture": "#0" } } }, { "name": "octagon", "from": [8.41526, 6.4452, 8.35558], "to": [10.41526, 9.07261, 10.3087], "rotation": { "angle": -45, "axis": "z", "origin": [10.02216, 3.19488, 8.68618] }, "faces": { "north": { "uv": [3.5, 3.5, 5.128, 5], "texture": "#0" }, "east": { "uv": [3.5, 3.5, 5.128, 5], "texture": "#0" }, "south": { "uv": [3.5, 3.5, 5.128, 5], "texture": "#0" }, "west": { "uv": [3.5, 3.5, 5.128, 5], "texture": "#0" }, "up": { "uv": [3.5, 3.5, 5.128, 5], "rotation": 180, "texture": "#0" }, "down": { "uv": [3.5, 3.5, 5.128, 5], "rotation": 180, "texture": "#0" } } }, { "name": "octagon", "from": [13.042, 6.48726, 8.32438], "to": [16.66942, 8.48726, 10.32438], "rotation": { "angle": 0, "axis": "z", "origin": [10.02216, 3.19488, 8.68618] }, "faces": { "north": { "uv": [3.5, 3, 5.128, 5.5], "rotation": 90, "texture": "#0" }, "east": { "uv": [3.5, 3, 5.128, 5.5], "rotation": 90, "texture": "#0" }, "south": { "uv": [3.5, 3, 5.128, 5.5], "rotation": 90, "texture": "#0" }, "west": { "uv": [3.5, 3, 5.128, 5.5], "rotation": 90, "texture": "#0" }, "up": { "uv": [3.5, 3, 5.128, 5.5], "rotation": 270, "texture": "#0" }, "down": { "uv": [3.5, 3, 5.128, 5.5], "rotation": 270, "texture": "#0" } } }, { "name": "octagon", "from": [16.53023, 0.0027, 4.32216], "to": [18.53023, 2.0027, 8.32216], "rotation": { "angle": 0, "axis": "x", "origin": [10.02216, 3.19488, 8.68618] }, "faces": { "north": { "uv": [3.5, 3, 5.128, 5.5], "rotation": 90, "texture": "#0" }, "east": { "uv": [3.5, 3, 5.128, 5.5], "rotation": 90, "texture": "#0" }, "south": { "uv": [3.5, 3, 5.128, 5.5], "rotation": 90, "texture": "#0" }, "west": { "uv": [3.5, 3, 5.128, 5.5], "rotation": 90, "texture": "#0" }, "up": { "uv": [3.5, 3, 5.128, 5.5], "rotation": 180, "texture": "#0" }, "down": { "uv": [3.5, 3, 5.128, 5.5], "rotation": 180, "texture": "#0" } } }, { "name": "octagon", "from": [11.18548, 0.00552, 10.31846], "to": [13.18548, 2.00552, 14.31846], "rotation": { "angle": 0, "axis": "x", "origin": [10.02216, 3.19488, 8.68618] }, "faces": { "north": { "uv": [3.5, 3, 5.128, 5.5], "rotation": 90, "texture": "#0" }, "east": { "uv": [3.5, 3, 5.128, 5.5], "rotation": 90, "texture": "#0" }, "south": { "uv": [3.5, 3, 5.128, 5.5], "rotation": 90, "texture": "#0" }, "west": { "uv": [3.5, 3, 5.128, 5.5], "rotation": 90, "texture": "#0" }, "up": { "uv": [3.5, 3, 5.128, 5.5], "rotation": 180, "texture": "#0" }, "down": { "uv": [3.5, 3, 5.128, 5.5], "rotation": 180, "texture": "#0" } } }, { "name": "octagon", "from": [11.54296, 0.0211, -3.00351], "to": [13.54296, 1.98985, 0.99649], "rotation": { "angle": -45, "axis": "y", "origin": [10.02216, 3.19488, 8.68618] }, "faces": { "north": { "uv": [3, 0, 5.628, 3], "rotation": 90, "texture": "#0" }, "east": { "uv": [3.5, 3, 5.128, 5.5], "rotation": 90, "texture": "#0" }, "south": { "uv": [3.5, 3, 5.128, 5.5], "rotation": 90, "texture": "#0" }, "west": { "uv": [3.5, 3, 5.128, 5.5], "rotation": 90, "texture": "#0" }, "up": { "uv": [3.5, 3, 5.128, 5.5], "rotation": 180, "texture": "#0" }, "down": { "uv": [3.5, 3, 5.128, 5.5], "rotation": 180, "texture": "#0" } } }, { "name": "octagon", "from": [16.54047, 1.19507, 6.17157], "to": [18.5146, 3.19315, 8.99618], "rotation": { "angle": -45, "axis": "x", "origin": [10.02216, 3.19488, 8.68618] }, "faces": { "north": { "uv": [3.5, 3.5, 5.128, 5], "rotation": 90, "texture": "#0" }, "east": { "uv": [3.5, 3.5, 5.128, 5], "rotation": 90, "texture": "#0" }, "south": { "uv": [3.5, 3.5, 5.128, 5], "rotation": 90, "texture": "#0" }, "west": { "uv": [3.5, 3.5, 5.128, 5], "rotation": 90, "texture": "#0" }, "up": { "uv": [3.5, 3.5, 5.128, 5], "rotation": 180, "texture": "#0" }, "down": { "uv": [3.5, 3.5, 5.128, 5], "rotation": 180, "texture": "#0" } } }, { "name": "octagon", "from": [11.19572, 2.09386, 9.27098], "to": [13.15423, 4.09194, 12.09559], "rotation": { "angle": 45, "axis": "x", "origin": [10.02216, 3.19488, 8.68618] }, "faces": { "north": { "uv": [3.5, 4, 5.128, 5.5], "rotation": 90, "texture": "#0" }, "east": { "uv": [3.5, 4, 5.128, 5.5], "rotation": 90, "texture": "#0" }, "south": { "uv": [3.5, 4, 5.128, 5.5], "rotation": 90, "texture": "#0" }, "west": { "uv": [3.5, 4, 5.128, 5.5], "rotation": 90, "texture": "#0" }, "up": { "uv": [3.5, 4, 5.128, 5.5], "rotation": 180, "texture": "#0" }, "down": { "uv": [3.5, 4, 5.128, 5.5], "rotation": 180, "texture": "#0" } } }, { "name": "octagon", "from": [0.5194, 4.04688, 3.3511], "to": [2.5194, 6.04688, 9.97852], "rotation": { "angle": 45, "axis": "y", "origin": [10.02216, 3.19488, 8.68618] }, "faces": { "north": { "uv": [3.5, 3, 5.128, 7], "texture": "#0" }, "east": { "uv": [3.5, 3, 5.128, 7], "rotation": 270, "texture": "#0" }, "south": { "uv": [3.5, 3, 5.128, 7], "texture": "#0" }, "west": { "uv": [3.5, 3, 5.128, 7], "rotation": 270, "texture": "#0" }, "up": { "uv": [3.5, 3, 5.128, 7], "rotation": 180, "texture": "#0" }, "down": { "uv": [3.5, 3, 5.128, 7], "rotation": 180, "texture": "#0" } } }, { "name": "octagon", "from": [-0.46978, 4, 5.00576], "to": [1.53022, 6, 11.63317], "rotation": { "angle": 0, "axis": "y", "origin": [10.02216, 3.19488, 8.68618] }, "faces": { "north": { "uv": [3.5, 3, 5.128, 7], "texture": "#0" }, "east": { "uv": [3.5, 3, 5.128, 7], "rotation": 270, "texture": "#0" }, "south": { "uv": [3.5, 3, 5.128, 7], "texture": "#0" }, "west": { "uv": [3.5, 3, 5.128, 7], "rotation": 270, "texture": "#0" }, "up": { "uv": [3.5, 3, 5.128, 7], "rotation": 180, "texture": "#0" }, "down": { "uv": [3.5, 3, 5.128, 7], "rotation": 180, "texture": "#0" } } }], "display": { "thirdperson_righthand": { "rotation": [75, 45, 0], "translation": [0, 2.5, 0], "scale": [0.375, 0.375, 0.375] }, "thirdperson_lefthand": { "rotation": [75, 45, 0], "translation": [0, 2.5, 0], "scale": [0.375, 0.375, 0.375] }, "firstperson_righthand": { "rotation": [0, 122.75, 0], "translation": [0, 3, 0], "scale": [0.4, 0.4, 0.4] }, "firstperson_lefthand": { "rotation": [0, 314.25, 0], "translation": [0, 3, 0], "scale": [0.4, 0.4, 0.4] }, "ground": { "translation": [0, 4, 0], "scale": [0.5, 0.5, 0.5] }, "gui": { "rotation": [30, 225, 0], "translation": [0, 3.5, 0], "scale": [0.6, 0.6, 0.6] }, "head": { "translation": [0, -35.2, 0], "scale": [1, 1, 1] }, "fixed": { "rotation": [-90, 0, 0], "translation": [0, 0, -15], "scale": [2, 2, 2] } }, "groups": [{ "name": "octagon", "origin": [8, 8, 8], "children": [0, 1, 2, 3, 4, 5, 6, 7] }, { "name": "octagon", "origin": [8, 8, 8], "children": [8, 9, 10, 11, 12, 13, 14, 15] }, { "name": "octagon", "origin": [8, 8, 8], "children": [16, 17, 18, 19, 20, 21, 22, 23, 24, 25, 26, 27, 28, 29, 30, 31, 32, 33] }] }