{ "credit": "Model by Heliosard", "textures": { "particle": "hyparia:furniture/scale", "texture": "hyparia:furniture/scale" }, "elements": [{ "name": "Base", "from": [4.99989, -0.00006, 4.99922], "to": [10.99989, 0.99994, 10.99922], "faces": { "north": { "uv": [10, 15, 16, 16], "texture": "#texture" }, "east": { "uv": [10, 15, 16, 16], "texture": "#texture" }, "south": { "uv": [10, 15, 16, 16], "texture": "#texture" }, "west": { "uv": [10, 15, 16, 16], "texture": "#texture" }, "up": { "uv": [10, 9, 16, 15], "texture": "#texture" }, "down": { "uv": [10, 9, 16, 15], "texture": "#texture" } } }, { "name": "Shaft", "from": [7.50068, 1.00013, 7.50097], "to": [8.50068, 11.00013, 8.50097], "faces": { "north": { "uv": [0, 6, 1, 16], "texture": "#texture" }, "east": { "uv": [0, 6, 1, 16], "texture": "#texture" }, "south": { "uv": [0, 6, 1, 16], "texture": "#texture" }, "west": { "uv": [0, 6, 1, 16], "texture": "#texture" }, "up": { "uv": [0, 6, 1, 7], "texture": "#texture" }, "down": { "uv": [0, 15, 1, 16], "texture": "#texture" } } }, { "name": "Balance", "from": [7.25053, 10.24981, 7.49904], "to": [9.25053, 12.24981, 8.49904], "rotation": { "angle": 22.5, "axis": "z", "origin": [7.25, 10.25, 7.5] }, "faces": { "north": { "uv": [8, 14, 10, 16], "texture": "#texture" }, "east": { "uv": [7, 14, 8, 16], "texture": "#texture" }, "south": { "uv": [8, 14, 10, 16], "texture": "#texture" }, "west": { "uv": [7, 14, 8, 16], "texture": "#texture" }, "up": { "uv": [8, 13, 10, 14], "texture": "#texture" }, "down": { "uv": [8, 13, 10, 14], "texture": "#texture" } } }, { "name": "Arms", "from": [0.24953, 8.75075, 8.00051], "to": [16.24953, 11.75075, 8.00151], "rotation": { "angle": 22.5, "axis": "z", "origin": [7.25, 10.25, 7.5] }, "faces": { "north": { "uv": [16, 0, 0, 3], "texture": "#texture" }, "south": { "uv": [0, 0, 16, 3], "texture": "#texture" } } }, { "name": "Plate 1", "from": [-0.49984, 2.74973, 6.00059], "to": [3.50016, 3.74973, 10.00059], "faces": { "north": { "uv": [1, 15, 5, 16], "texture": "#texture" }, "east": { "uv": [1, 15, 5, 16], "texture": "#texture" }, "south": { "uv": [1, 15, 5, 16], "texture": "#texture" }, "west": { "uv": [1, 15, 5, 16], "texture": "#texture" }, "up": { "uv": [1, 7, 5, 11], "texture": "#texture" }, "down": { "uv": [1, 11, 5, 15], "texture": "#texture" } } }, { "name": "Plate 2", "from": [-0.49984, 2.74973, 6.00059], "to": [3.50016, 2.74973, 10.00059], "faces": { "north": { "uv": [1, 15, 5, 16], "texture": "#texture" }, "east": { "uv": [1, 15, 5, 16], "texture": "#texture" }, "south": { "uv": [1, 15, 5, 16], "texture": "#texture" }, "west": { "uv": [1, 15, 5, 16], "texture": "#texture" }, "up": { "uv": [1, 11, 5, 15], "texture": "#texture" }, "down": { "uv": [1, 11, 5, 15], "texture": "#texture" } } }, { "name": "Plate 2", "from": [-0.49984, 2.74973, 6.00059], "to": [-0.49984, 3.74973, 10.00059], "faces": { "north": { "uv": [1, 15, 5, 16], "texture": "#texture" }, "east": { "uv": [1, 15, 5, 16], "texture": "#texture" }, "south": { "uv": [1, 15, 5, 16], "texture": "#texture" }, "west": { "uv": [1, 15, 5, 16], "texture": "#texture" }, "up": { "uv": [1, 7, 5, 11], "texture": "#texture" }, "down": { "uv": [1, 11, 5, 15], "texture": "#texture" } } }, { "name": "Plate 3", "from": [-0.49984, 2.74973, 10.00059], "to": [3.50016, 3.74973, 10.00059], "rotation": { "angle": 0, "axis": "y", "origin": [-0.49984, 3.24973, 8.00059] }, "faces": { "north": { "uv": [1, 15, 5, 16], "texture": "#texture" }, "east": { "uv": [1, 15, 5, 16], "texture": "#texture" }, "south": { "uv": [1, 15, 5, 16], "texture": "#texture" }, "west": { "uv": [1, 15, 5, 16], "texture": "#texture" }, "up": { "uv": [1, 7, 5, 11], "rotation": 90, "texture": "#texture" }, "down": { "uv": [1, 11, 5, 15], "rotation": 270, "texture": "#texture" } } }, { "name": "Plate 4", "from": [-0.49984, 2.74973, 6.00059], "to": [3.50016, 3.74973, 6.00059], "rotation": { "angle": 0, "axis": "y", "origin": [-0.49984, 3.24973, 8.00059] }, "faces": { "north": { "uv": [1, 15, 5, 16], "texture": "#texture" }, "east": { "uv": [1, 15, 5, 16], "texture": "#texture" }, "south": { "uv": [1, 15, 5, 16], "texture": "#texture" }, "west": { "uv": [1, 15, 5, 16], "texture": "#texture" }, "up": { "uv": [1, 7, 5, 11], "rotation": 90, "texture": "#texture" }, "down": { "uv": [1, 11, 5, 15], "rotation": 270, "texture": "#texture" } } }, { "name": "Plate 3", "from": [3.50016, 2.74973, 6.00059], "to": [3.50016, 3.74973, 10.00059], "faces": { "north": { "uv": [1, 15, 5, 16], "texture": "#texture" }, "east": { "uv": [1, 15, 5, 16], "texture": "#texture" }, "south": { "uv": [1, 15, 5, 16], "texture": "#texture" }, "west": { "uv": [1, 15, 5, 16], "texture": "#texture" }, "up": { "uv": [1, 7, 5, 11], "texture": "#texture" }, "down": { "uv": [1, 11, 5, 15], "texture": "#texture" } } }, { "name": "Chain 1", "from": [0.99964, 2.74942, 5.99999], "to": [1.99964, 7.74942, 6.00099], "rotation": { "angle": 22.5, "axis": "x", "origin": [1, 2.75, 6] }, "faces": { "north": { "uv": [7, 6, 5, 16], "texture": "#texture" }, "south": { "uv": [5, 6, 7, 16], "texture": "#texture" } } }, { "name": "Chain 1", "from": [0.99988, 2.75083, 10.0008], "to": [1.99989, 7.75083, 10.0018], "rotation": { "angle": -22.5, "axis": "x", "origin": [1, 2.75, 10] }, "faces": { "north": { "uv": [7, 6, 5, 16], "texture": "#texture" }, "south": { "uv": [5, 6, 7, 16], "texture": "#texture" } } }, { "name": "Chain 1", "from": [14.50006, 8.24981, 5.99938], "to": [15.50006, 13.24981, 6.00038], "rotation": { "angle": 22.5, "axis": "x", "origin": [14.5, 8.25, 6] }, "faces": { "north": { "uv": [7, 6, 5, 16], "texture": "#texture" }, "south": { "uv": [5, 6, 7, 16], "texture": "#texture" } } }, { "name": "Chain 1", "from": [14.50081, 8.24982, 10.00053], "to": [15.50081, 13.24982, 10.00153], "rotation": { "angle": -22.5, "axis": "x", "origin": [14.5, 8.25, 10] }, "faces": { "north": { "uv": [7, 6, 5, 16], "texture": "#texture" }, "south": { "uv": [5, 6, 7, 16], "texture": "#texture" } } }, { "name": "Plate 4", "from": [17.00016, 8.24973, 6.00059], "to": [17.00016, 9.24973, 10.00059], "faces": { "north": { "uv": [1, 15, 5, 16], "texture": "#texture" }, "east": { "uv": [1, 15, 5, 16], "texture": "#texture" }, "south": { "uv": [1, 15, 5, 16], "texture": "#texture" }, "west": { "uv": [1, 15, 5, 16], "texture": "#texture" }, "up": { "uv": [1, 7, 5, 11], "texture": "#texture" }, "down": { "uv": [1, 11, 5, 15], "texture": "#texture" } } }, { "name": "Plate 5", "from": [13.00016, 8.24973, 6.00059], "to": [17.00016, 9.24973, 6.00059], "rotation": { "angle": 0, "axis": "y", "origin": [-0.49984, 3.24973, 8.00059] }, "faces": { "north": { "uv": [1, 15, 5, 16], "texture": "#texture" }, "east": { "uv": [1, 15, 5, 16], "texture": "#texture" }, "south": { "uv": [1, 15, 5, 16], "texture": "#texture" }, "west": { "uv": [1, 15, 5, 16], "texture": "#texture" }, "up": { "uv": [1, 7, 5, 11], "rotation": 90, "texture": "#texture" }, "down": { "uv": [1, 11, 5, 15], "rotation": 270, "texture": "#texture" } } }, { "name": "Plate 4", "from": [13.00016, 8.24973, 10.00059], "to": [17.00016, 9.24973, 10.00059], "rotation": { "angle": 0, "axis": "y", "origin": [-0.49984, 3.24973, 8.00059] }, "faces": { "north": { "uv": [1, 15, 5, 16], "texture": "#texture" }, "east": { "uv": [1, 15, 5, 16], "texture": "#texture" }, "south": { "uv": [1, 15, 5, 16], "texture": "#texture" }, "west": { "uv": [1, 15, 5, 16], "texture": "#texture" }, "up": { "uv": [1, 7, 5, 11], "rotation": 90, "texture": "#texture" }, "down": { "uv": [1, 11, 5, 15], "rotation": 270, "texture": "#texture" } } }, { "name": "Plate 3", "from": [13.00016, 8.24973, 6.00059], "to": [13.00016, 9.24973, 10.00059], "faces": { "north": { "uv": [1, 15, 5, 16], "texture": "#texture" }, "east": { "uv": [1, 15, 5, 16], "texture": "#texture" }, "south": { "uv": [1, 15, 5, 16], "texture": "#texture" }, "west": { "uv": [1, 15, 5, 16], "texture": "#texture" }, "up": { "uv": [1, 7, 5, 11], "texture": "#texture" }, "down": { "uv": [1, 11, 5, 15], "texture": "#texture" } } }, { "name": "Plate 3", "from": [13.00016, 8.24973, 6.00059], "to": [17.00016, 8.24973, 10.00059], "faces": { "north": { "uv": [1, 15, 5, 16], "texture": "#texture" }, "east": { "uv": [1, 15, 5, 16], "texture": "#texture" }, "south": { "uv": [1, 15, 5, 16], "texture": "#texture" }, "west": { "uv": [1, 15, 5, 16], "texture": "#texture" }, "up": { "uv": [1, 11, 5, 15], "texture": "#texture" }, "down": { "uv": [1, 11, 5, 15], "texture": "#texture" } } }, { "name": "Plate 2", "from": [13.00016, 8.24973, 6.00059], "to": [17.00016, 9.24973, 10.00059], "faces": { "north": { "uv": [1, 15, 5, 16], "texture": "#texture" }, "east": { "uv": [1, 15, 5, 16], "texture": "#texture" }, "south": { "uv": [1, 15, 5, 16], "texture": "#texture" }, "west": { "uv": [1, 15, 5, 16], "texture": "#texture" }, "up": { "uv": [1, 7, 5, 11], "texture": "#texture" }, "down": { "uv": [1, 11, 5, 15], "texture": "#texture" } } }], "display": { "gui": { "rotation": [16, 33, 0], "translation": [0, 0.75, 0], "scale": [0.75, 0.75, 0.75] }, "head": { "translation": [0, -30.15, 0], "scale": [1.5, 1.5, 1.5] } }, "groups": [0, 1, 2, 3, 4, 5, 6, 7, 8, 9, 10, 11, 12, 13, { "name": "group", "origin": [0, 0, 0], "children": [14, 15, 16, 17, 18, 19] }] }