{ "credit": "Model by Elsweyr, forked by HypariaMC", "textures": { "particle": "hyparia:furniture/station", "texture": "hyparia:furniture/station", "calipers": "hyparia:furniture/gem_calipers", "jewelrybox": "hyparia:furniture/jewelry_box", "book": "hyparia:furniture/book_open" }, "elements": [{ "name": "Box1", "from": [-1, 16, 2], "to": [3, 18, 6], "faces": { "north": { "uv": [0, 8, 4, 10], "texture": "#jewelrybox" }, "east": { "uv": [4, 8, 8, 10], "texture": "#jewelrybox" }, "south": { "uv": [4, 8, 8, 10], "texture": "#jewelrybox" }, "west": { "uv": [4, 8, 8, 10], "texture": "#jewelrybox" }, "up": { "uv": [0, 4, 4, 8], "texture": "#jewelrybox" }, "down": { "uv": [4, 4, 8, 8], "texture": "#jewelrybox" } } }, { "name": "Box2", "from": [-0.9996, 20.1557, -0.5637], "to": [3.0004, 22.1557, 3.4363], "rotation": { "angle": 45, "axis": "x", "origin": [-1, 16, 2] }, "faces": { "north": { "uv": [0, 14, 4, 16], "texture": "#jewelrybox" }, "east": { "uv": [4, 14, 8, 16], "texture": "#jewelrybox" }, "south": { "uv": [4, 14, 8, 16], "texture": "#jewelrybox" }, "west": { "uv": [4, 14, 8, 16], "texture": "#jewelrybox" }, "up": { "uv": [0, 10, 4, 14], "texture": "#jewelrybox" }, "down": { "uv": [4, 10, 8, 14], "texture": "#jewelrybox" } } }, { "name": "Box3", "from": [-0.9996, 20.1557, -0.5637], "to": [3.0004, 22.1557, -0.5637], "rotation": { "angle": 45, "axis": "x", "origin": [-1, 16, 2] }, "faces": { "north": { "uv": [0, 14, 4, 16], "texture": "#jewelrybox" }, "east": { "uv": [4, 14, 8, 16], "texture": "#jewelrybox" }, "south": { "uv": [4, 14, 8, 16], "texture": "#jewelrybox" }, "west": { "uv": [4, 14, 8, 16], "texture": "#jewelrybox" }, "up": { "uv": [0, 10, 4, 14], "texture": "#jewelrybox" }, "down": { "uv": [4, 10, 8, 14], "texture": "#jewelrybox" } } }, { "name": "Box3", "from": [-0.9996, 20.1557, -0.5637], "to": [-0.9996, 22.1557, 3.4363], "rotation": { "angle": 45, "axis": "x", "origin": [-1, 16, 2] }, "faces": { "north": { "uv": [0, 14, 4, 16], "texture": "#jewelrybox" }, "east": { "uv": [4, 14, 8, 16], "texture": "#jewelrybox" }, "south": { "uv": [4, 14, 8, 16], "texture": "#jewelrybox" }, "west": { "uv": [4, 14, 8, 16], "texture": "#jewelrybox" }, "up": { "uv": [0, 10, 4, 14], "texture": "#jewelrybox" }, "down": { "uv": [4, 10, 8, 14], "texture": "#jewelrybox" } } }, { "name": "Box3", "from": [-0.9996, 20.1557, 3.4363], "to": [3.0004, 22.1557, 3.4363], "rotation": { "angle": 45, "axis": "x", "origin": [-1, 16, 2] }, "faces": { "north": { "uv": [0, 14, 4, 16], "texture": "#jewelrybox" }, "east": { "uv": [4, 14, 8, 16], "texture": "#jewelrybox" }, "south": { "uv": [4, 14, 8, 16], "texture": "#jewelrybox" }, "west": { "uv": [4, 14, 8, 16], "texture": "#jewelrybox" }, "up": { "uv": [0, 10, 4, 14], "texture": "#jewelrybox" }, "down": { "uv": [4, 10, 8, 14], "texture": "#jewelrybox" } } }, { "name": "Box3", "from": [-0.9996, 22.1557, -0.5637], "to": [3.0004, 22.1557, 3.4363], "rotation": { "angle": 45, "axis": "x", "origin": [-1, 16, 2] }, "faces": { "north": { "uv": [0, 14, 4, 16], "texture": "#jewelrybox" }, "east": { "uv": [4, 14, 8, 16], "texture": "#jewelrybox" }, "south": { "uv": [4, 14, 8, 16], "texture": "#jewelrybox" }, "west": { "uv": [4, 14, 8, 16], "texture": "#jewelrybox" }, "up": { "uv": [0, 10, 4, 14], "texture": "#jewelrybox" }, "down": { "uv": [0, 10, 4, 14], "texture": "#jewelrybox" } } }, { "name": "Box4", "from": [-0.9996, 22.1557, -0.5637], "to": [3.0004, 22.1557, 3.4363], "rotation": { "angle": 45, "axis": "x", "origin": [-1, 16, 2] }, "faces": { "north": { "uv": [0, 14, 4, 16], "texture": "#jewelrybox" }, "east": { "uv": [4, 14, 8, 16], "texture": "#jewelrybox" }, "south": { "uv": [4, 14, 8, 16], "texture": "#jewelrybox" }, "west": { "uv": [4, 14, 8, 16], "texture": "#jewelrybox" }, "up": { "uv": [0, 10, 4, 14], "texture": "#jewelrybox" }, "down": { "uv": [0, 10, 4, 14], "texture": "#jewelrybox" } } }, { "name": "Box3", "from": [3.0004, 20.1557, -0.5637], "to": [3.0004, 22.1557, 3.4363], "rotation": { "angle": 45, "axis": "x", "origin": [-1, 16, 2] }, "faces": { "north": { "uv": [0, 14, 4, 16], "texture": "#jewelrybox" }, "east": { "uv": [4, 14, 8, 16], "texture": "#jewelrybox" }, "south": { "uv": [4, 14, 8, 16], "texture": "#jewelrybox" }, "west": { "uv": [4, 14, 8, 16], "texture": "#jewelrybox" }, "up": { "uv": [0, 10, 4, 14], "texture": "#jewelrybox" }, "down": { "uv": [4, 10, 8, 14], "texture": "#jewelrybox" } } }, { "name": "Table", "from": [-2, 14, 0], "to": [18, 16, 16], "faces": { "north": { "uv": [10.5, 4, 15.5, 4.5], "texture": "#texture" }, "east": { "uv": [15.5, 0, 16, 4], "rotation": 90, "texture": "#texture" }, "south": { "uv": [10.5, 4, 15.5, 4.5], "texture": "#texture" }, "west": { "uv": [15.5, 0, 16, 4], "rotation": 90, "texture": "#texture" }, "up": { "uv": [10.5, 0, 15.5, 4], "rotation": 180, "texture": "#texture" }, "down": { "uv": [10.5, 0, 15.5, 4], "texture": "#texture" } } }, { "name": "Arm L", "from": [-1.5, 12, 1], "to": [0.5, 14, 15], "faces": { "north": { "uv": [15.5, 4.5, 16, 5], "texture": "#texture" }, "east": { "uv": [12, 4.5, 15.5, 5], "texture": "#texture" }, "south": { "uv": [15.5, 4.5, 16, 5], "texture": "#texture" }, "west": { "uv": [12, 4.5, 15.5, 5], "texture": "#texture" }, "up": { "uv": [12, 4.5, 15.5, 5], "rotation": 270, "texture": "#texture" }, "down": { "uv": [12, 4.5, 15.5, 5], "rotation": 90, "texture": "#texture" } } }, { "name": "Arm R", "from": [15.5, 12, 1], "to": [17.5, 14, 15], "faces": { "north": { "uv": [15.5, 4.5, 16, 5], "texture": "#texture" }, "east": { "uv": [12, 4.5, 15.5, 5], "texture": "#texture" }, "south": { "uv": [15.5, 4.5, 16, 5], "texture": "#texture" }, "west": { "uv": [12, 4.5, 15.5, 5], "texture": "#texture" }, "up": { "uv": [12, 4.5, 15.5, 5], "rotation": 270, "texture": "#texture" }, "down": { "uv": [12, 4.5, 15.5, 5], "rotation": 90, "texture": "#texture" } } }, { "name": "Support Front 1", "from": [1.5, -1.5, 3.5], "to": [22.5, 0.5, 5.5], "rotation": { "angle": 45, "axis": "z", "origin": [1.5, -1.5, 3.5] }, "faces": { "north": { "uv": [10.25, 6, 15.5, 6.5], "rotation": 180, "texture": "#texture" }, "east": { "uv": [15.5, 6, 16, 6.5], "texture": "#texture" }, "south": { "uv": [10.25, 6, 15.5, 6.5], "texture": "#texture" }, "west": { "uv": [15.5, 6, 16, 6.5], "texture": "#texture" }, "up": { "uv": [10.25, 6, 15.5, 6.5], "texture": "#texture" }, "down": { "uv": [10.25, 6, 15.5, 6.5], "texture": "#texture" } } }, { "name": "Support Front 2", "from": [-0.5, 13.5, 1.5], "to": [20.5, 15.5, 3.5], "rotation": { "angle": -45, "axis": "z", "origin": [-0.5, 13.5, 1.5] }, "faces": { "north": { "uv": [10.25, 6, 15.5, 5.5], "rotation": 180, "texture": "#texture" }, "east": { "uv": [15.5, 5, 16, 5.5], "texture": "#texture" }, "south": { "uv": [10.25, 5, 15.5, 5.5], "texture": "#texture" }, "west": { "uv": [15.5, 5, 16, 5.5], "texture": "#texture" }, "up": { "uv": [10.25, 5, 15.5, 5.5], "texture": "#texture" }, "down": { "uv": [10.25, 5, 15.5, 5.5], "texture": "#texture" } } }, { "name": "Brace L", "from": [1.5, 1.375, 3.5], "to": [3.5, 2.375, 14.5], "rotation": { "angle": 45, "axis": "z", "origin": [1.5, 1.375, 3.5] }, "faces": { "north": { "uv": [16, 7, 15.75, 7.5], "rotation": 270, "texture": "#texture" }, "east": { "uv": [13, 7.5, 15.75, 7.75], "texture": "#texture" }, "south": { "uv": [15.75, 7, 16, 7.5], "rotation": 90, "texture": "#texture" }, "west": { "uv": [13, 7.5, 15.75, 7.75], "texture": "#texture" }, "up": { "uv": [13, 7, 15.75, 7.5], "rotation": 90, "texture": "#texture" }, "down": { "uv": [13, 7, 15.75, 7.5], "rotation": 90, "texture": "#texture" } } }, { "name": "Brace R", "from": [13, 1.125, 1.5], "to": [15, 2.125, 12.5], "rotation": { "angle": -45, "axis": "z", "origin": [15, 2.125, 1.5] }, "faces": { "north": { "uv": [15.75, 7, 16, 7.5], "rotation": 90, "texture": "#texture" }, "east": { "uv": [13, 7.5, 15.75, 7.75], "texture": "#texture" }, "south": { "uv": [16, 7, 15.75, 7.5], "rotation": 270, "texture": "#texture" }, "west": { "uv": [13, 7.5, 15.75, 7.75], "texture": "#texture" }, "up": { "uv": [13, 7, 15.75, 7.5], "rotation": 270, "texture": "#texture" }, "down": { "uv": [13, 7, 15.75, 7.5], "rotation": 270, "texture": "#texture" } } }, { "name": "Backboard", "from": [-2, 16, 14], "to": [18, 24, 16], "faces": { "north": { "uv": [5, 0, 10, 2], "texture": "#texture" }, "east": { "uv": [10, 0, 10.5, 2], "rotation": 180, "texture": "#texture" }, "south": { "uv": [5, 0, 10, 2], "texture": "#texture" }, "west": { "uv": [10, 0, 10.5, 2], "texture": "#texture" }, "up": { "uv": [5, 2, 10, 2.5], "texture": "#texture" }, "down": { "uv": [5, 2, 10, 2.5], "texture": "#texture" } } }, { "name": "Support Front 1", "from": [1.5, -1.5, 12.5], "to": [22.5, 0.5, 14.5], "rotation": { "angle": 45, "axis": "z", "origin": [1.5, -1.5, 12.5] }, "faces": { "north": { "uv": [10.25, 6, 15.5, 6.5], "rotation": 180, "texture": "#texture" }, "east": { "uv": [15.5, 6, 16, 6.5], "texture": "#texture" }, "south": { "uv": [10.25, 6.5, 15.5, 7], "texture": "#texture" }, "west": { "uv": [15.5, 6, 16, 6.5], "texture": "#texture" }, "up": { "uv": [10.25, 6, 15.5, 6.5], "texture": "#texture" }, "down": { "uv": [10.25, 6, 15.5, 6.5], "texture": "#texture" } } }, { "name": "Support Front 2", "from": [-0.5, 13.5, 10.5], "to": [20.5, 15.5, 12.5], "rotation": { "angle": -45, "axis": "z", "origin": [-0.5, 13.5, 10.5] }, "faces": { "north": { "uv": [10.25, 5.5, 15.5, 5], "rotation": 180, "texture": "#texture" }, "east": { "uv": [15.5, 5, 16, 5.5], "texture": "#texture" }, "south": { "uv": [10.25, 5, 15.5, 5.5], "texture": "#texture" }, "west": { "uv": [15.5, 5, 16, 5.5], "texture": "#texture" }, "up": { "uv": [10.25, 5, 15.5, 5.5], "texture": "#texture" }, "down": { "uv": [10.25, 5, 15.5, 5.5], "texture": "#texture" } } }, { "name": "Runner", "from": [-2.1, 8.125, 4], "to": [18.1, 16.125, 12], "faces": { "north": { "uv": [2, 0.5, 3, 1.5], "texture": "#texture" }, "east": { "uv": [0, 14, 1.75, 16], "rotation": 270, "texture": "#texture" }, "south": { "uv": [2, 0.5, 3, 1.5], "texture": "#texture" }, "west": { "uv": [7.25, 14, 9, 16], "rotation": 90, "texture": "#texture" }, "up": { "uv": [2, 14, 7, 16], "texture": "#texture" }, "down": { "uv": [1.5, 0.5, 2, 1], "texture": "#texture" } } }, { "name": "Runner", "from": [-2.1, 16.125, 4], "to": [18.1, 16.125, 12], "faces": { "north": { "uv": [2, 0.5, 3, 1.5], "texture": "#texture" }, "east": { "uv": [0, 14, 1.75, 16], "rotation": 270, "texture": "#texture" }, "south": { "uv": [2, 0.5, 3, 1.5], "texture": "#texture" }, "west": { "uv": [7.25, 14, 9, 16], "rotation": 90, "texture": "#texture" }, "up": { "uv": [2, 14, 7, 16], "texture": "#texture" }, "down": { "uv": [2, 14.125, 7, 16], "texture": "#texture" } } }, { "name": "Runner", "from": [18.1, 8.125, 4], "to": [18.1, 16.125, 12], "faces": { "north": { "uv": [2, 0.5, 3, 1.5], "texture": "#texture" }, "east": { "uv": [0, 14, 1.75, 16], "rotation": 270, "texture": "#texture" }, "south": { "uv": [2, 0.5, 3, 1.5], "texture": "#texture" }, "west": { "uv": [7.25, 14, 9, 16], "rotation": 90, "texture": "#texture" }, "up": { "uv": [2, 14, 7, 16], "texture": "#texture" }, "down": { "uv": [1.5, 0.5, 2, 1], "texture": "#texture" } } }, { "name": "Runner", "from": [-2.1, 8.125, 4], "to": [-2.1, 16.125, 12], "faces": { "north": { "uv": [2, 0.5, 3, 1.5], "texture": "#texture" }, "east": { "uv": [0, 14, 1.75, 16], "rotation": 270, "texture": "#texture" }, "south": { "uv": [2, 0.5, 3, 1.5], "texture": "#texture" }, "west": { "uv": [7.25, 14, 9, 16], "rotation": 90, "texture": "#texture" }, "up": { "uv": [2, 14, 7, 16], "texture": "#texture" }, "down": { "uv": [1.5, 0.5, 2, 1], "texture": "#texture" } } }, { "name": "Base", "from": [2, 16, 9], "to": [14, 17, 13], "faces": { "north": { "uv": [4, 4, 16, 5], "texture": "#calipers" }, "east": { "uv": [3, 0, 4, 4], "rotation": 90, "texture": "#calipers" }, "south": { "uv": [4, 4, 16, 5], "texture": "#calipers" }, "west": { "uv": [3, 0, 4, 4], "rotation": 270, "texture": "#calipers" }, "up": { "uv": [4, 0, 16, 4], "texture": "#calipers" }, "down": { "uv": [4, 9, 16, 5], "texture": "#calipers" } } }, { "name": "Post L", "from": [2.5, 17, 11.5], "to": [3.5, 25, 12.5], "faces": { "north": { "uv": [0, 8, 1, 16], "texture": "#calipers" }, "east": { "uv": [0, 8, 1, 16], "texture": "#calipers" }, "south": { "uv": [0, 8, 1, 16], "texture": "#calipers" }, "west": { "uv": [0, 8, 1, 16], "texture": "#calipers" }, "up": { "uv": [1, 14, 2, 15], "texture": "#calipers" }, "down": { "uv": [1, 15, 2, 16], "texture": "#calipers" } } }, { "name": "Post R", "from": [12.5, 17, 11.5], "to": [13.5, 25, 12.5], "faces": { "north": { "uv": [0, 8, 1, 16], "texture": "#calipers" }, "east": { "uv": [0, 8, 1, 16], "texture": "#calipers" }, "south": { "uv": [0, 8, 1, 16], "texture": "#calipers" }, "west": { "uv": [0, 8, 1, 16], "texture": "#calipers" }, "up": { "uv": [1, 14, 2, 15], "texture": "#calipers" }, "down": { "uv": [1, 15, 2, 16], "texture": "#calipers" } } }, { "name": "Crystal", "from": [5, 26, 10.5], "to": [11, 28, 12.5], "rotation": { "angle": 45, "axis": "x", "origin": [5, 26, 10.5] }, "faces": { "north": { "uv": [10, 14, 16, 16], "texture": "#calipers" }, "east": { "uv": [8, 12, 10, 14], "texture": "#calipers" }, "south": { "uv": [10, 14, 16, 16], "texture": "#calipers" }, "west": { "uv": [8, 12, 10, 14], "texture": "#calipers" }, "up": { "uv": [10, 14, 16, 16], "texture": "#calipers" }, "down": { "uv": [10, 14, 16, 16], "texture": "#calipers" } } }, { "name": "Anchor L", "from": [2.5, 25, 11], "to": [3.5, 27, 13], "faces": { "north": { "uv": [2.5, 14, 3.5, 16], "texture": "#calipers" }, "east": { "uv": [2, 14, 4, 16], "texture": "#calipers" }, "south": { "uv": [2.5, 14, 3.5, 16], "texture": "#calipers" }, "west": { "uv": [2, 14, 4, 16], "texture": "#calipers" }, "up": { "uv": [2.5, 14, 3.5, 16], "texture": "#calipers" }, "down": { "uv": [2.5, 14, 3.5, 16], "texture": "#calipers" } } }, { "name": "Holder L", "from": [1, 25.5, 11.5], "to": [5, 26.5, 12.5], "faces": { "north": { "uv": [4, 15, 8, 16], "texture": "#calipers" }, "east": { "uv": [7, 15, 8, 16], "texture": "#calipers" }, "south": { "uv": [4, 15, 8, 16], "texture": "#calipers" }, "west": { "uv": [7, 15, 8, 16], "texture": "#calipers" }, "up": { "uv": [4, 15, 8, 16], "texture": "#calipers" }, "down": { "uv": [4, 15, 8, 16], "texture": "#calipers" } } }, { "name": "Holder R", "from": [11, 25.5, 11.5], "to": [15, 26.5, 12.5], "faces": { "north": { "uv": [4, 15, 8, 16], "texture": "#calipers" }, "east": { "uv": [7, 15, 8, 16], "texture": "#calipers" }, "south": { "uv": [4, 15, 8, 16], "texture": "#calipers" }, "west": { "uv": [7, 15, 8, 16], "texture": "#calipers" }, "up": { "uv": [4, 15, 8, 16], "texture": "#calipers" }, "down": { "uv": [4, 15, 8, 16], "texture": "#calipers" } } }, { "name": "Anchor R", "from": [12.5, 25, 11], "to": [13.5, 27, 13], "faces": { "north": { "uv": [2.5, 14, 3.5, 16], "texture": "#calipers" }, "east": { "uv": [2, 14, 4, 16], "texture": "#calipers" }, "south": { "uv": [2.5, 14, 3.5, 16], "texture": "#calipers" }, "west": { "uv": [2, 14, 4, 16], "texture": "#calipers" }, "up": { "uv": [2.5, 14, 3.5, 16], "texture": "#calipers" }, "down": { "uv": [2.5, 14, 3.5, 16], "texture": "#calipers" } } }, { "name": "Gem 1", "from": [-0.375, 17.875, 3], "to": [0.625, 18.875, 4], "rotation": { "angle": 22.5, "axis": "y", "origin": [-0.375, 17.875, 3] }, "faces": { "north": { "uv": [15, 15, 16, 16], "texture": "#jewelrybox" }, "east": { "uv": [15, 15, 16, 16], "texture": "#jewelrybox" }, "south": { "uv": [15, 15, 16, 16], "texture": "#jewelrybox" }, "west": { "uv": [15, 15, 16, 16], "texture": "#jewelrybox" }, "up": { "uv": [15, 15, 16, 16], "texture": "#jewelrybox" }, "down": { "uv": [15, 15, 16, 16], "texture": "#jewelrybox" } } }, { "name": "Gem 2", "from": [1.25, 17.875, 3.5], "to": [2.25, 18.875, 4.5], "rotation": { "angle": -22.5, "axis": "y", "origin": [1.25, 17.875, 3.5] }, "faces": { "north": { "uv": [15, 15, 16, 16], "texture": "#jewelrybox" }, "east": { "uv": [15, 15, 16, 16], "texture": "#jewelrybox" }, "south": { "uv": [15, 15, 16, 16], "texture": "#jewelrybox" }, "west": { "uv": [15, 15, 16, 16], "texture": "#jewelrybox" }, "up": { "uv": [15, 15, 16, 16], "texture": "#jewelrybox" }, "down": { "uv": [15, 15, 16, 16], "texture": "#jewelrybox" } } }, { "name": "Pages", "from": [9.375, 16.25, 1.5], "to": [15.375, 18.25, 9.5], "rotation": { "angle": 22.5, "axis": "y", "origin": [8.5, 16.25, 1] }, "faces": { "north": { "uv": [13, 4, 16, 5], "texture": "#book" }, "east": { "uv": [9, 0, 10, 4], "rotation": 90, "texture": "#book" }, "south": { "uv": [13, 4, 16, 5], "texture": "#book" }, "west": { "uv": [9, 0, 10, 4], "rotation": 270, "texture": "#book" }, "up": { "uv": [16, 0, 13, 4], "texture": "#book" }, "down": { "uv": [16, 0, 13, 4], "texture": "#book" } } }, { "name": "Cover", "from": [8.5, 16.25, 1], "to": [15.5, 18.35, 10], "rotation": { "angle": 22.5, "axis": "y", "origin": [8.5, 16.25, 1] }, "faces": { "north": { "uv": [0, 14, 5, 16], "texture": "#book" }, "east": { "uv": [8, 5, 9, 9.5], "rotation": 90, "texture": "#book" }, "south": { "uv": [0, 14, 5, 16], "texture": "#book" }, "west": { "uv": [0, 14, 7, 16], "texture": "#book" }, "up": { "uv": [12.5, 5, 16, 9.5], "rotation": 180, "texture": "#book" }, "down": { "uv": [9, 5, 12.5, 9.5], "texture": "#book" } } }, { "name": "Cover", "from": [8.5, 16.25, 1], "to": [15.5, 16.25, 10], "rotation": { "angle": 22.5, "axis": "y", "origin": [8.5, 16.25, 1] }, "faces": { "north": { "uv": [0, 14, 5, 16], "texture": "#book" }, "east": { "uv": [8, 5, 9, 9.5], "rotation": 90, "texture": "#book" }, "south": { "uv": [0, 14, 5, 16], "texture": "#book" }, "west": { "uv": [0, 14, 7, 16], "texture": "#book" }, "up": { "uv": [9, 5, 12.5, 9.5], "texture": "#book" }, "down": { "uv": [9, 5, 12.5, 9.5], "texture": "#book" } } }, { "name": "Cover", "from": [15.5, 16.25, 1], "to": [15.5, 18.35, 10], "rotation": { "angle": 22.5, "axis": "y", "origin": [8.5, 16.25, 1] }, "faces": { "north": { "uv": [0, 14, 5, 16], "texture": "#book" }, "east": { "uv": [8, 5, 9, 9.5], "rotation": 90, "texture": "#book" }, "south": { "uv": [0, 14, 5, 16], "texture": "#book" }, "west": { "uv": [8, 5, 9, 9.5], "texture": "#book" }, "up": { "uv": [12.5, 5, 16, 9.5], "rotation": 180, "texture": "#book" }, "down": { "uv": [9, 5, 12.5, 9.5], "texture": "#book" } } }, { "name": "Cover", "from": [8.5, 18.35, 1], "to": [15.5, 18.35, 10], "rotation": { "angle": 22.5, "axis": "y", "origin": [8.5, 16.25, 1] }, "faces": { "north": { "uv": [0, 14, 5, 16], "texture": "#book" }, "east": { "uv": [8, 5, 9, 9.5], "rotation": 90, "texture": "#book" }, "south": { "uv": [0, 14, 5, 16], "texture": "#book" }, "west": { "uv": [0, 14, 7, 16], "texture": "#book" }, "up": { "uv": [4.25, 5, 7.75, 9.5], "rotation": 180, "texture": "#book" }, "down": { "uv": [9, 5, 12.5, 9.5], "texture": "#book" } } }], "display": { "thirdperson_righthand": { "scale": [0.5, 0.5, 0.5] }, "thirdperson_lefthand": { "scale": [0.5, 0.5, 0.5] }, "firstperson_righthand": { "scale": [0.5, 0.5, 0.5] }, "firstperson_lefthand": { "scale": [0.5, 0.5, 0.5] }, "ground": { "translation": [0, 6.1467, 0], "scale": [0.35, 0.35, 0.35] }, "gui": { "rotation": [31, 147, 0], "translation": [0, -2.149, 0], "scale": [0.4, 0.4, 0.4] }, "head": { "translation": [0, -28.1, 0], "scale": [1.65, 1.65, 1.65] } } }