{ "credit": "Model by Elsweyr, forked by HypariaMC", "textures": { "particle": "hyparia:furniture/scale", "texture": "hyparia:furniture/scale" }, "elements": [{ "name": "Base", "from": [4.99988, -0.00092, 5.00094], "to": [10.99988, 0.99908, 11.00094], "faces": { "north": { "uv": [10, 15, 16, 16], "texture": "#texture" }, "east": { "uv": [10, 15, 16, 16], "texture": "#texture" }, "south": { "uv": [10, 15, 16, 16], "texture": "#texture" }, "west": { "uv": [10, 15, 16, 16], "texture": "#texture" }, "up": { "uv": [10, 9, 16, 15], "texture": "#texture" }, "down": { "uv": [10, 9, 16, 15], "texture": "#texture" } } }, { "name": "Shaft", "from": [7.50031, 0.99946, 7.50001], "to": [8.50031, 10.99946, 8.50001], "faces": { "north": { "uv": [0, 6, 1, 16], "texture": "#texture" }, "east": { "uv": [0, 6, 1, 16], "texture": "#texture" }, "south": { "uv": [0, 6, 1, 16], "texture": "#texture" }, "west": { "uv": [0, 6, 1, 16], "texture": "#texture" }, "up": { "uv": [0, 6, 1, 7], "texture": "#texture" }, "down": { "uv": [0, 15, 1, 16], "texture": "#texture" } } }, { "name": "Balance", "from": [7.00025, 10.99955, 7.49926], "to": [9.00025, 12.99955, 8.49926], "rotation": { "angle": -22.5, "axis": "z", "origin": [7, 11, 7.5] }, "faces": { "north": { "uv": [8, 14, 10, 16], "texture": "#texture" }, "east": { "uv": [7, 14, 8, 16], "texture": "#texture" }, "south": { "uv": [8, 14, 10, 16], "texture": "#texture" }, "west": { "uv": [7, 14, 8, 16], "texture": "#texture" }, "up": { "uv": [8, 13, 10, 14], "texture": "#texture" }, "down": { "uv": [8, 13, 10, 14], "texture": "#texture" } } }, { "name": "Arms", "from": [0.00086, 9.50018, 8.00089], "to": [16.00086, 12.50018, 8.00189], "rotation": { "angle": -22.5, "axis": "z", "origin": [7, 11, 7.5] }, "faces": { "north": { "uv": [16, 0, 0, 3], "texture": "#texture" }, "south": { "uv": [0, 0, 16, 3], "texture": "#texture" } } }, { "name": "Plate 2", "from": [-0.99982, 8.50094, 6.00011], "to": [3.00018, 8.50094, 10.00011], "faces": { "north": { "uv": [1, 15, 5, 16], "texture": "#texture" }, "east": { "uv": [1, 15, 5, 16], "texture": "#texture" }, "south": { "uv": [1, 15, 5, 16], "texture": "#texture" }, "west": { "uv": [1, 15, 5, 16], "texture": "#texture" }, "up": { "uv": [1, 11, 5, 15], "texture": "#texture" }, "down": { "uv": [1, 11, 5, 15], "texture": "#texture" } } }, { "name": "Plate 2", "from": [-0.99982, 8.50094, 6.00011], "to": [-0.99982, 9.50094, 10.00011], "faces": { "north": { "uv": [1, 15, 5, 16], "texture": "#texture" }, "east": { "uv": [1, 15, 5, 16], "texture": "#texture" }, "south": { "uv": [1, 15, 5, 16], "texture": "#texture" }, "west": { "uv": [1, 15, 5, 16], "texture": "#texture" }, "up": { "uv": [1, 7, 5, 11], "texture": "#texture" }, "down": { "uv": [1, 11, 5, 15], "texture": "#texture" } } }, { "name": "Plate 3", "from": [3.00018, 8.50094, 6.00011], "to": [3.00018, 9.50094, 10.00011], "rotation": { "angle": 0, "axis": "y", "origin": [3.00018, 9.00094, 8.00011] }, "faces": { "north": { "uv": [1, 15, 5, 16], "texture": "#texture" }, "east": { "uv": [1, 15, 5, 16], "texture": "#texture" }, "south": { "uv": [1, 15, 5, 16], "texture": "#texture" }, "west": { "uv": [1, 15, 5, 16], "texture": "#texture" }, "up": { "uv": [1, 7, 5, 11], "texture": "#texture" }, "down": { "uv": [1, 11, 5, 15], "texture": "#texture" } } }, { "name": "Plate 4", "from": [-0.99982, 8.50094, 10.00011], "to": [3.00018, 9.50094, 10.00011], "rotation": { "angle": 0, "axis": "y", "origin": [3.00018, 9.00094, 8.00011] }, "faces": { "north": { "uv": [1, 15, 5, 16], "texture": "#texture" }, "east": { "uv": [1, 15, 5, 16], "texture": "#texture" }, "south": { "uv": [1, 15, 5, 16], "texture": "#texture" }, "west": { "uv": [1, 15, 5, 16], "texture": "#texture" }, "up": { "uv": [1, 7, 5, 11], "rotation": 270, "texture": "#texture" }, "down": { "uv": [1, 11, 5, 15], "rotation": 90, "texture": "#texture" } } }, { "name": "Plate 5", "from": [-0.99982, 8.50094, 6.00011], "to": [3.00018, 9.50094, 6.00011], "rotation": { "angle": 0, "axis": "y", "origin": [3.00018, 9.00094, 8.00011] }, "faces": { "north": { "uv": [1, 15, 5, 16], "texture": "#texture" }, "east": { "uv": [1, 15, 5, 16], "texture": "#texture" }, "south": { "uv": [1, 15, 5, 16], "texture": "#texture" }, "west": { "uv": [1, 15, 5, 16], "texture": "#texture" }, "up": { "uv": [1, 7, 5, 11], "rotation": 270, "texture": "#texture" }, "down": { "uv": [1, 11, 5, 15], "rotation": 90, "texture": "#texture" } } }, { "name": "Chain 1", "from": [0.49903, 8.49912, 6.0008], "to": [1.49903, 13.49912, 6.0018], "rotation": { "angle": 22.5, "axis": "x", "origin": [0.5, 8.5, 6] }, "faces": { "north": { "uv": [7, 6, 5, 16], "texture": "#texture" }, "south": { "uv": [5, 6, 7, 16], "texture": "#texture" } } }, { "name": "Chain 1", "from": [0.50036, 8.5003, 10.00006], "to": [1.50036, 13.5003, 10.00107], "rotation": { "angle": -22.5, "axis": "x", "origin": [0.5, 8.5, 10] }, "faces": { "north": { "uv": [7, 6, 5, 16], "texture": "#texture" }, "south": { "uv": [5, 6, 7, 16], "texture": "#texture" } } }, { "name": "Chain 2", "from": [14.00068, 3.00012, 5.99978], "to": [15.00068, 8.00012, 6.00078], "rotation": { "angle": 22.5, "axis": "x", "origin": [14, 3, 6] }, "faces": { "north": { "uv": [7, 6, 5, 16], "texture": "#texture" }, "south": { "uv": [5, 6, 7, 16], "texture": "#texture" } } }, { "name": "Chain 2", "from": [14.00023, 3.00034, 10.00086], "to": [15.00023, 8.00034, 10.00186], "rotation": { "angle": -22.5, "axis": "x", "origin": [14, 3, 10] }, "faces": { "north": { "uv": [7, 6, 5, 16], "texture": "#texture" }, "south": { "uv": [5, 6, 7, 16], "texture": "#texture" } } }, { "name": "Plate 3", "from": [12.50018, 3.00094, 6.00011], "to": [16.50018, 3.00094, 10.00011], "faces": { "north": { "uv": [1, 15, 5, 16], "texture": "#texture" }, "east": { "uv": [1, 15, 5, 16], "texture": "#texture" }, "south": { "uv": [1, 15, 5, 16], "texture": "#texture" }, "west": { "uv": [1, 15, 5, 16], "texture": "#texture" }, "up": { "uv": [1, 11, 5, 15], "texture": "#texture" }, "down": { "uv": [1, 11, 5, 15], "texture": "#texture" } } }, { "name": "Plate 3", "from": [12.50018, 3.00094, 6.00011], "to": [12.50018, 4.00094, 10.00011], "faces": { "north": { "uv": [1, 15, 5, 16], "texture": "#texture" }, "east": { "uv": [1, 15, 5, 16], "texture": "#texture" }, "south": { "uv": [1, 15, 5, 16], "texture": "#texture" }, "west": { "uv": [1, 15, 5, 16], "texture": "#texture" }, "up": { "uv": [1, 7, 5, 11], "texture": "#texture" }, "down": { "uv": [1, 11, 5, 15], "texture": "#texture" } } }, { "name": "Plate 4", "from": [16.50018, 3.00094, 6.00011], "to": [16.50018, 4.00094, 10.00011], "rotation": { "angle": 0, "axis": "y", "origin": [3.00018, 9.00094, 8.00011] }, "faces": { "north": { "uv": [1, 15, 5, 16], "texture": "#texture" }, "east": { "uv": [1, 15, 5, 16], "texture": "#texture" }, "south": { "uv": [1, 15, 5, 16], "texture": "#texture" }, "west": { "uv": [1, 15, 5, 16], "texture": "#texture" }, "up": { "uv": [1, 7, 5, 11], "texture": "#texture" }, "down": { "uv": [1, 11, 5, 15], "texture": "#texture" } } }, { "name": "Plate 5", "from": [12.50018, 3.00094, 10.00011], "to": [16.50018, 4.00094, 10.00011], "rotation": { "angle": 0, "axis": "y", "origin": [3.00018, 9.00094, 8.00011] }, "faces": { "north": { "uv": [1, 15, 5, 16], "texture": "#texture" }, "east": { "uv": [1, 15, 5, 16], "texture": "#texture" }, "south": { "uv": [1, 15, 5, 16], "texture": "#texture" }, "west": { "uv": [1, 15, 5, 16], "texture": "#texture" }, "up": { "uv": [1, 7, 5, 11], "rotation": 270, "texture": "#texture" }, "down": { "uv": [1, 11, 5, 15], "rotation": 90, "texture": "#texture" } } }, { "name": "Plate 6", "from": [12.50018, 3.00094, 6.00011], "to": [16.50018, 4.00094, 6.00011], "rotation": { "angle": 0, "axis": "y", "origin": [3.00018, 9.00094, 8.00011] }, "faces": { "north": { "uv": [1, 15, 5, 16], "texture": "#texture" }, "east": { "uv": [1, 15, 5, 16], "texture": "#texture" }, "south": { "uv": [1, 15, 5, 16], "texture": "#texture" }, "west": { "uv": [1, 15, 5, 16], "texture": "#texture" }, "up": { "uv": [1, 7, 5, 11], "rotation": 270, "texture": "#texture" }, "down": { "uv": [1, 11, 5, 15], "rotation": 90, "texture": "#texture" } } }], "display": { "gui": { "rotation": [16, -22, 0], "scale": [0.5, 0.5, 0.5] }, "head": { "translation": [0, -30.15, 0], "scale": [1.5, 1.5, 1.5] } }, "groups": [0, 1, 2, 3, 4, 5, 6, 7, 8, 9, 10, 11, 12, { "name": "group", "origin": [3.00018, 9.00094, 8.00011], "children": [13, 14, 15, 16, 17] }] }