{ "gui_light": "front", "textures": { "card": "hyparia/guis/ui/cards/card_toggle_on", "item": "hyparia/guis/armorstandtools/parts/body" }, "elements": [{ "from": [0, 0, 0], "to": [16, 16, 0], "shade": false, "faces": { "south": { "uv": [0, 0, 16, 16], "texture": "#card" } } }, { "from": [2.18, 2.18, 0], "to": [13.82, 13.82, 0], "shade": false, "faces": { "south": { "uv": [0, 0, 16, 16], "texture": "#item" } } }], "display": { "thirdperson_righthand": { "scale": [0, 0, 0] }, "thirdperson_lefthand": { "scale": [0, 0, 0] }, "firstperson_righthand": { "scale": [0, 0, 0] }, "firstperson_lefthand": { "scale": [0, 0, 0] }, "gui": { "rotation": [0, 0, 0], "translation": [0, 0, 0], "scale": [1, 1, 1] } } }