{"textures":{"0":"modelengine:entity/spectre"},"elements":[{"name":"body","from":[5.6,6.2,6.8],"to":[10.4,10.4,9.2],"rotation":{"angle":0.0,"axis":"x","origin":[8.0,9.8,8.0]},"faces":{"down":{"uv":[2.0,6.0,0.0,7.0],"rotation":0,"texture":"#0","tintindex":0},"east":{"uv":[6.0,2.0,7.0,3.75],"rotation":0,"texture":"#0","tintindex":0},"north":{"uv":[2.0,4.0,4.0,5.75],"rotation":0,"texture":"#0","tintindex":0},"south":{"uv":[4.0,2.0,6.0,3.75],"rotation":0,"texture":"#0","tintindex":0},"up":{"uv":[4.0,6.75,2.0,5.75],"rotation":0,"texture":"#0","tintindex":0},"west":{"uv":[6.0,3.75,7.0,5.5],"rotation":0,"texture":"#0","tintindex":0}}},{"name":"body","from":[5.6,9.826599,6.3173194],"to":[10.4,12.8266,8.7173195],"rotation":{"angle":-22.5,"axis":"x","origin":[8.0,11.3266,7.517319]},"faces":{"down":{"uv":[8.0,1.0,6.0,2.0],"rotation":0,"texture":"#0","tintindex":0},"east":{"uv":[8.0,3.0,9.0,4.25],"rotation":0,"texture":"#0","tintindex":0},"north":{"uv":[4.0,3.75,6.0,5.0],"rotation":0,"texture":"#0","tintindex":0},"south":{"uv":[4.0,5.0,6.0,6.25],"rotation":0,"texture":"#0","tintindex":0},"up":{"uv":[8.0,1.0,6.0,0.0],"rotation":0,"texture":"#0","tintindex":0},"west":{"uv":[8.0,4.25,9.0,5.5],"rotation":0,"texture":"#0","tintindex":0}}}],"display":{"head":{"translation":[0.0,-6.4,0.0],"rotation":[0.0,0.0,0.0],"scale":[3.8095,3.8095,3.8095]}}}