{"textures":{"0":"modelengine:entity/spectre"},"elements":[{"name":"rightarm","from":[5.6,5.6,6.8],"to":[8.0,9.2,9.2],"rotation":{"angle":0.0,"axis":"x","origin":[8.504,3.9199996,8.0]},"faces":{"down":{"uv":[9.0,6.5,8.0,7.5],"rotation":0,"texture":"#0","tintindex":0},"east":{"uv":[4.0,6.25,5.0,7.75],"rotation":0,"texture":"#0","tintindex":0},"north":{"uv":[6.0,5.5,7.0,7.0],"rotation":0,"texture":"#0","tintindex":0},"south":{"uv":[5.0,6.25,6.0,7.75],"rotation":0,"texture":"#0","tintindex":0},"up":{"uv":[9.0,6.5,8.0,5.5],"rotation":0,"texture":"#0","tintindex":0},"west":{"uv":[2.0,6.75,3.0,8.25],"rotation":0,"texture":"#0","tintindex":0}}}],"display":{"head":{"translation":[0.0,-6.4,0.0],"rotation":[0.0,0.0,0.0],"scale":[3.8095,3.8095,3.8095]}}}