{"textures":{"0":"modelengine:entity/spectre"},"elements":[{"name":"rightleg","from":[6.8599997,4.3999996,8.0],"to":[9.26,8.0,10.4],"rotation":{"angle":0.0,"axis":"x","origin":[7.304,13.52,9.2]},"faces":{"down":{"uv":[2.0,8.5,1.0,9.5],"rotation":0,"texture":"#0","tintindex":0},"east":{"uv":[5.0,7.75,6.0,9.25],"rotation":0,"texture":"#0","tintindex":0},"north":{"uv":[4.0,7.75,5.0,9.25],"rotation":0,"texture":"#0","tintindex":0},"south":{"uv":[8.0,0.0,9.0,1.5],"rotation":0,"texture":"#0","tintindex":0},"up":{"uv":[1.0,9.5,0.0,8.5],"rotation":0,"texture":"#0","tintindex":0},"west":{"uv":[8.0,1.5,9.0,3.0],"rotation":0,"texture":"#0","tintindex":0}}}],"display":{"head":{"translation":[0.0,-6.4,0.0],"rotation":[0.0,0.0,0.0],"scale":[3.8095,3.8095,3.8095]}}}