{ "credit": "Model by Elsweyr, forked by HypariaMC", "textures": { "particle": "hyparia:furniture/block_dirty", "texture": "hyparia:furniture/block_dirty" }, "elements": [{ "__comment": "Box1", "from": [-8, 0, 0], "to": [24, 16, 16], "faces": { "down": { "uv": [0, 8, 16, 16], "texture": "#texture" }, "up": { "uv": [0, 8, 16, 16], "texture": "#texture" }, "north": { "uv": [0, 8, 16, 16], "texture": "#texture" }, "south": { "uv": [0, 8, 16, 16], "texture": "#texture" }, "west": { "uv": [8, 0, 16, 8], "texture": "#texture" }, "east": { "uv": [8, 0, 16, 8], "texture": "#texture" } } }], "display": { "thirdperson_righthand": { "scale": [0.5, 0.5, 0.5] }, "thirdperson_lefthand": { "scale": [0.5, 0.5, 0.5] }, "firstperson_righthand": { "scale": [0.5, 0.5, 0.5] }, "firstperson_lefthand": { "scale": [0.5, 0.5, 0.5] }, "gui": { "rotation": [17, -30, 0], "translation": [0, 0, 4.875], "scale": [0.35, 0.35, 0.35] }, "head": { "translation": [0, -30, 0], "scale": [1.65, 1.65, 1.65] }, "ground": { "translation": [0, 2.826, 0], "scale": [0.5, 0.5, 0.5] } } }