{ "credit": "Model by Elsweyr, forked by HypariaMC", "textures": { "texture": "hyparia:furniture/candles", "flame": "hyparia:furniture/flame" }, "elements": [{ "__comment": "Candle", "from": [7, 0, 7], "to": [9, 4, 9], "faces": { "down": { "uv": [4, 0, 6, 2], "texture": "#texture" }, "up": { "uv": [2, 0, 4, 2], "texture": "#texture" }, "north": { "uv": [2, 2, 4, 6], "texture": "#texture" }, "south": { "uv": [6, 2, 8, 6], "texture": "#texture" }, "west": { "uv": [4, 2, 6, 6], "texture": "#texture" }, "east": { "uv": [0, 2, 2, 6], "texture": "#texture" } } }, { "__comment": "Flame 1", "from": [7, 4, 8], "to": [9, 6, 8.001], "faces": { "north": { "uv": [0, 0, 16, 16], "texture": "#flame" }, "south": { "uv": [0, 0, 16, 16], "texture": "#flame" } } }, { "__comment": "Flame 2", "from": [8, 4, 7], "to": [8.001, 6, 9], "faces": { "west": { "uv": [0, 0, 16, 16], "texture": "#flame" }, "east": { "uv": [0, 0, 16, 16], "texture": "#flame" } } }], "display": { "thirdperson_righthand": { "translation": [0, 5.0489, 0.8641] }, "thirdperson_lefthand": { "translation": [0, 5.0489, 0.8641] }, "firstperson_righthand": { "translation": [0, 6.2472, 0] }, "firstperson_lefthand": { "translation": [0, 6.2472, 0] }, "gui": { "rotation": [20, 149, 0], "translation": [0, 4.4483, 0] }, "head": { "translation": [0, -30.03, 0], "scale": [1.65, 1.65, 1.65] }, "ground": { "translation": [0, 5.7554, 0] } } }