{ "credit": "Model by Elsweyr, forked by HypariaMC", "textures": { "particle": "hyparia:furniture/station", "texture": "hyparia:furniture/station" }, "elements": [{ "__comment": "Table", "from": [-2, 14, 0], "to": [18, 16, 16], "faces": { "down": { "uv": [10.5, 0, 15.5, 4], "texture": "#texture" }, "up": { "uv": [10.5, 0, 15.5, 4], "texture": "#texture", "rotation": 180 }, "north": { "uv": [10.5, 4, 15.5, 4.5], "texture": "#texture" }, "south": { "uv": [10.5, 4, 15.5, 4.5], "texture": "#texture" }, "west": { "uv": [15.5, 0, 16, 4], "texture": "#texture", "rotation": 90 }, "east": { "uv": [15.5, 0, 16, 4], "texture": "#texture", "rotation": 90 } } }, { "__comment": "Arm L", "from": [-1.5, 12, 1], "to": [0.5, 14, 15], "faces": { "down": { "uv": [12, 4.5, 15.5, 5], "texture": "#texture", "rotation": 90 }, "up": { "uv": [12, 4.5, 15.5, 5], "texture": "#texture", "rotation": 270 }, "north": { "uv": [15.5, 4.5, 16, 5], "texture": "#texture" }, "south": { "uv": [15.5, 4.5, 16, 5], "texture": "#texture" }, "west": { "uv": [12, 4.5, 15.5, 5], "texture": "#texture" }, "east": { "uv": [12, 4.5, 15.5, 5], "texture": "#texture" } } }, { "__comment": "Arm R", "from": [15.5, 12, 1], "to": [17.5, 14, 15], "faces": { "down": { "uv": [12, 4.5, 15.5, 5], "texture": "#texture", "rotation": 90 }, "up": { "uv": [12, 4.5, 15.5, 5], "texture": "#texture", "rotation": 270 }, "north": { "uv": [15.5, 4.5, 16, 5], "texture": "#texture" }, "south": { "uv": [15.5, 4.5, 16, 5], "texture": "#texture" }, "west": { "uv": [12, 4.5, 15.5, 5], "texture": "#texture" }, "east": { "uv": [12, 4.5, 15.5, 5], "texture": "#texture" } } }, { "__comment": "Support Front 1", "from": [1.5, -1.5, 3.5], "to": [22.5, 0.5, 5.5], "rotation": { "origin": [1.5, -1.5, 3.5], "axis": "z", "angle": 45 }, "faces": { "down": { "uv": [10.25, 6, 15.5, 6.5], "texture": "#texture" }, "up": { "uv": [10.25, 6, 15.5, 6.5], "texture": "#texture" }, "north": { "uv": [10.25, 6, 15.5, 6.5], "texture": "#texture", "rotation": 180 }, "south": { "uv": [10.25, 6, 15.5, 6.5], "texture": "#texture" }, "west": { "uv": [15.5, 6, 16, 6.5], "texture": "#texture" }, "east": { "uv": [15.5, 6, 16, 6.5], "texture": "#texture" } } }, { "__comment": "Support Front 2", "from": [-0.5, 13.5, 1.5], "to": [20.5, 15.5, 3.5], "rotation": { "origin": [-0.5, 13.5, 1.5], "axis": "z", "angle": -45 }, "faces": { "down": { "uv": [10.25, 5, 15.5, 5.5], "texture": "#texture" }, "up": { "uv": [10.25, 5, 15.5, 5.5], "texture": "#texture" }, "north": { "uv": [10.25, 6, 15.5, 5.5], "texture": "#texture", "rotation": 180 }, "south": { "uv": [10.25, 5, 15.5, 5.5], "texture": "#texture" }, "west": { "uv": [15.5, 5, 16, 5.5], "texture": "#texture" }, "east": { "uv": [15.5, 5, 16, 5.5], "texture": "#texture" } } }, { "__comment": "Brace L", "from": [1.5, 1.375, 3.5], "to": [3.5, 2.375, 14.5], "rotation": { "origin": [1.5, 1.375, 3.5], "axis": "z", "angle": 45 }, "faces": { "down": { "uv": [13, 7, 15.75, 7.5], "texture": "#texture", "rotation": 90 }, "up": { "uv": [13, 7, 15.75, 7.5], "texture": "#texture", "rotation": 90 }, "north": { "uv": [16, 7, 15.75, 7.5], "texture": "#texture", "rotation": 270 }, "south": { "uv": [15.75, 7, 16, 7.5], "texture": "#texture", "rotation": 90 }, "west": { "uv": [13, 7.5, 15.75, 7.75], "texture": "#texture" }, "east": { "uv": [13, 7.5, 15.75, 7.75], "texture": "#texture" } } }, { "__comment": "Brace R", "from": [13, 1.125, 1.5], "to": [15, 2.125, 12.5], "rotation": { "origin": [15, 2.125, 1.5], "axis": "z", "angle": -45 }, "faces": { "down": { "uv": [13, 7, 15.75, 7.5], "texture": "#texture", "rotation": 270 }, "up": { "uv": [13, 7, 15.75, 7.5], "texture": "#texture", "rotation": 270 }, "north": { "uv": [15.75, 7, 16, 7.5], "texture": "#texture", "rotation": 90 }, "south": { "uv": [16, 7, 15.75, 7.5], "texture": "#texture", "rotation": 270 }, "west": { "uv": [13, 7.5, 15.75, 7.75], "texture": "#texture" }, "east": { "uv": [13, 7.5, 15.75, 7.75], "texture": "#texture" } } }, { "__comment": "Backboard", "from": [-2, 16, 14], "to": [18, 24, 16], "faces": { "down": { "uv": [5, 2, 10, 2.5], "texture": "#texture" }, "up": { "uv": [5, 2, 10, 2.5], "texture": "#texture" }, "north": { "uv": [5, 0, 10, 2], "texture": "#texture" }, "south": { "uv": [5, 0, 10, 2], "texture": "#texture" }, "west": { "uv": [10, 0, 10.5, 2], "texture": "#texture" }, "east": { "uv": [10, 0, 10.5, 2], "texture": "#texture", "rotation": 180 } } }, { "__comment": "Support Front 1", "from": [1.5, -1.5, 12.5], "to": [22.5, 0.5, 14.5], "rotation": { "origin": [1.5, -1.5, 12.5], "axis": "z", "angle": 45 }, "faces": { "down": { "uv": [10.25, 6, 15.5, 6.5], "texture": "#texture" }, "up": { "uv": [10.25, 6, 15.5, 6.5], "texture": "#texture" }, "north": { "uv": [10.25, 6, 15.5, 6.5], "texture": "#texture", "rotation": 180 }, "south": { "uv": [10.25, 6.5, 15.5, 7], "texture": "#texture" }, "west": { "uv": [15.5, 6, 16, 6.5], "texture": "#texture" }, "east": { "uv": [15.5, 6, 16, 6.5], "texture": "#texture" } } }, { "__comment": "Support Front 2", "from": [-0.5, 13.5, 10.5], "to": [20.5, 15.5, 12.5], "rotation": { "origin": [-0.5, 13.5, 10.5], "axis": "z", "angle": -45 }, "faces": { "down": { "uv": [10.25, 5, 15.5, 5.5], "texture": "#texture" }, "up": { "uv": [10.25, 5, 15.5, 5.5], "texture": "#texture" }, "north": { "uv": [10.25, 5.5, 15.5, 5], "texture": "#texture", "rotation": 180 }, "south": { "uv": [10.25, 5, 15.5, 5.5], "texture": "#texture" }, "west": { "uv": [15.5, 5, 16, 5.5], "texture": "#texture" }, "east": { "uv": [15.5, 5, 16, 5.5], "texture": "#texture" } } }], "display": { "thirdperson_righthand": { "scale": [0.25, 0.25, 0.25] }, "thirdperson_lefthand": { "scale": [0.25, 0.25, 0.25] }, "firstperson_righthand": { "scale": [0.25, 0.25, 0.25] }, "firstperson_lefthand": { "scale": [0.25, 0.25, 0.25] }, "gui": { "rotation": [22, 157, 0], "translation": [-0.184, -2.114, 0], "scale": [0.4, 0.4, 0.4] }, "head": { "translation": [0, -27.7, 0], "scale": [1.65, 1.65, 1.65] }, "ground": { "translation": [0, 4.25, 0], "scale": [0.35, 0.35, 0.35] } } }