{ "credit": "Model by Elsweyr, forked by HypariaMC", "textures": { "texture": "hyparia:furniture/chair" }, "elements": [{ "__comment": "Seat", "from": [1, 9, 1], "to": [15, 10, 15], "faces": { "down": { "uv": [12.5, 0, 16, 3.5], "texture": "#texture" }, "up": { "uv": [12.5, 0, 16, 3.5], "texture": "#texture" }, "north": { "uv": [16, 3.5, 12.5, 3.75], "texture": "#texture" }, "south": { "uv": [12.5, 3.5, 16, 3.75], "texture": "#texture" }, "west": { "uv": [12.25, 0, 12.5, 3.5], "texture": "#texture", "rotation": 270 }, "east": { "uv": [12.25, 0, 12.5, 3.5], "texture": "#texture", "rotation": 90 } } }, { "__comment": "Leg", "from": [2, 0, 12], "to": [4, 9, 14], "faces": { "down": { "uv": [15.5, 13, 16, 13.5], "texture": "#texture" }, "up": { "uv": [15.5, 13, 16, 13.5], "texture": "#texture" }, "north": { "uv": [15.5, 13.5, 16, 15.75], "texture": "#texture" }, "south": { "uv": [15.5, 13.5, 16, 15.75], "texture": "#texture" }, "west": { "uv": [15.5, 13.5, 16, 15.75], "texture": "#texture" }, "east": { "uv": [15.5, 13.5, 16, 15.75], "texture": "#texture" } } }, { "__comment": "Leg1", "from": [12, 0, 12], "to": [14, 9, 14], "faces": { "down": { "uv": [15.5, 13, 16, 13.5], "texture": "#texture" }, "up": { "uv": [15.5, 13, 16, 13.5], "texture": "#texture" }, "north": { "uv": [15.5, 13.5, 16, 15.75], "texture": "#texture" }, "south": { "uv": [15.5, 13.5, 16, 15.75], "texture": "#texture" }, "west": { "uv": [15.5, 13.5, 16, 15.75], "texture": "#texture" }, "east": { "uv": [15.5, 13.5, 16, 15.75], "texture": "#texture" } } }, { "__comment": "Leg2", "from": [12, 0, 2], "to": [14, 9, 4], "faces": { "down": { "uv": [15.5, 13, 16, 13.5], "texture": "#texture" }, "up": { "uv": [15.5, 13, 16, 13.5], "texture": "#texture" }, "north": { "uv": [15.5, 13.5, 16, 15.75], "texture": "#texture" }, "south": { "uv": [15.5, 13.5, 16, 15.75], "texture": "#texture" }, "west": { "uv": [15.5, 13.5, 16, 15.75], "texture": "#texture" }, "east": { "uv": [15.5, 13.5, 16, 15.75], "texture": "#texture" } } }, { "__comment": "Leg3", "from": [2, 0, 2], "to": [4, 9, 4], "faces": { "down": { "uv": [15.5, 13, 16, 13.5], "texture": "#texture" }, "up": { "uv": [15.5, 13, 16, 13.5], "texture": "#texture" }, "north": { "uv": [15.5, 13.5, 16, 15.75], "texture": "#texture" }, "south": { "uv": [15.5, 13.5, 16, 15.75], "texture": "#texture" }, "west": { "uv": [15.5, 13.5, 16, 15.75], "texture": "#texture" }, "east": { "uv": [15.5, 13.5, 16, 15.75], "texture": "#texture" } } }, { "__comment": "Box6", "from": [4, 7, 12], "to": [12, 9, 14], "faces": { "down": { "uv": [13.5, 13, 15.5, 13.5], "texture": "#texture" }, "up": { "uv": [13.5, 13, 15.5, 13.5], "texture": "#texture" }, "north": { "uv": [13.5, 13, 15.5, 13.5], "texture": "#texture" }, "south": { "uv": [13.5, 13, 15.5, 13.5], "texture": "#texture" }, "west": { "uv": [15.5, 13, 16, 13.5], "texture": "#texture" }, "east": { "uv": [15.5, 13, 16, 13.5], "texture": "#texture" } } }, { "__comment": "Box6", "from": [4, 7, 2], "to": [12, 9, 4], "faces": { "down": { "uv": [13.5, 13, 15.5, 13.5], "texture": "#texture" }, "up": { "uv": [13.5, 13, 15.5, 13.5], "texture": "#texture" }, "north": { "uv": [13.5, 13, 15.5, 13.5], "texture": "#texture" }, "south": { "uv": [13.5, 13, 15.5, 13.5], "texture": "#texture" }, "west": { "uv": [15.5, 13, 16, 13.5], "texture": "#texture" }, "east": { "uv": [15.5, 13, 16, 13.5], "texture": "#texture" } } }, { "__comment": "Box8", "from": [12, 7, 4], "to": [14, 9, 12], "faces": { "down": { "uv": [13.5, 13, 15.5, 13.5], "texture": "#texture", "rotation": 270 }, "up": { "uv": [13.5, 13, 15.5, 13.5], "texture": "#texture", "rotation": 90 }, "north": { "uv": [15.5, 13, 16, 13.5], "texture": "#texture" }, "south": { "uv": [15.5, 13, 16, 13.5], "texture": "#texture" }, "west": { "uv": [13.5, 13, 15.5, 13.5], "texture": "#texture" }, "east": { "uv": [13.5, 13, 15.5, 13.5], "texture": "#texture" } } }, { "__comment": "Box8", "from": [2, 7, 4], "to": [4, 9, 12], "faces": { "down": { "uv": [13.5, 13, 15.5, 13.5], "texture": "#texture", "rotation": 270 }, "up": { "uv": [13.5, 13, 15.5, 13.5], "texture": "#texture", "rotation": 90 }, "north": { "uv": [15.5, 13, 16, 13.5], "texture": "#texture" }, "south": { "uv": [15.5, 13, 16, 13.5], "texture": "#texture" }, "west": { "uv": [13.5, 13, 15.5, 13.5], "texture": "#texture" }, "east": { "uv": [13.5, 13, 15.5, 13.5], "texture": "#texture" } } }, { "__comment": "Box8", "from": [2, 1.5, 4], "to": [4, 3.5, 12], "faces": { "down": { "uv": [13.5, 13, 15.5, 13.5], "texture": "#texture", "rotation": 270 }, "up": { "uv": [13.5, 13, 15.5, 13.5], "texture": "#texture", "rotation": 90 }, "north": { "uv": [15.5, 13, 16, 13.5], "texture": "#texture" }, "south": { "uv": [15.5, 13, 16, 13.5], "texture": "#texture" }, "west": { "uv": [13.5, 13, 15.5, 13.5], "texture": "#texture" }, "east": { "uv": [13.5, 13, 15.5, 13.5], "texture": "#texture" } } }, { "__comment": "Box8", "from": [12, 1.5, 4], "to": [14, 3.5, 12], "faces": { "down": { "uv": [13.5, 13, 15.5, 13.5], "texture": "#texture", "rotation": 270 }, "up": { "uv": [13.5, 13, 15.5, 13.5], "texture": "#texture", "rotation": 90 }, "north": { "uv": [15.5, 13, 16, 13.5], "texture": "#texture" }, "south": { "uv": [15.5, 13, 16, 13.5], "texture": "#texture" }, "west": { "uv": [13.5, 13, 15.5, 13.5], "texture": "#texture" }, "east": { "uv": [13.5, 13, 15.5, 13.5], "texture": "#texture" } } }], "display": { "thirdperson_righthand": { "scale": [0.5, 0.5, 0.5] }, "thirdperson_lefthand": { "scale": [0.5, 0.5, 0.5] }, "firstperson_righthand": { "translation": [2.5706, 1.6413, 0], "scale": [0.5, 0.5, 0.5] }, "firstperson_lefthand": { "translation": [2.5706, 1.6413, 0], "scale": [0.5, 0.5, 0.5] }, "gui": { "rotation": [16, -31, 0], "translation": [0, 1.0434, 0], "scale": [0.5, 0.5, 0.5] }, "head": { "rotation": [0, 180, 0], "translation": [0, -30, 0], "scale": [1.65, 1.65, 1.65] }, "ground": { "translation": [0, 5.8125, 0], "scale": [0.5, 0.5, 0.5] } } }