{ "credit": "Made with Blockbench", "textures": { "0": "hyparia:furniture/table_small", "particle": "hyparia:furniture/table_small" }, "elements": [{ "name": "Box1", "from": [-6, 0, -6], "to": [-2, 14, -2], "faces": { "north": { "uv": [15, 12.5, 16, 16], "texture": "#0" }, "east": { "uv": [15, 12.5, 16, 16], "texture": "#0" }, "south": { "uv": [15, 12.5, 16, 16], "texture": "#0" }, "west": { "uv": [15, 12.5, 16, 16], "texture": "#0" }, "up": { "uv": [0.125, 7.875, 7.875, 15.875], "texture": "#0" }, "down": { "uv": [15, 11.5, 16, 12.5], "texture": "#0" } } }, { "name": "Box1", "from": [-14, 0, -6], "to": [-10, 14, -2], "faces": { "north": { "uv": [15, 12.5, 16, 16], "texture": "#0" }, "east": { "uv": [15, 12.5, 16, 16], "texture": "#0" }, "south": { "uv": [15, 12.5, 16, 16], "texture": "#0" }, "west": { "uv": [15, 12.5, 16, 16], "texture": "#0" }, "up": { "uv": [0.125, 7.875, 7.875, 15.875], "texture": "#0" }, "down": { "uv": [15, 11.5, 16, 12.5], "texture": "#0" } } }, { "name": "Box1", "from": [-14, 0, 17.5], "to": [-10, 14, 21.5], "faces": { "north": { "uv": [15, 12.5, 16, 16], "texture": "#0" }, "east": { "uv": [15, 12.5, 16, 16], "texture": "#0" }, "south": { "uv": [15, 12.5, 16, 16], "texture": "#0" }, "west": { "uv": [15, 12.5, 16, 16], "texture": "#0" }, "up": { "uv": [0.125, 7.875, 7.875, 15.875], "texture": "#0" }, "down": { "uv": [15, 11.5, 16, 12.5], "texture": "#0" } } }, { "name": "Box1", "from": [-6, 0, 18], "to": [-2, 14, 22], "faces": { "north": { "uv": [15, 12.5, 16, 16], "texture": "#0" }, "east": { "uv": [15, 12.5, 16, 16], "texture": "#0" }, "south": { "uv": [15, 12.5, 16, 16], "texture": "#0" }, "west": { "uv": [15, 12.5, 16, 16], "texture": "#0" }, "up": { "uv": [0.125, 7.875, 7.875, 15.875], "texture": "#0" }, "down": { "uv": [15, 11.5, 16, 12.5], "texture": "#0" } } }, { "name": "Box5", "from": [-16, 14, -8], "to": [0, 16, 24], "faces": { "north": { "uv": [8, 11.25, 8.5, 16], "rotation": 270, "texture": "#0" }, "east": { "uv": [0, 7.5, 8, 8], "texture": "#0" }, "south": { "uv": [8, 11.25, 8.5, 16], "rotation": 270, "texture": "#0" }, "west": { "uv": [0, 7.5, 8, 8], "texture": "#0" }, "up": { "uv": [0.125, 7.875, 8, 16], "rotation": 90, "texture": "#0" }, "down": { "uv": [0, 7.875, 8, 16], "rotation": 90, "texture": "#0" } } }, { "name": "Box6", "from": [-5, 3.5, -2], "to": [-3, 7.5, 18], "faces": { "north": { "uv": [13.5, 15, 14, 16], "texture": "#0" }, "east": { "uv": [8.5, 15, 13.5, 16], "texture": "#0" }, "south": { "uv": [13.5, 15, 14, 16], "texture": "#0" }, "west": { "uv": [8.5, 15, 13.5, 16], "texture": "#0" }, "up": { "uv": [0.125, 7.875, 7.875, 15.875], "rotation": 270, "texture": "#0" }, "down": { "uv": [8.5, 14.5, 13.5, 15], "rotation": 90, "texture": "#0" } } }, { "name": "Box6", "from": [-13, 3.5, -2], "to": [-11, 7.5, 18], "faces": { "north": { "uv": [13.5, 15, 14, 16], "texture": "#0" }, "east": { "uv": [8.5, 15, 13.5, 16], "texture": "#0" }, "south": { "uv": [13.5, 15, 14, 16], "texture": "#0" }, "west": { "uv": [8.5, 15, 13.5, 16], "texture": "#0" }, "up": { "uv": [0.125, 7.875, 7.875, 15.875], "rotation": 270, "texture": "#0" }, "down": { "uv": [8.5, 14.5, 13.5, 15], "rotation": 90, "texture": "#0" } } }, { "name": "Box8", "from": [-10, 10, -5], "to": [-6, 14, -3], "faces": { "north": { "uv": [6.5, 0.5, 7.75, 1.375], "texture": "#0" }, "east": { "uv": [15.5, 0.5, 16, 1.5], "texture": "#0" }, "south": { "uv": [6.5, 0.5, 7.75, 1.375], "texture": "#0" }, "west": { "uv": [15.5, 0.5, 16, 1.5], "texture": "#0" }, "up": { "uv": [0.125, 7.875, 7.875, 15.875], "texture": "#0" }, "down": { "uv": [6.5, 0, 12.125, 0.5], "texture": "#0" } } }, { "name": "Box8", "from": [-10, 10, 19], "to": [-6, 14, 21], "faces": { "north": { "uv": [6.5, 0.5, 7.75, 1.375], "texture": "#0" }, "east": { "uv": [15.5, 0.5, 16, 1.5], "texture": "#0" }, "south": { "uv": [6.5, 0.5, 7.75, 1.375], "texture": "#0" }, "west": { "uv": [15.5, 0.5, 16, 1.5], "texture": "#0" }, "up": { "uv": [0.125, 7.875, 7.875, 15.875], "texture": "#0" }, "down": { "uv": [6.5, 0, 12.125, 0.5], "texture": "#0" } } }], "display": { "thirdperson_righthand": { "scale": [0.25, 0.25, 0.25] }, "thirdperson_lefthand": { "scale": [0.25, 0.25, 0.25] }, "firstperson_righthand": { "translation": [3.5923, 0, 0], "scale": [0.25, 0.25, 0.25] }, "firstperson_lefthand": { "translation": [3.5923, 0, 0], "scale": [0.25, 0.25, 0.25] }, "ground": { "translation": [0, 1.7173, 0], "scale": [0.25, 0.25, 0.25] }, "gui": { "rotation": [20, -27, 0], "scale": [0.25, 0.25, 0.25] }, "head": { "translation": [0, -30.04, 0], "scale": [1.65, 1.65, 1.65] } } }