{"textures":{"0":"modelengine:entity/scarecrow_scythe","1":"modelengine:entity/scarycrow","2":"modelengine:entity/crow"},"elements":[{"name":"cube","from":[6.8,10.4,4.7],"to":[9.2,12.8,9.5],"rotation":{"angle":45.0,"axis":"x","origin":[8.0,11.6,6.8]},"faces":{"down":{"uv":[4.0,7.5,2.0,11.5],"rotation":0,"texture":"#2","tintindex":0},"east":{"uv":[0.0,5.5,4.0,7.5],"rotation":0,"texture":"#2","tintindex":0},"north":{"uv":[6.0,0.0,8.0,2.0],"rotation":0,"texture":"#2","tintindex":0},"south":{"uv":[4.0,7.5,6.0,9.5],"rotation":0,"texture":"#2","tintindex":0},"up":{"uv":[2.0,11.5,0.0,7.5],"rotation":0,"texture":"#2","tintindex":0},"west":{"uv":[4.0,5.5,8.0,7.5],"rotation":0,"texture":"#2","tintindex":0}}},{"name":"cube","from":[6.2,11.0,5.3],"to":[6.8,13.400001,10.700001],"rotation":{"angle":45.0,"axis":"x","origin":[8.0,11.6,6.8]},"faces":{"down":{"uv":[7.0,9.0,6.5,13.5],"rotation":0,"texture":"#2","tintindex":0},"east":{"uv":[0.0,3.5,4.5,5.5],"rotation":0,"texture":"#2","tintindex":0},"north":{"uv":[10.0,1.0,10.5,3.0],"rotation":0,"texture":"#2","tintindex":0},"south":{"uv":[10.0,3.0,10.5,5.0],"rotation":0,"texture":"#2","tintindex":0},"up":{"uv":[6.5,13.5,6.0,9.0],"rotation":0,"texture":"#2","tintindex":0},"west":{"uv":[4.5,3.5,9.0,5.5],"rotation":0,"texture":"#2","tintindex":0}}},{"name":"cube","from":[6.95,8.6,7.7],"to":[7.55,9.8,8.3],"rotation":{"angle":0.0,"axis":"x","origin":[8.0,-13.900001,32.9]},"faces":{"down":{"uv":[9.5,6.5,10.0,7.0],"rotation":0,"texture":"#2","tintindex":0},"east":{"uv":[8.0,1.5,9.0,2.0],"rotation":270,"texture":"#2","tintindex":0},"north":{"uv":[10.5,5.0,10.0,6.0],"rotation":180,"texture":"#2","tintindex":0},"south":{"uv":[10.0,6.5,9.5,5.5],"rotation":0,"texture":"#2","tintindex":0},"up":{"uv":[9.5,1.0,10.0,1.5],"rotation":180,"texture":"#2","tintindex":0},"west":{"uv":[8.0,7.0,9.0,7.5],"rotation":90,"texture":"#2","tintindex":0}}},{"name":"cube","from":[6.6499996,7.4,7.1],"to":[7.85,8.6,8.3],"rotation":{"angle":0.0,"axis":"x","origin":[8.0,-13.900001,32.9]},"faces":{"down":{"uv":[9.0,9.0,10.0,10.0],"rotation":0,"texture":"#2","tintindex":0},"east":{"uv":[9.0,8.0,10.0,9.0],"rotation":270,"texture":"#2","tintindex":0},"north":{"uv":[6.0,9.5,5.0,10.5],"rotation":180,"texture":"#2","tintindex":0},"south":{"uv":[5.0,10.5,4.0,9.5],"rotation":0,"texture":"#2","tintindex":0},"up":{"uv":[8.0,9.0,9.0,10.0],"rotation":180,"texture":"#2","tintindex":0},"west":{"uv":[9.5,0.0,10.5,1.0],"rotation":90,"texture":"#2","tintindex":0}}},{"name":"cube","from":[9.2,11.0,5.3],"to":[9.8,13.400001,10.700001],"rotation":{"angle":45.0,"axis":"x","origin":[8.0,11.6,6.8]},"faces":{"down":{"uv":[6.5,9.0,7.0,13.5],"rotation":0,"texture":"#2","tintindex":0},"east":{"uv":[9.0,3.5,4.5,5.5],"rotation":0,"texture":"#2","tintindex":0},"north":{"uv":[10.5,1.0,10.0,3.0],"rotation":0,"texture":"#2","tintindex":0},"south":{"uv":[10.5,3.0,10.0,5.0],"rotation":0,"texture":"#2","tintindex":0},"up":{"uv":[6.0,13.5,6.5,9.0],"rotation":0,"texture":"#2","tintindex":0},"west":{"uv":[4.5,3.5,0.0,5.5],"rotation":0,"texture":"#2","tintindex":0}}},{"name":"cube","from":[8.45,8.6,7.7],"to":[9.05,9.8,8.3],"rotation":{"angle":0.0,"axis":"x","origin":[8.0,-13.900001,32.9]},"faces":{"down":{"uv":[10.0,6.5,9.5,7.0],"rotation":0,"texture":"#2","tintindex":0},"east":{"uv":[9.0,7.0,8.0,7.5],"rotation":270,"texture":"#2","tintindex":0},"north":{"uv":[10.0,5.0,10.5,6.0],"rotation":180,"texture":"#2","tintindex":0},"south":{"uv":[9.5,6.5,10.0,5.5],"rotation":0,"texture":"#2","tintindex":0},"up":{"uv":[10.0,1.0,9.5,1.5],"rotation":180,"texture":"#2","tintindex":0},"west":{"uv":[9.0,1.5,8.0,2.0],"rotation":90,"texture":"#2","tintindex":0}}},{"name":"cube","from":[8.15,7.4,7.1],"to":[9.35,8.6,8.3],"rotation":{"angle":0.0,"axis":"x","origin":[8.0,-13.900001,32.9]},"faces":{"down":{"uv":[10.0,9.0,9.0,10.0],"rotation":0,"texture":"#2","tintindex":0},"east":{"uv":[10.5,0.0,9.5,1.0],"rotation":270,"texture":"#2","tintindex":0},"north":{"uv":[5.0,9.5,6.0,10.5],"rotation":180,"texture":"#2","tintindex":0},"south":{"uv":[4.0,10.5,5.0,9.5],"rotation":0,"texture":"#2","tintindex":0},"up":{"uv":[9.0,9.0,8.0,10.0],"rotation":180,"texture":"#2","tintindex":0},"west":{"uv":[10.0,8.0,9.0,9.0],"rotation":90,"texture":"#2","tintindex":0}}},{"name":"cube","from":[6.2,9.59744,8.292971],"to":[9.8,9.59744,12.492971],"rotation":{"angle":22.5,"axis":"x","origin":[8.0,8.39744,11.592971]},"faces":{"down":{"uv":[6.0,0.0,3.0,3.5],"rotation":0,"texture":"#2","tintindex":0},"east":{"uv":[0.0,0.0,3.5,0.0],"rotation":0,"texture":"#2","tintindex":0},"north":{"uv":[0.0,0.0,3.0,0.0],"rotation":0,"texture":"#2","tintindex":0},"south":{"uv":[0.0,0.0,3.0,0.0],"rotation":0,"texture":"#2","tintindex":0},"up":{"uv":[3.0,3.5,0.0,0.0],"rotation":0,"texture":"#2","tintindex":0},"west":{"uv":[0.0,0.0,3.5,0.0],"rotation":0,"texture":"#2","tintindex":0}}}],"display":{"head":{"translation":[0.0,-6.4,0.0],"rotation":[0.0,0.0,0.0],"scale":[3.8095,3.8095,3.8095]}}}