{"textures":{"0":"modelengine:entity/scarecrow_scythe","1":"modelengine:entity/scarycrow","2":"modelengine:entity/crow"},"elements":[{"name":"cube","from":[5.6,11.6,3.7999997],"to":[10.4,13.400001,9.2],"rotation":{"angle":0.0,"axis":"x","origin":[8.0,13.1,7.1]},"faces":{"down":{"uv":[7.625,4.125,6.625,5.25],"rotation":0,"texture":"#1","tintindex":0},"east":{"uv":[8.125,5.5,9.25,5.875],"rotation":0,"texture":"#1","tintindex":0},"north":{"uv":[8.875,0.75,9.875,1.125],"rotation":0,"texture":"#1","tintindex":0},"south":{"uv":[9.0,4.625,10.0,5.0],"rotation":0,"texture":"#1","tintindex":0},"up":{"uv":[7.625,4.125,6.625,3.0],"rotation":0,"texture":"#1","tintindex":0},"west":{"uv":[8.5,3.375,9.625,3.75],"rotation":0,"texture":"#1","tintindex":0}}},{"name":"cube","from":[1.9999998,11.0,0.7999997],"to":[14.0,11.6,12.8],"rotation":{"angle":0.0,"axis":"x","origin":[8.0,9.2,6.8]},"faces":{"down":{"uv":[2.5,2.5,0.0,5.0],"rotation":0,"texture":"#1","tintindex":0},"east":{"uv":[8.5,3.875,11.0,4.0],"rotation":0,"texture":"#1","tintindex":0},"north":{"uv":[8.5,3.75,11.0,3.875],"rotation":0,"texture":"#1","tintindex":0},"south":{"uv":[8.875,1.125,11.375,1.25],"rotation":0,"texture":"#1","tintindex":0},"up":{"uv":[2.5,2.5,0.0,0.0],"rotation":0,"texture":"#1","tintindex":0},"west":{"uv":[8.875,1.25,11.375,1.375],"rotation":0,"texture":"#1","tintindex":0}}},{"name":"cube","from":[6.2,6.2,4.3999996],"to":[10.4,11.0,8.6],"rotation":{"angle":-45.0,"axis":"y","origin":[8.0,9.2,6.2]},"faces":{"down":{"uv":[6.5,8.125,5.625,9.0],"rotation":0,"texture":"#1","tintindex":0},"east":{"uv":[6.75,7.375,7.625,8.375],"rotation":0,"texture":"#1","tintindex":0},"north":{"uv":[2.25,7.375,3.125,8.375],"rotation":0,"texture":"#1","tintindex":0},"south":{"uv":[7.5,0.0,8.375,1.0],"rotation":0,"texture":"#1","tintindex":0},"up":{"uv":[9.0,5.5,8.125,4.625],"rotation":0,"texture":"#1","tintindex":0},"west":{"uv":[7.5,1.0,8.375,2.0],"rotation":0,"texture":"#1","tintindex":0}}}],"display":{"head":{"translation":[0.0,-6.4,0.0],"rotation":[0.0,0.0,0.0],"scale":[3.8095,3.8095,3.8095]}}}