{"textures":{"0":"modelengine:entity/scarecrow_scythe","1":"modelengine:entity/scarycrow","2":"modelengine:entity/crow"},"elements":[{"name":"cube","from":[7.1,3.1999998,6.2],"to":[8.3,8.6,8.0],"rotation":{"angle":0.0,"axis":"x","origin":[-0.40000033,11.0,5.6]},"faces":{"down":{"uv":[2.75,10.0,2.5,10.375],"rotation":0,"texture":"#1","tintindex":0},"east":{"uv":[5.5,9.0,5.875,10.125],"rotation":0,"texture":"#1","tintindex":0},"north":{"uv":[7.875,9.125,8.125,10.25],"rotation":0,"texture":"#1","tintindex":0},"south":{"uv":[3.375,9.25,3.625,10.375],"rotation":0,"texture":"#1","tintindex":0},"up":{"uv":[2.5,10.375,2.25,10.0],"rotation":0,"texture":"#1","tintindex":0},"west":{"uv":[5.875,9.0,6.25,10.125],"rotation":0,"texture":"#1","tintindex":0}}}],"display":{"head":{"translation":[0.0,-6.4,0.0],"rotation":[0.0,0.0,0.0],"scale":[3.8095,3.8095,3.8095]}}}