{"textures":{"0":"modelengine:entity/scarecrow_scythe","1":"modelengine:entity/scarycrow","2":"modelengine:entity/crow"},"elements":[{"name":"cube","from":[2.2999997,5.6,7.4],"to":[13.7,10.4,12.2],"rotation":{"angle":-22.5,"axis":"x","origin":[8.0,8.0,8.0]},"faces":{"down":{"uv":[7.5,2.0,5.125,3.0],"rotation":0,"texture":"#1","tintindex":0},"east":{"uv":[6.75,6.375,7.75,7.375],"rotation":0,"texture":"#1","tintindex":0},"north":{"uv":[0.0,5.0,2.375,6.0],"rotation":0,"texture":"#1","tintindex":0},"south":{"uv":[5.125,0.0,7.5,1.0],"rotation":0,"texture":"#1","tintindex":0},"up":{"uv":[7.5,2.0,5.125,1.0],"rotation":0,"texture":"#1","tintindex":0},"west":{"uv":[0.0,7.375,1.0,8.375],"rotation":0,"texture":"#1","tintindex":0}}},{"name":"cube","from":[10.700001,10.4,6.2],"to":[12.5,13.400001,12.2],"rotation":{"angle":-22.5,"axis":"x","origin":[8.0,8.0,8.0]},"faces":{"down":{"uv":[9.0,7.0,8.625,8.25],"rotation":0,"texture":"#1","tintindex":0},"east":{"uv":[7.75,6.375,9.0,7.0],"rotation":0,"texture":"#1","tintindex":0},"north":{"uv":[6.75,9.75,7.125,10.375],"rotation":0,"texture":"#1","tintindex":0},"south":{"uv":[9.75,6.875,10.125,7.5],"rotation":0,"texture":"#1","tintindex":0},"up":{"uv":[4.125,9.75,3.75,8.5],"rotation":0,"texture":"#1","tintindex":0},"west":{"uv":[3.125,7.875,4.375,8.5],"rotation":0,"texture":"#1","tintindex":0}}},{"name":"cube","from":[10.700001,6.2,6.2],"to":[10.700001,10.4,8.0],"rotation":{"angle":-22.5,"axis":"x","origin":[8.0,8.0,8.0]},"faces":{"down":{"uv":[0.0,0.0,0.0,0.375],"rotation":0,"texture":"#1","tintindex":0},"east":{"uv":[8.625,9.0,9.0,9.875],"rotation":0,"texture":"#1","tintindex":0},"north":{"uv":[0.0,0.0,0.0,0.875],"rotation":0,"texture":"#1","tintindex":0},"south":{"uv":[0.0,0.0,0.0,0.875],"rotation":0,"texture":"#1","tintindex":0},"up":{"uv":[0.0,0.375,0.0,0.0],"rotation":0,"texture":"#1","tintindex":0},"west":{"uv":[9.0,9.0,9.375,9.875],"rotation":0,"texture":"#1","tintindex":0}}},{"name":"cube","from":[5.8999996,6.2,6.2],"to":[5.8999996,10.4,8.0],"rotation":{"angle":-22.5,"axis":"x","origin":[8.0,8.0,8.0]},"faces":{"down":{"uv":[0.0,0.0,0.0,0.375],"rotation":0,"texture":"#1","tintindex":0},"east":{"uv":[2.0,9.125,2.375,10.0],"rotation":0,"texture":"#1","tintindex":0},"north":{"uv":[0.0,0.0,0.0,0.875],"rotation":0,"texture":"#1","tintindex":0},"south":{"uv":[0.0,0.0,0.0,0.875],"rotation":0,"texture":"#1","tintindex":0},"up":{"uv":[0.0,0.375,0.0,0.0],"rotation":0,"texture":"#1","tintindex":0},"west":{"uv":[2.375,9.125,2.75,10.0],"rotation":0,"texture":"#1","tintindex":0}}},{"name":"cube","from":[4.1,10.4,6.2],"to":[5.8999996,13.400001,12.2],"rotation":{"angle":-22.5,"axis":"x","origin":[8.0,8.0,8.0]},"faces":{"down":{"uv":[4.875,8.75,4.5,10.0],"rotation":0,"texture":"#1","tintindex":0},"east":{"uv":[8.125,4.0,9.375,4.625],"rotation":0,"texture":"#1","tintindex":0},"north":{"uv":[7.125,9.75,7.5,10.375],"rotation":0,"texture":"#1","tintindex":0},"south":{"uv":[8.125,9.75,8.5,10.375],"rotation":0,"texture":"#1","tintindex":0},"up":{"uv":[4.5,10.0,4.125,8.75],"rotation":0,"texture":"#1","tintindex":0},"west":{"uv":[4.375,8.125,5.625,8.75],"rotation":0,"texture":"#1","tintindex":0}}},{"name":"cube","from":[5.8999996,10.4,11.0],"to":[10.700001,13.400001,12.2],"rotation":{"angle":-22.5,"axis":"x","origin":[8.0,8.0,8.0]},"faces":{"down":{"uv":[10.25,3.125,9.25,3.375],"rotation":0,"texture":"#1","tintindex":0},"east":{"uv":[9.875,4.0,10.125,4.625],"rotation":0,"texture":"#1","tintindex":0},"north":{"uv":[8.375,1.375,9.375,2.0],"rotation":0,"texture":"#1","tintindex":0},"south":{"uv":[8.375,2.0,9.375,2.625],"rotation":0,"texture":"#1","tintindex":0},"up":{"uv":[10.125,9.0,9.125,8.75],"rotation":0,"texture":"#1","tintindex":0},"west":{"uv":[8.5,9.875,8.75,10.5],"rotation":0,"texture":"#1","tintindex":0}}},{"name":"cube","from":[13.7,12.2,6.8],"to":[17.900002,12.2,11.6],"rotation":{"angle":45.0,"axis":"z","origin":[15.8,10.4,9.8]},"faces":{"down":{"uv":[8.5,3.0,7.625,4.0],"rotation":0,"texture":"#1","tintindex":0},"east":{"uv":[0.0,0.0,1.0,0.0],"rotation":0,"texture":"#1","tintindex":0},"north":{"uv":[0.0,0.0,0.875,0.0],"rotation":0,"texture":"#1","tintindex":0},"south":{"uv":[0.0,0.0,0.875,0.0],"rotation":0,"texture":"#1","tintindex":0},"up":{"uv":[8.375,3.0,7.5,2.0],"rotation":0,"texture":"#1","tintindex":0},"west":{"uv":[0.0,0.0,1.0,0.0],"rotation":0,"texture":"#1","tintindex":0}}},{"name":"cube","from":[-1.3000002,12.2,6.8],"to":[2.8999999,12.2,11.6],"rotation":{"angle":-45.0,"axis":"z","origin":[0.7999997,10.4,9.8]},"faces":{"down":{"uv":[7.625,3.0,8.5,4.0],"rotation":0,"texture":"#1","tintindex":0},"east":{"uv":[1.0,0.0,0.0,0.0],"rotation":0,"texture":"#1","tintindex":0},"north":{"uv":[0.875,0.0,0.0,0.0],"rotation":0,"texture":"#1","tintindex":0},"south":{"uv":[0.875,0.0,0.0,0.0],"rotation":0,"texture":"#1","tintindex":0},"up":{"uv":[7.5,3.0,8.375,2.0],"rotation":0,"texture":"#1","tintindex":0},"west":{"uv":[1.0,0.0,0.0,0.0],"rotation":0,"texture":"#1","tintindex":0}}},{"name":"cube","from":[-2.5000005,8.0,9.8],"to":[19.1,9.8,11.6],"rotation":{"angle":-22.5,"axis":"x","origin":[8.0,8.0,8.0]},"faces":{"down":{"uv":[9.0,6.0,4.5,6.375],"rotation":0,"texture":"#1","tintindex":0},"east":{"uv":[7.75,7.0,8.125,7.375],"rotation":0,"texture":"#1","tintindex":0},"north":{"uv":[2.375,5.25,6.875,5.625],"rotation":0,"texture":"#1","tintindex":0},"south":{"uv":[2.375,5.625,6.875,6.0],"rotation":0,"texture":"#1","tintindex":0},"up":{"uv":[4.5,6.375,0.0,6.0],"rotation":0,"texture":"#1","tintindex":0},"west":{"uv":[9.75,7.5,10.125,7.875],"rotation":0,"texture":"#1","tintindex":0}}},{"name":"cube","from":[5.8999996,2.6,7.4],"to":[10.700001,9.8,10.4],"rotation":{"angle":0.0,"axis":"x","origin":[8.0,8.0,8.0]},"faces":{"down":{"uv":[9.125,8.375,8.125,9.0],"rotation":0,"texture":"#1","tintindex":0},"east":{"uv":[1.0,7.375,1.625,8.875],"rotation":0,"texture":"#1","tintindex":0},"north":{"uv":[3.25,6.375,4.25,7.875],"rotation":0,"texture":"#1","tintindex":0},"south":{"uv":[4.25,6.375,5.25,7.875],"rotation":0,"texture":"#1","tintindex":0},"up":{"uv":[7.5,9.0,6.5,8.375],"rotation":0,"texture":"#1","tintindex":0},"west":{"uv":[1.625,7.375,2.25,8.875],"rotation":0,"texture":"#1","tintindex":0}}},{"name":"cube","from":[4.7,4.5033674,5.9510474],"to":[11.900001,9.903368,5.9510474],"rotation":{"angle":45.0,"axis":"x","origin":[8.0,8.103368,6.5510473]},"faces":{"down":{"uv":[1.5,0.0,0.0,0.0],"rotation":0,"texture":"#1","tintindex":0},"east":{"uv":[0.0,0.0,0.0,1.125],"rotation":0,"texture":"#1","tintindex":0},"north":{"uv":[5.125,3.0,6.625,4.125],"rotation":0,"texture":"#1","tintindex":0},"south":{"uv":[5.125,3.0,6.625,4.125],"rotation":0,"texture":"#1","tintindex":0},"up":{"uv":[1.5,0.0,0.0,0.0],"rotation":0,"texture":"#1","tintindex":0},"west":{"uv":[0.0,0.0,0.0,1.125],"rotation":0,"texture":"#1","tintindex":0}}},{"name":"cube","from":[4.7,2.1033673,12.551047],"to":[11.900001,7.5033674,12.551047],"rotation":{"angle":-22.5,"axis":"x","origin":[8.3,4.8033676,12.551047]},"faces":{"down":{"uv":[1.5,0.0,0.0,0.0],"rotation":0,"texture":"#1","tintindex":0},"east":{"uv":[0.0,0.0,0.0,1.125],"rotation":0,"texture":"#1","tintindex":0},"north":{"uv":[5.125,3.0,6.625,4.125],"rotation":0,"texture":"#1","tintindex":0},"south":{"uv":[5.125,3.0,6.625,4.125],"rotation":0,"texture":"#1","tintindex":0},"up":{"uv":[1.5,0.0,0.0,0.0],"rotation":0,"texture":"#1","tintindex":0},"west":{"uv":[0.0,0.0,0.0,1.125],"rotation":0,"texture":"#1","tintindex":0}}},{"name":"cube","from":[6.5,0.9801743,7.122203],"to":[10.1,3.3801744,10.722203],"rotation":{"angle":-22.5,"axis":"x","origin":[8.3,2.1801744,9.522203]},"faces":{"down":{"uv":[3.0,8.375,2.25,9.125],"rotation":0,"texture":"#1","tintindex":0},"east":{"uv":[9.0,5.875,9.75,6.375],"rotation":0,"texture":"#1","tintindex":0},"north":{"uv":[9.0,5.0,9.75,5.5],"rotation":0,"texture":"#1","tintindex":0},"south":{"uv":[6.25,9.0,7.0,9.5],"rotation":0,"texture":"#1","tintindex":0},"up":{"uv":[7.625,6.0,6.875,5.25],"rotation":0,"texture":"#1","tintindex":0},"west":{"uv":[9.0,6.375,9.75,6.875],"rotation":0,"texture":"#1","tintindex":0}}},{"name":"cube","from":[4.7,-3.4000006,6.8],"to":[11.900001,9.2,6.8],"rotation":{"angle":0.0,"axis":"x","origin":[8.0,8.0,8.0]},"faces":{"down":{"uv":[3.25,6.375,1.625,7.375],"rotation":0,"texture":"#1","tintindex":0},"east":{"uv":[4.125,0.0,5.125,2.625],"rotation":0,"texture":"#1","tintindex":0},"north":{"uv":[2.5,0.0,4.0,2.625],"rotation":0,"texture":"#1","tintindex":0},"south":{"uv":[4.0,0.0,2.5,2.625],"rotation":0,"texture":"#1","tintindex":0},"up":{"uv":[1.625,7.375,0.0,6.375],"rotation":0,"texture":"#1","tintindex":0},"west":{"uv":[4.125,2.625,5.125,5.25],"rotation":0,"texture":"#1","tintindex":0}}},{"name":"cube","from":[4.7,-3.4000006,11.6],"to":[11.900001,9.2,11.6],"rotation":{"angle":0.0,"axis":"x","origin":[8.0,8.0,8.0]},"faces":{"down":{"uv":[3.25,6.375,1.625,7.375],"rotation":0,"texture":"#1","tintindex":0},"east":{"uv":[4.125,0.0,5.125,2.625],"rotation":0,"texture":"#1","tintindex":0},"north":{"uv":[4.0,2.625,2.5,5.25],"rotation":0,"texture":"#1","tintindex":0},"south":{"uv":[2.5,2.625,4.0,5.25],"rotation":0,"texture":"#1","tintindex":0},"up":{"uv":[1.625,7.375,0.0,6.375],"rotation":0,"texture":"#1","tintindex":0},"west":{"uv":[4.125,2.625,5.125,5.25],"rotation":0,"texture":"#1","tintindex":0}}},{"name":"cube","from":[11.900001,-3.4000006,6.8],"to":[11.900001,9.2,11.6],"rotation":{"angle":0.0,"axis":"x","origin":[8.0,8.0,8.0]},"faces":{"down":{"uv":[3.25,6.375,1.625,7.375],"rotation":0,"texture":"#1","tintindex":0},"east":{"uv":[4.125,0.0,5.125,2.625],"rotation":0,"texture":"#1","tintindex":0},"north":{"uv":[2.5,0.0,4.0,2.625],"rotation":0,"texture":"#1","tintindex":0},"south":{"uv":[2.5,2.625,4.0,5.25],"rotation":0,"texture":"#1","tintindex":0},"up":{"uv":[1.625,7.375,0.0,6.375],"rotation":0,"texture":"#1","tintindex":0},"west":{"uv":[5.125,0.0,4.125,2.625],"rotation":0,"texture":"#1","tintindex":0}}},{"name":"cube","from":[4.7,-3.4000006,6.8],"to":[4.7,9.2,11.6],"rotation":{"angle":0.0,"axis":"x","origin":[8.0,8.0,8.0]},"faces":{"down":{"uv":[3.25,6.375,1.625,7.375],"rotation":0,"texture":"#1","tintindex":0},"east":{"uv":[5.125,2.625,4.125,5.25],"rotation":0,"texture":"#1","tintindex":0},"north":{"uv":[2.5,0.0,4.0,2.625],"rotation":0,"texture":"#1","tintindex":0},"south":{"uv":[2.5,2.625,4.0,5.25],"rotation":0,"texture":"#1","tintindex":0},"up":{"uv":[1.625,7.375,0.0,6.375],"rotation":0,"texture":"#1","tintindex":0},"west":{"uv":[4.125,2.625,5.125,5.25],"rotation":0,"texture":"#1","tintindex":0}}}],"display":{"head":{"translation":[0.0,-6.4,0.0],"rotation":[0.0,0.0,0.0],"scale":[3.8095,3.8095,3.8095]}}}