{ "variants": { "power=0": { "model": "hyparia:block/target/0" }, "power=1": { "model": "hyparia:block/target/1" }, "power=2": { "model": "hyparia:block/target/2" }, "power=3": { "model": "hyparia:block/target/3" }, "power=4": { "model": "hyparia:block/target/4" }, "power=5": { "model": "hyparia:block/target/5" }, "power=6": { "model": "hyparia:block/target/6" }, "power=7": { "model": "hyparia:block/target/7" }, "power=8": { "model": "hyparia:block/target/8" }, "power=9": { "model": "hyparia:block/target/9" }, "power=10": { "model": "hyparia:block/target/10" }, "power=11": { "model": "hyparia:block/target/11" }, "power=12": { "model": "hyparia:block/target/12" }, "power=13": { "model": "hyparia:block/target/13" }, "power=14": { "model": "hyparia:block/target/14" }, "power=15": { "model": "hyparia:block/target/15" } } }