{ "textures": { "updown": "block/mushroom_block_inside", "side": "block/red_mushroom_block", "particle": "block/red_mushroom_block" }, "elements": [{ "from": [0, 0, 0], "to": [16, 16, 16], "faces": { "down": { "texture": "#updown", "cullface": "down" }, "east": { "texture": "#side", "cullface": "east" }, "north": { "texture": "#updown", "cullface": "north" }, "south": { "texture": "#updown", "cullface": "south" }, "up": { "texture": "#side", "cullface": "up" }, "west": { "texture": "#updown", "cullface": "west" } } }] }