{ "credit": "Model by Elsweyr, forked by HypariaMC", "textures": { "particle": "hyparia:furniture/gong", "texture": "hyparia:furniture/gong" }, "elements": [{ "name": "Leg L", "from": [-7.5, -6, 6.5], "to": [-4.5, 26, 9.5], "faces": { "north": { "uv": [14.5, 0, 16, 16], "texture": "#texture" }, "east": { "uv": [14.5, 0, 16, 16], "texture": "#texture" }, "south": { "uv": [14.5, 0, 16, 16], "texture": "#texture" }, "west": { "uv": [14.5, 0, 16, 16], "texture": "#texture" }, "up": { "uv": [13, 0, 14.5, 1.5], "texture": "#texture" }, "down": { "uv": [13, 0, 14.5, 1.5], "texture": "#texture" } } }, { "name": "Connector L", "from": [-8, 19.5, 6], "to": [-4, 23.5, 10], "faces": { "north": { "uv": [12.5, 14, 14.5, 16], "texture": "#texture" }, "east": { "uv": [12.5, 14, 14.5, 16], "texture": "#texture" }, "south": { "uv": [12.5, 14, 14.5, 16], "texture": "#texture" }, "west": { "uv": [12.5, 14, 14.5, 16], "texture": "#texture" }, "up": { "uv": [12.5, 14, 14.5, 16], "texture": "#texture" }, "down": { "uv": [12.5, 14, 14.5, 16], "texture": "#texture" } } }, { "name": "Top", "from": [-4, 20, 6.5], "to": [20, 23, 9.5], "faces": { "north": { "uv": [0, 0, 12, 1.5], "texture": "#texture" }, "east": { "uv": [13, 0, 14.5, 1.5], "texture": "#texture" }, "south": { "uv": [0, 0, 12, 1.5], "texture": "#texture" }, "west": { "uv": [13, 0, 14.5, 1.5], "texture": "#texture" }, "up": { "uv": [0, 0, 12, 1.5], "texture": "#texture" }, "down": { "uv": [0, 0, 12, 1.5], "texture": "#texture" } } }, { "name": "Foot L", "from": [-8, -8, 0], "to": [-4, -6, 16], "faces": { "north": { "uv": [10.5, 15, 12.5, 16], "texture": "#texture" }, "east": { "uv": [2.5, 15, 10.5, 16], "texture": "#texture" }, "south": { "uv": [10.5, 15, 12.5, 16], "texture": "#texture" }, "west": { "uv": [2.5, 15, 10.5, 16], "texture": "#texture" }, "up": { "uv": [10.5, 7, 12.5, 15], "texture": "#texture" }, "down": { "uv": [10.5, 7, 12.5, 15], "texture": "#texture" } } }, { "name": "Leg R", "from": [20.5, -6, 6.5], "to": [23.5, 26, 9.5], "faces": { "north": { "uv": [14.5, 0, 16, 16], "texture": "#texture" }, "east": { "uv": [14.5, 0, 16, 16], "texture": "#texture" }, "south": { "uv": [14.5, 0, 16, 16], "texture": "#texture" }, "west": { "uv": [14.5, 0, 16, 16], "texture": "#texture" }, "up": { "uv": [13, 0, 14.5, 1.5], "texture": "#texture" }, "down": { "uv": [13, 0, 14.5, 1.5], "texture": "#texture" } } }, { "name": "Connector R", "from": [20, 19.5, 6], "to": [24, 23.5, 10], "faces": { "north": { "uv": [12.5, 14, 14.5, 16], "texture": "#texture" }, "east": { "uv": [12.5, 14, 14.5, 16], "texture": "#texture" }, "south": { "uv": [12.5, 14, 14.5, 16], "texture": "#texture" }, "west": { "uv": [12.5, 14, 14.5, 16], "texture": "#texture" }, "up": { "uv": [12.5, 14, 14.5, 16], "texture": "#texture" }, "down": { "uv": [12.5, 14, 14.5, 16], "texture": "#texture" } } }, { "name": "Foot R", "from": [20, -8, 0], "to": [24, -6, 16], "faces": { "north": { "uv": [10.5, 15, 12.5, 16], "texture": "#texture" }, "east": { "uv": [2.5, 15, 10.5, 16], "texture": "#texture" }, "south": { "uv": [10.5, 15, 12.5, 16], "texture": "#texture" }, "west": { "uv": [2.5, 15, 10.5, 16], "texture": "#texture" }, "up": { "uv": [10.5, 7, 12.5, 15], "texture": "#texture" }, "down": { "uv": [10.5, 7, 12.5, 15], "texture": "#texture" } } }, { "name": "Gong", "from": [-2, -2.5, 8], "to": [18, 17.5, 8.001], "faces": { "north": { "uv": [0, 5, 10, 15], "texture": "#texture" }, "south": { "uv": [0, 5, 10, 15], "texture": "#texture" }, "west": { "uv": [0.25, 2, 1, 2.75], "texture": "#texture" } } }, { "name": "Chain L 1", "from": [3.5, 15, 7], "to": [3.501, 21, 9], "rotation": { "angle": 22.5, "axis": "z", "origin": [3.5, 15, 7] }, "faces": { "east": { "uv": [12, 0, 13, 2.75], "texture": "#texture" }, "west": { "uv": [12, 0, 13, 3], "texture": "#texture" } } }, { "name": "Chain L 2", "from": [2.125, 16.25, 8], "to": [4.125, 19.25, 8.001], "rotation": { "angle": 22.5, "axis": "z", "origin": [2.125, 16.25, 8] }, "faces": { "north": { "uv": [12, 3, 13, 4.5], "texture": "#texture" }, "south": { "uv": [12.25, 3, 13.25, 4.5], "texture": "#texture" } } }, { "name": "Chain R 1", "from": [13, 15, 7], "to": [13.001, 21, 9], "rotation": { "angle": -22.5, "axis": "z", "origin": [13, 15, 7] }, "faces": { "east": { "uv": [12, 1.5, 13, 4.25], "texture": "#texture" }, "west": { "uv": [12, 0, 13, 3], "texture": "#texture" } } }, { "name": "Chain R 2", "from": [12.208, 16.681, 8], "to": [14.208, 19.681, 8.001], "rotation": { "angle": -22.5, "axis": "z", "origin": [13, 15, 7] }, "faces": { "north": { "uv": [12, 3, 13, 4.5], "texture": "#texture" }, "south": { "uv": [12.25, 3, 13.25, 4.5], "texture": "#texture" } } }], "display": { "thirdperson_righthand": { "scale": [0.25, 0.25, 0.25] }, "thirdperson_lefthand": { "scale": [0.25, 0.25, 0.25] }, "firstperson_righthand": { "rotation": [0, 180, 0], "scale": [0.25, 0.25, 0.25] }, "firstperson_lefthand": { "rotation": [0, 180, 0], "scale": [0.25, 0.25, 0.25] }, "ground": { "translation": [0, 7.6983, 0], "scale": [0.25, 0.25, 0.25] }, "gui": { "rotation": [18, 152, 0], "scale": [0.25, 0.25, 0.25] }, "head": { "translation": [0, -16.83, 0], "scale": [1.65, 1.65, 1.65] } } }