{ "credit": "Model by Elsweyr, forked by HypariaMC", "textures": { "particle": "hyparia:furniture/meat_ham", "texture": "hyparia:furniture/meat_ham" }, "elements": [{ "__comment": "Big Meat", "from": [5.5, 0, 3], "to": [10.5, 5, 8], "faces": { "down": { "uv": [0, 6, 5, 11], "texture": "#texture" }, "up": { "uv": [0, 11, 5, 6], "texture": "#texture" }, "north": { "uv": [0, 11, 5, 16], "texture": "#texture" }, "south": { "uv": [10, 11, 15, 16], "texture": "#texture" }, "west": { "uv": [5, 11, 10, 16], "texture": "#texture" }, "east": { "uv": [5, 11, 10, 16], "texture": "#texture" } } }, { "__comment": "Little Meat", "from": [6.5, 1, 8], "to": [9.5, 4, 10], "faces": { "down": { "uv": [11, 0, 14, 2], "texture": "#texture" }, "up": { "uv": [11, 2, 14, 0], "texture": "#texture" }, "north": { "uv": [11, 2, 14, 5], "texture": "#texture" }, "south": { "uv": [11, 2, 14, 5], "texture": "#texture" }, "west": { "uv": [14, 2, 16, 5], "texture": "#texture" }, "east": { "uv": [14, 2, 16, 5], "texture": "#texture" } } }, { "__comment": "Bone", "from": [7.5, 2, 10], "to": [8.5, 3, 12], "faces": { "down": { "uv": [15, 5, 16, 7], "texture": "#texture" }, "up": { "uv": [15, 7, 16, 5], "texture": "#texture" }, "north": { "uv": [13, 7, 14, 8], "texture": "#texture" }, "south": { "uv": [13, 7, 14, 8], "texture": "#texture" }, "west": { "uv": [15, 7, 16, 5], "texture": "#texture", "rotation": 270 }, "east": { "uv": [15, 7, 16, 5], "texture": "#texture", "rotation": 90 } } }, { "__comment": "Bone", "from": [7, 2, 12], "to": [9, 3, 13], "faces": { "down": { "uv": [14, 5, 15, 7], "texture": "#texture", "rotation": 90 }, "up": { "uv": [14, 5, 15, 7], "texture": "#texture", "rotation": 270 }, "north": { "uv": [14, 5, 15, 7], "texture": "#texture", "rotation": 270 }, "south": { "uv": [14, 5, 15, 7], "texture": "#texture", "rotation": 90 }, "west": { "uv": [13, 7, 14, 8], "texture": "#texture" }, "east": { "uv": [13, 7, 14, 8], "texture": "#texture" } } }], "display": { "thirdperson_righthand": { "translation": [0, 5.5869, 0] }, "thirdperson_lefthand": { "translation": [0, 5.5869, 0] }, "firstperson_righthand": { "translation": [0, 3.6195, 0] }, "firstperson_lefthand": { "translation": [0, 3.6195, 0] }, "gui": { "rotation": [28, 141, 0], "translation": [0, 4.7336, 0] }, "head": { "translation": [0, -30, 0], "scale": [1.65, 1.65, 1.65] }, "ground": { "translation": [0, 4, 0], "scale": [0.75, 0.75, 0.75] } } }