{ "credit": "Model by Heliosard", "textures": { "particle": "hyparia:furniture/scale", "texture": "hyparia:furniture/scale" }, "elements": [{ "name": "Base", "from": [5, 0, 5], "to": [11, 1, 11], "faces": { "north": { "uv": [10, 15, 16, 16], "texture": "#texture" }, "east": { "uv": [10, 15, 16, 16], "texture": "#texture" }, "south": { "uv": [10, 15, 16, 16], "texture": "#texture" }, "west": { "uv": [10, 15, 16, 16], "texture": "#texture" }, "up": { "uv": [10, 9, 16, 15], "texture": "#texture" }, "down": { "uv": [10, 9, 16, 15], "texture": "#texture" } } }, { "name": "Shaft", "from": [7.5, 1, 7.5], "to": [8.5, 11, 8.5], "faces": { "north": { "uv": [0, 6, 1, 16], "texture": "#texture" }, "east": { "uv": [0, 6, 1, 16], "texture": "#texture" }, "south": { "uv": [0, 6, 1, 16], "texture": "#texture" }, "west": { "uv": [0, 6, 1, 16], "texture": "#texture" }, "up": { "uv": [0, 6, 1, 7], "texture": "#texture" }, "down": { "uv": [0, 15, 1, 16], "texture": "#texture" } } }, { "name": "Balance", "from": [7, 11, 7.5], "to": [9, 13, 8.5], "faces": { "north": { "uv": [8, 14, 10, 16], "texture": "#texture" }, "east": { "uv": [7, 14, 8, 16], "texture": "#texture" }, "south": { "uv": [8, 14, 10, 16], "texture": "#texture" }, "west": { "uv": [7, 14, 8, 16], "texture": "#texture" }, "up": { "uv": [8, 13, 10, 14], "texture": "#texture" }, "down": { "uv": [8, 13, 10, 14], "texture": "#texture" } } }, { "name": "Arms", "from": [0, 9.5, 8], "to": [16, 12.5, 8.001], "faces": { "north": { "uv": [16, 0, 0, 3], "texture": "#texture" }, "south": { "uv": [0, 0, 16, 3], "texture": "#texture" } } }, { "name": "Plate 1", "from": [2.875, 6, 6], "to": [2.875, 7, 10], "faces": { "north": { "uv": [1, 15, 5, 16], "texture": "#texture" }, "east": { "uv": [1, 8.5, 5, 9.5], "texture": "#texture" }, "south": { "uv": [1, 15, 5, 16], "texture": "#texture" }, "west": { "uv": [1, 15, 5, 16], "texture": "#texture" }, "up": { "uv": [1, 7, 5, 11], "texture": "#texture" }, "down": { "uv": [1, 11, 5, 15], "texture": "#texture" } } }, { "name": "Chain 1", "from": [0.375, 6, 6], "to": [1.375, 11, 6.001], "rotation": { "angle": 22.5, "axis": "x", "origin": [0.375, 6, 6] }, "faces": { "north": { "uv": [7, 6, 5, 16], "texture": "#texture" }, "south": { "uv": [5, 6, 7, 16], "texture": "#texture" } } }, { "name": "Chain 1", "from": [0.375, 6, 10], "to": [1.375, 11, 10.001], "rotation": { "angle": -22.5, "axis": "x", "origin": [0.375, 6, 10] }, "faces": { "north": { "uv": [7, 6, 5, 16], "texture": "#texture" }, "south": { "uv": [5, 6, 7, 16], "texture": "#texture" } } }, { "name": "Chain 1", "from": [14.875, 6, 6], "to": [15.875, 11, 6.001], "rotation": { "angle": 22.5, "axis": "x", "origin": [14.875, 6, 6] }, "faces": { "north": { "uv": [7, 6, 5, 16], "texture": "#texture" }, "south": { "uv": [5, 6, 7, 16], "texture": "#texture" } } }, { "name": "Chain 1", "from": [14.875, 6, 10], "to": [15.875, 11, 10.001], "rotation": { "angle": -22.5, "axis": "x", "origin": [14.875, 6, 10] }, "faces": { "north": { "uv": [7, 6, 5, 16], "texture": "#texture" }, "south": { "uv": [5, 6, 7, 16], "texture": "#texture" } } }, { "name": "Int  1", "from": [2.875, 6, 6], "to": [2.875, 7, 10], "rotation": { "angle": 0, "axis": "y", "origin": [-1.125, 6.5, 8] }, "faces": { "north": { "uv": [1, 10, 5, 11], "texture": "#texture" }, "east": { "uv": [1, 10, 5, 11], "texture": "#texture" }, "south": { "uv": [1, 10, 5, 11], "texture": "#texture" }, "west": { "uv": [1, 15, 5, 16], "texture": "#texture" }, "up": { "uv": [1, 7, 5, 11], "rotation": 180, "texture": "#texture" }, "down": { "uv": [1, 7, 5, 11], "rotation": 180, "texture": "#texture" } } }, { "name": "Int 1", "from": [-1.125, 6, 6], "to": [-1.125, 7, 10], "faces": { "north": { "uv": [1, 10, 5, 11], "texture": "#texture" }, "east": { "uv": [1, 15, 5, 16], "texture": "#texture" }, "south": { "uv": [1, 10, 5, 11], "texture": "#texture" }, "west": { "uv": [1, 10, 5, 11], "texture": "#texture" }, "up": { "uv": [1, 7, 5, 11], "texture": "#texture" }, "down": { "uv": [1, 7, 5, 11], "texture": "#texture" } } }, { "name": "Int 1", "from": [-1.125, 6, 6], "to": [2.875, 7, 6], "faces": { "north": { "uv": [1, 10, 5, 11], "texture": "#texture" }, "east": { "uv": [1, 10, 5, 11], "texture": "#texture" }, "south": { "uv": [1, 15, 5, 16], "texture": "#texture" }, "west": { "uv": [1, 9.5, 5, 10.5], "texture": "#texture" }, "up": { "uv": [1, 7, 5, 11], "texture": "#texture" }, "down": { "uv": [1, 7, 5, 11], "texture": "#texture" } } }, { "name": "Int 1", "from": [-1.125, 6, 10], "to": [2.875, 7, 10], "faces": { "north": { "uv": [1, 15, 5, 16], "texture": "#texture" }, "east": { "uv": [1, 10, 5, 11], "texture": "#texture" }, "south": { "uv": [1, 10, 5, 11], "texture": "#texture" }, "west": { "uv": [1, 10, 5, 11], "texture": "#texture" }, "up": { "uv": [1, 7, 5, 11], "texture": "#texture" }, "down": { "uv": [1, 7, 5, 11], "texture": "#texture" } } }, { "name": "Ext 1", "from": [-1.125, 6, 6], "to": [2.875, 7, 10], "faces": { "north": { "uv": [1, 15, 5, 16], "texture": "#texture" }, "east": { "uv": [1, 15, 5, 16], "texture": "#texture" }, "south": { "uv": [1, 15, 5, 16], "texture": "#texture" }, "west": { "uv": [1, 15, 5, 16], "texture": "#texture" }, "up": { "uv": [1, 7, 5, 11], "texture": "#texture" }, "down": { "uv": [1, 11, 5, 15], "texture": "#texture" } } }, { "name": "Int dessous 1", "from": [-1.125, 6, 6], "to": [2.875, 6, 10], "faces": { "north": { "uv": [1, 9.5, 5, 10.5], "texture": "#texture" }, "east": { "uv": [1, 10, 5, 11], "texture": "#texture" }, "south": { "uv": [1, 9.5, 5, 10.5], "texture": "#texture" }, "west": { "uv": [1, 9.5, 5, 10.5], "texture": "#texture" }, "up": { "uv": [1, 11, 5, 15], "texture": "#texture" }, "down": { "uv": [1, 7, 5, 11], "texture": "#texture" } } }, { "name": "Ext 2", "from": [13.25, 6, 6], "to": [17.25, 7, 10], "faces": { "north": { "uv": [1, 15, 5, 16], "texture": "#texture" }, "east": { "uv": [1, 15, 5, 16], "texture": "#texture" }, "south": { "uv": [1, 15, 5, 16], "texture": "#texture" }, "west": { "uv": [1, 15, 5, 16], "texture": "#texture" }, "up": { "uv": [1, 7, 5, 11], "texture": "#texture" }, "down": { "uv": [1, 11, 5, 15], "texture": "#texture" } } }, { "name": "Int 2", "from": [13.25, 6, 10], "to": [17.25, 7, 10], "faces": { "north": { "uv": [1, 15, 5, 16], "texture": "#texture" }, "east": { "uv": [1, 10, 5, 11], "texture": "#texture" }, "south": { "uv": [1, 10, 5, 11], "texture": "#texture" }, "west": { "uv": [1, 10, 5, 11], "texture": "#texture" }, "up": { "uv": [1, 7, 5, 11], "texture": "#texture" }, "down": { "uv": [1, 7, 5, 11], "texture": "#texture" } } }, { "name": "Int 2", "from": [13.25, 6, 6], "to": [17.25, 7, 6], "faces": { "north": { "uv": [1, 10, 5, 11], "texture": "#texture" }, "east": { "uv": [1, 10, 5, 11], "texture": "#texture" }, "south": { "uv": [1, 15, 5, 16], "texture": "#texture" }, "west": { "uv": [1, 9.5, 5, 10.5], "texture": "#texture" }, "up": { "uv": [1, 7, 5, 11], "texture": "#texture" }, "down": { "uv": [1, 7, 5, 11], "texture": "#texture" } } }, { "name": "Int 2", "from": [13.25, 6, 6], "to": [13.25, 7, 10], "faces": { "north": { "uv": [1, 10, 5, 11], "texture": "#texture" }, "east": { "uv": [1, 15, 5, 16], "texture": "#texture" }, "south": { "uv": [1, 10, 5, 11], "texture": "#texture" }, "west": { "uv": [1, 10, 5, 11], "texture": "#texture" }, "up": { "uv": [1, 7, 5, 11], "texture": "#texture" }, "down": { "uv": [1, 7, 5, 11], "texture": "#texture" } } }, { "name": "Int  2", "from": [17.25, 6, 6], "to": [17.25, 7, 10], "rotation": { "angle": 0, "axis": "y", "origin": [-1.125, 6.5, 8] }, "faces": { "north": { "uv": [1, 10, 5, 11], "texture": "#texture" }, "east": { "uv": [1, 10, 5, 11], "texture": "#texture" }, "south": { "uv": [1, 10, 5, 11], "texture": "#texture" }, "west": { "uv": [1, 15, 5, 16], "texture": "#texture" }, "up": { "uv": [1, 7, 5, 11], "rotation": 180, "texture": "#texture" }, "down": { "uv": [1, 7, 5, 11], "rotation": 180, "texture": "#texture" } } }, { "name": "Int dessous 2", "from": [13.25, 6, 6], "to": [17.25, 6, 10], "faces": { "north": { "uv": [1, 9.5, 5, 10.5], "texture": "#texture" }, "east": { "uv": [1, 10, 5, 11], "texture": "#texture" }, "south": { "uv": [1, 9.5, 5, 10.5], "texture": "#texture" }, "west": { "uv": [1, 9.5, 5, 10.5], "texture": "#texture" }, "up": { "uv": [1, 11, 5, 15], "texture": "#texture" }, "down": { "uv": [1, 7, 5, 11], "texture": "#texture" } } }], "display": { "thirdperson_righthand": { "translation": [0, 2.0733, 1.057], "scale": [0.5, 0.5, 0.5] }, "thirdperson_lefthand": { "translation": [0, 2.0733, 1.057], "scale": [0.5, 0.5, 0.5] }, "ground": { "translation": [0, 2.9619, 0], "scale": [0.5, 0.5, 0.5] }, "gui": { "rotation": [16, 33, 0], "translation": [0, 0.75, 0], "scale": [0.75, 0.75, 0.75] }, "head": { "translation": [0, -30.15, 0], "scale": [1.5, 1.5, 1.5] } }, "groups": [0, 1, 2, 3, 4, 5, 6, 7, 8, { "name": "droit", "origin": [0, 0, 0], "children": [9, 10, 11, 12, 13, 14] }, { "name": "gauche", "origin": [0, 0, 0], "children": [15, 16, 17, 18, 19, 20] }] }