{"textures":{"0":"modelengine:entity/candy_cauldron"},"elements":[{"name":"cube","from":[13.1,4.7,8.9],"to":[13.7,5.3,15.5],"rotation":{"angle":45.0,"axis":"x","origin":[14.6,7.4,12.8]},"faces":{"down":{"uv":[2.5,10.5,2.25,13.25],"rotation":0,"texture":"#0","tintindex":0},"east":{"uv":[10.75,0.25,13.5,0.5],"rotation":0,"texture":"#0","tintindex":0},"north":{"uv":[3.25,8.5,3.5,8.75],"rotation":0,"texture":"#0","tintindex":0},"south":{"uv":[3.5,8.5,3.75,8.75],"rotation":0,"texture":"#0","tintindex":0},"up":{"uv":[2.25,13.25,2.0,10.5],"rotation":0,"texture":"#0","tintindex":0},"west":{"uv":[10.75,0.5,13.5,0.75],"rotation":0,"texture":"#0","tintindex":0}}},{"name":"cube","from":[2.2999997,4.7,8.9],"to":[2.8999999,5.3,15.5],"rotation":{"angle":45.0,"axis":"x","origin":[1.3999997,7.4,12.8]},"faces":{"down":{"uv":[2.25,10.5,2.5,13.25],"rotation":0,"texture":"#0","tintindex":0},"east":{"uv":[13.5,0.5,10.75,0.75],"rotation":0,"texture":"#0","tintindex":0},"north":{"uv":[3.5,8.5,3.25,8.75],"rotation":0,"texture":"#0","tintindex":0},"south":{"uv":[3.75,8.5,3.5,8.75],"rotation":0,"texture":"#0","tintindex":0},"up":{"uv":[2.0,13.25,2.25,10.5],"rotation":0,"texture":"#0","tintindex":0},"west":{"uv":[13.5,0.25,10.75,0.5],"rotation":0,"texture":"#0","tintindex":0}}},{"name":"cube","from":[2.8999999,4.7,14.900001],"to":[13.1,5.3,15.5],"rotation":{"angle":45.0,"axis":"x","origin":[14.6,7.4,12.8]},"faces":{"down":{"uv":[15.0,0.0,10.75,0.25],"rotation":0,"texture":"#0","tintindex":0},"east":{"uv":[3.25,8.75,3.5,9.0],"rotation":0,"texture":"#0","tintindex":0},"north":{"uv":[9.5,10.0,13.75,10.25],"rotation":0,"texture":"#0","tintindex":0},"south":{"uv":[9.5,10.25,13.75,10.5],"rotation":0,"texture":"#0","tintindex":0},"up":{"uv":[13.75,10.75,9.5,10.5],"rotation":0,"texture":"#0","tintindex":0},"west":{"uv":[3.5,8.75,3.75,9.0],"rotation":0,"texture":"#0","tintindex":0}}}],"display":{"head":{"translation":[0.0,-6.4,0.0],"rotation":[0.0,0.0,0.0],"scale":[3.8095,3.8095,3.8095]}}}