{ "credit": "Model by Elsweyr, forked by HypariaMC", "textures": { "particle": "hyparia:furniture/backpack", "texture": "hyparia:furniture/backpack" }, "elements": [{ "__comment": "Body", "from": [4, 0, 8], "to": [12, 10, 11], "faces": { "down": { "uv": [1.5, 6.5, 5.5, 8], "texture": "#texture" }, "up": { "uv": [1.5, 0, 5.5, 1.5], "texture": "#texture" }, "north": { "uv": [1.5, 1.5, 5.5, 6.5], "texture": "#texture" }, "south": { "uv": [7, 1.5, 11, 6.5], "texture": "#texture" }, "west": { "uv": [0, 1.5, 1.5, 6.5], "texture": "#texture" }, "east": { "uv": [5.5, 1.5, 7, 6.5], "texture": "#texture" } } }, { "__comment": "Cube3", "from": [4, 7.375, 5.5], "to": [12, 11.375, 6.5], "rotation": { "origin": [4, 7.375, 5.5], "axis": "x", "angle": 22.5 }, "faces": { "down": { "uv": [1.5, 15, 5.5, 14.5], "texture": "#texture" }, "up": { "uv": [1.5, 12.5, 5.5, 12], "texture": "#texture" }, "north": { "uv": [1.5, 12.5, 5.5, 14.5], "texture": "#texture" }, "south": { "uv": [1.5, 12.5, 5.5, 14.5], "texture": "#texture" }, "west": { "uv": [5.5, 12.5, 6, 14.5], "texture": "#texture" }, "east": { "uv": [1, 12.5, 1.5, 14.5], "texture": "#texture" } } }, { "__comment": "Cube4", "from": [5, 1, 6], "to": [11, 5, 8], "faces": { "down": { "uv": [12, 4, 15, 3], "texture": "#texture" }, "up": { "uv": [12, 1, 15, 0], "texture": "#texture" }, "north": { "uv": [12, 1, 15, 3], "texture": "#texture" }, "south": { "uv": [12, 1, 15, 3], "texture": "#texture" }, "west": { "uv": [15, 1, 16, 3], "texture": "#texture" }, "east": { "uv": [11, 1, 12, 3], "texture": "#texture" } } }, { "__comment": "Cube5", "from": [4, 11, 7], "to": [12, 12, 11], "rotation": { "origin": [4, 11, 7], "axis": "x", "angle": 22.5 }, "faces": { "down": { "uv": [1.5, 9, 5.5, 11], "texture": "#texture" }, "up": { "uv": [1.5, 9, 5.5, 11], "texture": "#texture" }, "north": { "uv": [1.5, 11.5, 5.5, 11], "texture": "#texture" }, "south": { "uv": [1.5, 9, 5.5, 8.5], "texture": "#texture" }, "west": { "uv": [5.5, 9, 7.5, 9.5], "texture": "#texture" }, "east": { "uv": [5.5, 10, 7.5, 10.5], "texture": "#texture" } } }, { "__comment": "Cube6", "from": [9.5, 2, 11], "to": [10.5, 9, 11.5], "faces": { "down": { "uv": [11, 9.75, 11.5, 10], "texture": "#texture" }, "up": { "uv": [11, 6.75, 11.5, 6.5], "texture": "#texture" }, "north": { "uv": [11.5, 6.5, 11, 10], "texture": "#texture" }, "south": { "uv": [11, 6.5, 11.5, 10], "texture": "#texture" }, "west": { "uv": [11, 6.5, 11.25, 10], "texture": "#texture" }, "east": { "uv": [11.5, 6.5, 11.25, 10], "texture": "#texture" } } }, { "__comment": "Cube6", "from": [5.5, 2, 11], "to": [6.5, 9, 11.5], "faces": { "down": { "uv": [11, 9.75, 11.5, 10], "texture": "#texture" }, "up": { "uv": [11, 6.75, 11.5, 6.5], "texture": "#texture" }, "north": { "uv": [11.5, 6.5, 11, 10], "texture": "#texture" }, "south": { "uv": [11, 6.5, 11.5, 10], "texture": "#texture" }, "west": { "uv": [11, 6.5, 11.25, 10], "texture": "#texture" }, "east": { "uv": [11.5, 6.5, 11.25, 10], "texture": "#texture" } } }], "display": { "thirdperson_righthand": { "translation": [0, 0, -1.942] }, "thirdperson_lefthand": { "translation": [0, 0, -1.942] }, "firstperson_righthand": { "translation": [0, 1.75, 0] }, "firstperson_lefthand": { "translation": [0, 1.75, 0] }, "gui": { "rotation": [11, 146, 0], "translation": [-0.684, 1.9456, 0] }, "head": { "rotation": [-1, 0, 0], "translation": [0, -31.2, 0], "scale": [1.5, 1.5, 1.5] }, "ground": { "translation": [0, 4.5, 0], "scale": [0.75, 0.75, 0.75] } } }