{ "credit": "Model by Heliosar", "textures": { "particle": "block/chain", "all": "block/chain" }, "elements": [{ "from": [6.5, 0, 8], "to": [9.5, 16, 8], "shade": false, "rotation": { "angle": 45, "axis": "y", "origin": [8, 8, 8] }, "faces": { "north": { "uv": [0, 0, 3, 16], "texture": "#all" }, "south": { "uv": [0, 0, 3, 16], "texture": "#all" } } }, { "from": [8, 0, 6.5], "to": [8, 16, 9.5], "shade": false, "rotation": { "angle": 45, "axis": "y", "origin": [8, 8, 8] }, "faces": { "east": { "uv": [3, 0, 6, 16], "texture": "#all" }, "west": { "uv": [3, 0, 6, 16], "texture": "#all" } } }], "display": { "thirdperson_righthand": { "translation": [0, 0, 0], "scale": [1, 1, 1] }, "thirdperson_lefthand": { "translation": [0, 0, 0], "scale": [1, 1, 1] }, "firstperson_righthand": { "translation": [0, 0, 0], "scale": [1, 1, 1] }, "firstperson_lefthand": { "translation": [0, 0, 0], "scale": [1, 1, 1] }, "gui": { "translation": [0, 0, 0], "rotation": [0, 25, 0], "scale": [0.8, 0.8, 0.8] }, "head": { "translation": [0, -4.85, 0], "scale": [1.6, 1.6, 1.6] }, "ground": { "translation": [0, 5.25, 0] }, "fixed": { "translation": [0, 0, 0], "scale": [1, 1, 1] } } }