{ "credit": "Model by Elsweyr, forked by HypariaMC", "textures": { "particle": "hyparia:furniture/seal_stone", "texture": "hyparia:furniture/seal_stone" }, "elements": [{ "name": "Box1", "from": [4.49901, -0.00082, -0.50004], "to": [11.49901, 1.99918, 1.49996], "faces": { "north": { "uv": [12.5, 2, 16, 3], "texture": "#texture" }, "east": { "uv": [11.5, 1, 12.5, 2], "rotation": 90, "texture": "#texture" }, "south": { "uv": [12.5, 3, 16, 4], "texture": "#texture" }, "west": { "uv": [11.5, 1, 12.5, 2], "rotation": 270, "texture": "#texture" }, "up": { "uv": [12.5, 0, 16, 1], "texture": "#texture" }, "down": { "uv": [12.5, 1, 16, 0], "texture": "#texture" } } }, { "name": "Box1", "from": [-0.49921, 0, 4.49943], "to": [6.50079, 2, 6.49943], "rotation": { "angle": 45, "axis": "y", "origin": [-0.5, 0, 4.5] }, "faces": { "north": { "uv": [12.5, 2, 16, 3], "texture": "#texture" }, "east": { "uv": [11.5, 1, 12.5, 2], "rotation": 90, "texture": "#texture" }, "south": { "uv": [12.5, 3, 16, 4], "texture": "#texture" }, "west": { "uv": [11.5, 1, 12.5, 2], "rotation": 270, "texture": "#texture" }, "up": { "uv": [12.5, 0, 16, 1], "texture": "#texture" }, "down": { "uv": [12.5, 1, 16, 0], "texture": "#texture" } } }, { "name": "Box1", "from": [-0.5003, 0.0005, 4.50094], "to": [1.4997, 2.0005, 11.50094], "faces": { "north": { "uv": [11.5, 1, 12.5, 2], "rotation": 90, "texture": "#texture" }, "east": { "uv": [12.5, 3, 16, 4], "texture": "#texture" }, "south": { "uv": [11.5, 1, 12.5, 2], "rotation": 270, "texture": "#texture" }, "west": { "uv": [12.5, 2, 16, 3], "texture": "#texture" }, "up": { "uv": [12.5, 0, 16, 1], "rotation": 270, "texture": "#texture" }, "down": { "uv": [12.5, 1, 16, 0], "rotation": 90, "texture": "#texture" } } }, { "name": "Box1", "from": [4.49935, 0.00098, 9.49932], "to": [6.49935, 2.00098, 16.49932], "rotation": { "angle": 45, "axis": "y", "origin": [4.5, 0, 16.5] }, "faces": { "north": { "uv": [11.5, 1, 12.5, 2], "rotation": 90, "texture": "#texture" }, "east": { "uv": [12.5, 3, 16, 4], "texture": "#texture" }, "south": { "uv": [11.5, 1, 12.5, 2], "rotation": 270, "texture": "#texture" }, "west": { "uv": [12.5, 2, 16, 3], "texture": "#texture" }, "up": { "uv": [12.5, 0, 16, 1], "rotation": 270, "texture": "#texture" }, "down": { "uv": [12.5, 1, 16, 0], "rotation": 90, "texture": "#texture" } } }, { "name": "Box1", "from": [4.50099, -0.00003, 14.50027], "to": [11.50099, 1.99997, 16.50027], "faces": { "north": { "uv": [12.5, 3, 16, 4], "texture": "#texture" }, "east": { "uv": [11.5, 1, 12.5, 2], "rotation": 270, "texture": "#texture" }, "south": { "uv": [12.5, 2, 16, 3], "texture": "#texture" }, "west": { "uv": [11.5, 1, 12.5, 2], "rotation": 90, "texture": "#texture" }, "up": { "uv": [12.5, 0, 16, 1], "rotation": 180, "texture": "#texture" }, "down": { "uv": [12.5, 1, 16, 0], "rotation": 180, "texture": "#texture" } } }, { "name": "Box1", "from": [9.49967, 0.00056, 9.50048], "to": [16.49966, 2.00056, 11.50048], "rotation": { "angle": 45, "axis": "y", "origin": [16.5, 0, 11.5] }, "faces": { "north": { "uv": [12.5, 3, 16, 4], "texture": "#texture" }, "east": { "uv": [11.5, 1, 12.5, 2], "rotation": 270, "texture": "#texture" }, "south": { "uv": [12.5, 2, 16, 3], "texture": "#texture" }, "west": { "uv": [11.5, 1, 12.5, 2], "rotation": 90, "texture": "#texture" }, "up": { "uv": [12.5, 0, 16, 1], "rotation": 180, "texture": "#texture" }, "down": { "uv": [12.5, 1, 16, 0], "rotation": 180, "texture": "#texture" } } }, { "name": "Box1", "from": [14.49897, 0.00082, 4.5], "to": [16.49897, 2.00081, 11.5], "faces": { "north": { "uv": [11.5, 1, 12.5, 2], "rotation": 270, "texture": "#texture" }, "east": { "uv": [12.5, 2, 16, 3], "texture": "#texture" }, "south": { "uv": [11.5, 1, 12.5, 2], "rotation": 90, "texture": "#texture" }, "west": { "uv": [12.5, 3, 16, 4], "texture": "#texture" }, "up": { "uv": [12.5, 0, 16, 1], "rotation": 90, "texture": "#texture" }, "down": { "uv": [12.5, 1, 16, 0], "rotation": 270, "texture": "#texture" } } }, { "name": "Box1", "from": [9.49991, -0.00081, -0.49992], "to": [11.49991, 1.99919, 6.50008], "rotation": { "angle": 45, "axis": "y", "origin": [11.5, 0, -0.5] }, "faces": { "north": { "uv": [11.5, 1, 12.5, 2], "rotation": 270, "texture": "#texture" }, "east": { "uv": [12.5, 2, 16, 3], "texture": "#texture" }, "south": { "uv": [11.5, 1, 12.5, 2], "rotation": 90, "texture": "#texture" }, "west": { "uv": [12.5, 3, 16, 4], "texture": "#texture" }, "up": { "uv": [12.5, 0, 16, 1], "rotation": 90, "texture": "#texture" }, "down": { "uv": [12.5, 1, 16, 0], "rotation": 270, "texture": "#texture" } } }, { "name": "PlaneY16", "from": [1.00071, 1.00045, 1.0006], "to": [15.00071, 1.00145, 15.0006], "faces": { "up": { "uv": [9, 9, 16, 16], "texture": "#texture" }, "down": { "uv": [9, 9, 16, 16], "texture": "#texture" } } }], "display": { "thirdperson_righthand": { "translation": [0, 4.0353, 0], "scale": [0.5, 0.5, 0.5] }, "thirdperson_lefthand": { "translation": [0, 4.0353, 0], "scale": [0.5, 0.5, 0.5] }, "firstperson_righthand": { "translation": [0, 4.663, 0], "scale": [0.5, 0.5, 0.5] }, "firstperson_lefthand": { "translation": [0, 4.663, 0], "scale": [0.5, 0.5, 0.5] }, "ground": { "translation": [0, 3.2989, 0], "scale": [0.5, 0.5, 0.5] }, "gui": { "rotation": [37, -21, 0], "translation": [0, 2.1195, 0], "scale": [0.5, 0.5, 0.5] }, "head": { "translation": [0, -30, 0], "scale": [1.65, 1.65, 1.65] }, "fixed": { "rotation": [-90, 0, 0], "translation": [0, -0.2, -7.529] } } }