{ "credit": "Model by Heliosard", "texture_size": [64, 64], "textures": { "texture": "hyparia:furniture/table_large" }, "elements": [{ "name": "Box1", "from": [26, 0, -6], "to": [30, 14, -2], "faces": { "north": { "uv": [15, 12.5, 16, 16], "texture": "#texture" }, "east": { "uv": [15, 12.5, 16, 16], "texture": "#texture" }, "south": { "uv": [15, 12.5, 16, 16], "texture": "#texture" }, "west": { "uv": [15, 12.5, 16, 16], "texture": "#texture" }, "up": { "uv": [15, 11.5, 16, 12.5], "texture": "#texture" }, "down": { "uv": [15, 11.5, 16, 12.5], "texture": "#texture" } } }, { "name": "Box1", "from": [-14, 0, -6], "to": [-10, 14, -2], "faces": { "north": { "uv": [15, 12.5, 16, 16], "texture": "#texture" }, "east": { "uv": [15, 12.5, 16, 16], "texture": "#texture" }, "south": { "uv": [15, 12.5, 16, 16], "texture": "#texture" }, "west": { "uv": [15, 12.5, 16, 16], "texture": "#texture" }, "up": { "uv": [15, 11.5, 16, 12.5], "texture": "#texture" }, "down": { "uv": [15, 11.5, 16, 12.5], "texture": "#texture" } } }, { "name": "Box1", "from": [-14, 0, 17.5], "to": [-10, 14, 21.5], "faces": { "north": { "uv": [15, 12.5, 16, 16], "texture": "#texture" }, "east": { "uv": [15, 12.5, 16, 16], "texture": "#texture" }, "south": { "uv": [15, 12.5, 16, 16], "texture": "#texture" }, "west": { "uv": [15, 12.5, 16, 16], "texture": "#texture" }, "up": { "uv": [15, 11.5, 16, 12.5], "texture": "#texture" }, "down": { "uv": [15, 11.5, 16, 12.5], "texture": "#texture" } } }, { "name": "Box1", "from": [26, 0, 18], "to": [30, 14, 22], "faces": { "north": { "uv": [15, 12.5, 16, 16], "texture": "#texture" }, "east": { "uv": [15, 12.5, 16, 16], "texture": "#texture" }, "south": { "uv": [15, 12.5, 16, 16], "texture": "#texture" }, "west": { "uv": [15, 12.5, 16, 16], "texture": "#texture" }, "up": { "uv": [15, 11.5, 16, 12.5], "texture": "#texture" }, "down": { "uv": [15, 11.5, 16, 12.5], "texture": "#texture" } } }, { "name": "Box5", "from": [-16, 14, -8], "to": [32, 16, 24], "faces": { "north": { "uv": [8, 4, 8.5, 16], "rotation": 90, "texture": "#texture" }, "east": { "uv": [0, 3.5, 8, 4], "texture": "#texture" }, "south": { "uv": [8, 4, 8.5, 16], "rotation": 270, "texture": "#texture" }, "west": { "uv": [0, 3.5, 8, 4], "texture": "#texture" }, "up": { "uv": [0, 4, 8, 16], "rotation": 90, "texture": "#texture" }, "down": { "uv": [0, 4, 8, 16], "rotation": 90, "texture": "#texture" } } }, { "name": "Box6", "from": [27, 3.5, -2], "to": [29, 7.5, 18], "faces": { "north": { "uv": [13.5, 15, 14, 16], "texture": "#texture" }, "east": { "uv": [8.5, 15, 13.5, 16], "texture": "#texture" }, "south": { "uv": [13.5, 15, 14, 16], "texture": "#texture" }, "west": { "uv": [8.5, 15, 13.5, 16], "texture": "#texture" }, "up": { "uv": [8.5, 14.5, 13.5, 15], "rotation": 270, "texture": "#texture" }, "down": { "uv": [8.5, 14.5, 13.5, 15], "rotation": 90, "texture": "#texture" } } }, { "name": "Box6", "from": [-13, 3.5, -2], "to": [-11, 7.5, 18], "faces": { "north": { "uv": [13.5, 15, 14, 16], "texture": "#texture" }, "east": { "uv": [8.5, 15, 13.5, 16], "texture": "#texture" }, "south": { "uv": [13.5, 15, 14, 16], "texture": "#texture" }, "west": { "uv": [8.5, 15, 13.5, 16], "texture": "#texture" }, "up": { "uv": [8.5, 14.5, 13.5, 15], "rotation": 270, "texture": "#texture" }, "down": { "uv": [8.5, 14.5, 13.5, 15], "rotation": 90, "texture": "#texture" } } }, { "name": "Box8", "from": [-10, 10, -5], "to": [26, 14, -3], "faces": { "north": { "uv": [6.5, 0.5, 15.5, 1.5], "texture": "#texture" }, "east": { "uv": [15.5, 0.5, 16, 1.5], "texture": "#texture" }, "south": { "uv": [6.5, 0.5, 15.5, 1.5], "texture": "#texture" }, "west": { "uv": [15.5, 0.5, 16, 1.5], "texture": "#texture" }, "up": { "uv": [6.5, 0, 15.5, 0.5], "texture": "#texture" }, "down": { "uv": [6.5, 0, 15.5, 0.5], "texture": "#texture" } } }, { "name": "Box8", "from": [-10, 10, 19], "to": [26, 14, 21], "faces": { "north": { "uv": [6.5, 0.5, 15.5, 1.5], "texture": "#texture" }, "east": { "uv": [15.5, 0.5, 16, 1.5], "texture": "#texture" }, "south": { "uv": [6.5, 0.5, 15.5, 1.5], "texture": "#texture" }, "west": { "uv": [15.5, 0.5, 16, 1.5], "texture": "#texture" }, "up": { "uv": [6.5, 0, 15.5, 0.5], "texture": "#texture" }, "down": { "uv": [6.5, 0, 15.5, 0.5], "texture": "#texture" } } }], "display": { "thirdperson_righthand": { "scale": [0.25, 0.25, 0.25] }, "thirdperson_lefthand": { "scale": [0.25, 0.25, 0.25] }, "firstperson_righthand": { "translation": [3.5923, 0, 0], "scale": [0.25, 0.25, 0.25] }, "firstperson_lefthand": { "translation": [3.5923, 0, 0], "scale": [0.25, 0.25, 0.25] }, "ground": { "translation": [0, -1.25, 0], "scale": [0.2, 0.2, 0.2] }, "gui": { "rotation": [20, -33, 0], "translation": [0, -0.25, 0], "scale": [0.25, 0.25, 0.25] }, "head": { "translation": [0, -30.75, 0], "scale": [1.65, 1.65, 1.65] }, "fixed": { "translation": [0, 0, 1.5], "scale": [0.3, 0.3, 0.3] } } }