{ "credit": "Model by Elsweyr, forked by HypariaMC", "textures": { "texture": "hyparia:furniture/orange" }, "elements": [{ "__comment": "Box1", "from": [6, 0, 5.5], "to": [10, 4, 9.5], "faces": { "down": { "uv": [8, 0, 12, 4], "texture": "#texture" }, "up": { "uv": [4, 0, 8, 4], "texture": "#texture" }, "north": { "uv": [4, 4, 8, 8], "texture": "#texture" }, "south": { "uv": [12, 4, 16, 8], "texture": "#texture" }, "west": { "uv": [0, 4, 4, 8], "texture": "#texture" }, "east": { "uv": [8, 4, 12, 8], "texture": "#texture" } } }, { "__comment": "Box2", "from": [5.75, -0.25, 5.25], "to": [10.25, 4.25, 9.75], "faces": { "down": { "uv": [8, 8, 12, 12], "texture": "#texture" }, "up": { "uv": [4, 8, 8, 12], "texture": "#texture" }, "north": { "uv": [4, 12, 8, 16], "texture": "#texture" }, "south": { "uv": [12, 12, 16, 16], "texture": "#texture" }, "west": { "uv": [0, 12, 4, 16], "texture": "#texture" }, "east": { "uv": [8, 12, 12, 16], "texture": "#texture" } } }], "display": { "thirdperson_righthand": { "translation": [0, 5.0842, 0] }, "thirdperson_lefthand": { "translation": [0, 5.0842, 0] }, "firstperson_righthand": { "translation": [2.8722, 5.9619, 0] }, "firstperson_lefthand": { "translation": [2.8722, 5.9619, 0] }, "gui": { "rotation": [16, -20, 0], "translation": [0, 5.038, 0] }, "head": { "translation": [0, -30.9, 0], "scale": [1.5, 1.5, 1.5] }, "ground": { "translation": [0, 5.5, 0] } } }