{ "credit": "Model by Heliosard", "textures": { "0": "hyparia:furniture/minecart", "particle": "hyparia:furniture/minecart" }, "elements": [{ "name": "octagon", "from": [15.9625, -9.34192, -2.15435], "to": [17.81859, 6.62197, -0.95282], "rotation": { "angle": 45, "axis": "z", "origin": [-1.20903, -6.52289, -10.28399] }, "faces": { "north": { "uv": [13.25, 1.5, 13.71402, 5.49097], "texture": "#0" }, "east": { "uv": [13.25, 1.5, 13.71402, 5.49097], "texture": "#0" }, "south": { "uv": [13.25, 1.5, 13.71402, 5.49097], "texture": "#0" }, "west": { "uv": [13.25, 1.5, 13.71402, 5.49097], "texture": "#0" }, "up": { "uv": [13.25, 1.5, 13.71402, 5.49097], "texture": "#0" }, "down": { "uv": [13.25, 1.5, 13.71402, 5.49097], "texture": "#0" } } }, { "name": "octagon", "from": [7.01053, 1.94423, -2.15435], "to": [8.86662, 17.9081, -0.95282], "rotation": { "angle": 0, "axis": "y", "origin": [-1.20903, -6.52289, -10.28399] }, "faces": { "north": { "uv": [13.25, 1.5, 13.71402, 5.49097], "texture": "#0" }, "east": { "uv": [13.25, 1.5, 13.71402, 5.49097], "texture": "#0" }, "south": { "uv": [13.25, 1.5, 13.71402, 5.49097], "texture": "#0" }, "west": { "uv": [13.25, 1.5, 13.71402, 5.49097], "texture": "#0" }, "up": { "uv": [13.25, 1.5, 13.71402, 5.49097], "texture": "#0" }, "down": { "uv": [13.25, 1.5, 13.71402, 5.49097], "texture": "#0" } } }, { "name": "octagon", "from": [8.9086, -2.28802, -2.15435], "to": [24.87249, -0.43194, -0.95282], "rotation": { "angle": 45, "axis": "z", "origin": [-1.20903, -6.52289, -10.28399] }, "faces": { "north": { "uv": [13.25, 1.5, 13.71402, 5.49097], "rotation": 270, "texture": "#0" }, "east": { "uv": [13.25, 1.5, 13.71402, 5.49097], "rotation": 270, "texture": "#0" }, "south": { "uv": [13.25, 1.5, 13.71402, 5.49097], "rotation": 270, "texture": "#0" }, "west": { "uv": [13.25, 1.5, 13.71402, 5.49097], "rotation": 270, "texture": "#0" }, "up": { "uv": [13.25, 1.5, 13.71402, 5.49097], "rotation": 270, "texture": "#0" }, "down": { "uv": [13.25, 1.5, 13.71402, 5.49097], "rotation": 270, "texture": "#0" } } }, { "name": "octagon", "from": [-0.04336, 8.99812, -2.15435], "to": [15.92052, 10.8542, -0.95282], "rotation": { "angle": 0, "axis": "y", "origin": [-1.20903, -6.52289, -10.28399] }, "faces": { "north": { "uv": [13.25, 1.5, 13.71402, 5.49097], "rotation": 90, "texture": "#0" }, "east": { "uv": [13.25, 1.5, 13.71402, 5.49097], "rotation": 90, "texture": "#0" }, "south": { "uv": [13.25, 1.5, 13.71402, 5.49097], "rotation": 90, "texture": "#0" }, "west": { "uv": [13.25, 1.5, 13.71402, 5.49097], "rotation": 90, "texture": "#0" }, "up": { "uv": [13.25, 1.5, 13.71402, 5.49097], "rotation": 90, "texture": "#0" }, "down": { "uv": [13.25, 1.5, 13.71402, 5.49097], "rotation": 90, "texture": "#0" } } }, { "name": "octagon", "from": [15.65071, -4.35321, -3.28256], "to": [18.13038, 1.63325, 0.25232], "rotation": { "angle": 45, "axis": "z", "origin": [-1.20903, -6.52289, -10.28399] }, "faces": { "north": { "uv": [9, 6.5, 10.49662, 7.11992], "rotation": 270, "texture": "#0" }, "east": { "uv": [9, 6.5, 10.49662, 7.11992], "rotation": 270, "texture": "#0" }, "south": { "uv": [9, 6.5, 10.49662, 7.11992], "rotation": 270, "texture": "#0" }, "west": { "uv": [9, 6.5, 10.49662, 7.11992], "rotation": 270, "texture": "#0" }, "up": { "uv": [9, 6.5, 10.49662, 7.11992], "rotation": 270, "texture": "#0" }, "down": { "uv": [9, 6.5, 10.49662, 7.11992], "rotation": 270, "texture": "#0" } } }, { "name": "octagon", "from": [6.69874, 6.93293, -3.32262], "to": [9.17841, 12.91939, 0.27795], "rotation": { "angle": 0, "axis": "y", "origin": [-1.20903, -6.52289, -10.28399] }, "faces": { "north": { "uv": [9, 6.5, 10.49662, 7.11992], "rotation": 270, "texture": "#0" }, "east": { "uv": [9, 6.5, 10.49662, 7.11992], "rotation": 270, "texture": "#0" }, "south": { "uv": [9, 6.5, 10.49662, 7.11992], "rotation": 270, "texture": "#0" }, "west": { "uv": [9, 6.5, 10.49662, 7.11992], "rotation": 270, "texture": "#0" }, "up": { "uv": [9, 6.5, 10.49662, 7.11992], "rotation": 270, "texture": "#0" }, "down": { "uv": [9, 6.5, 10.49662, 7.11992], "rotation": 270, "texture": "#0" } } }, { "name": "octagon", "from": [13.89732, -2.59982, -3.30819], "to": [19.88377, -0.12014, 0.22668], "rotation": { "angle": 45, "axis": "z", "origin": [-1.20903, -6.52289, -10.28399] }, "faces": { "north": { "uv": [9, 6.5, 10.49661, 7.11992], "texture": "#0" }, "east": { "uv": [9, 6.5, 10.49661, 7.11992], "texture": "#0" }, "south": { "uv": [9, 6.5, 10.49661, 7.11992], "texture": "#0" }, "west": { "uv": [9, 6.5, 10.49661, 7.11992], "texture": "#0" }, "up": { "uv": [9, 6.5, 10.49661, 7.11992], "texture": "#0" }, "down": { "uv": [9, 6.5, 10.49661, 7.11992], "texture": "#0" } } }, { "name": "octagon", "from": [4.94534, 8.68632, -3.31261], "to": [10.93181, 11.166, 0.25232], "rotation": { "angle": 0, "axis": "y", "origin": [-1.20903, -6.52289, -10.28399] }, "faces": { "north": { "uv": [9, 6.5, 10.49662, 7.11992], "texture": "#0" }, "east": { "uv": [9, 6.5, 10.49662, 7.11992], "texture": "#0" }, "south": { "uv": [9, 6.5, 10.49662, 7.11992], "texture": "#0" }, "west": { "uv": [9, 6.5, 10.49662, 7.11992], "texture": "#0" }, "up": { "uv": [9, 6.5, 10.49662, 7.11992], "texture": "#0" }, "down": { "uv": [9, 6.5, 10.49662, 7.11992], "texture": "#0" } } }, { "name": "octagon", "from": [24.37361, -5.49277, -2.93549], "to": [26.86797, 2.7728, -0.15199], "rotation": { "angle": 45, "axis": "z", "origin": [-1.20903, -6.52289, -10.28399] }, "faces": { "north": { "uv": [4.25, 7, 4.87359, 9.06639], "texture": "#0" }, "east": { "uv": [4.25, 7, 4.87359, 9.06639], "texture": "#0" }, "south": { "uv": [4.25, 7, 4.87359, 9.06639], "texture": "#0" }, "west": { "uv": [4.25, 7, 4.87359, 9.06639], "texture": "#0" }, "up": { "uv": [4.25, 7, 4.87359, 9.06639], "texture": "#0" }, "down": { "uv": [4.25, 7, 4.87359, 9.06639], "texture": "#0" } } }, { "name": "octagon", "from": [15.42165, 5.79338, -2.97487], "to": [17.916, 14.05895, -0.13231], "rotation": { "angle": 0, "axis": "y", "origin": [-1.20903, -6.52289, -10.28399] }, "faces": { "north": { "uv": [4.25, 7, 4.87359, 9.06639], "texture": "#0", "cullface": "north" }, "east": { "uv": [4.25, 7, 4.87359, 9.06639], "texture": "#0", "cullface": "north" }, "south": { "uv": [4.25, 7, 4.87359, 9.06639], "texture": "#0", "cullface": "north" }, "west": { "uv": [4.25, 7, 4.87359, 9.06639], "texture": "#0", "cullface": "north" }, "up": { "uv": [4.25, 7, 4.87359, 9.06639], "texture": "#0", "cullface": "north" }, "down": { "uv": [4.25, 7, 4.87359, 9.06639], "texture": "#0", "cullface": "north" } } }, { "name": "octagon", "from": [6.91311, -5.49277, -2.93549], "to": [9.40747, 2.7728, -0.15199], "rotation": { "angle": 45, "axis": "z", "origin": [-1.20903, -6.52289, -10.28399] }, "faces": { "north": { "uv": [4.25, 7, 4.87359, 9.06639], "rotation": 180, "texture": "#0" }, "east": { "uv": [4.25, 7, 4.87359, 9.06639], "rotation": 180, "texture": "#0" }, "south": { "uv": [4.25, 7, 4.87359, 9.06639], "rotation": 180, "texture": "#0" }, "west": { "uv": [4.25, 7, 4.87359, 9.06639], "rotation": 180, "texture": "#0" }, "up": { "uv": [4.25, 7, 4.87359, 9.06639], "rotation": 180, "texture": "#0" }, "down": { "uv": [4.25, 7, 4.87359, 9.06639], "rotation": 180, "texture": "#0" } } }, { "name": "octagon", "from": [-2.03885, 5.79338, -2.97487], "to": [0.45551, 14.05895, -0.13231], "rotation": { "angle": 0, "axis": "y", "origin": [-1.20903, -6.52289, -10.28399] }, "faces": { "north": { "uv": [4.25, 7, 4.87359, 9.06639], "rotation": 180, "texture": "#0" }, "east": { "uv": [4.25, 7, 4.87359, 9.06639], "rotation": 180, "texture": "#0" }, "south": { "uv": [4.25, 7, 4.87359, 9.06639], "rotation": 180, "texture": "#0" }, "west": { "uv": [4.25, 7, 4.87359, 9.06639], "rotation": 180, "texture": "#0" }, "up": { "uv": [4.25, 7, 4.87359, 9.06639], "rotation": 180, "texture": "#0" }, "down": { "uv": [4.25, 7, 4.87359, 9.06639], "rotation": 180, "texture": "#0" } } }, { "name": "octagon", "from": [12.75776, 6.12309, -2.93549], "to": [21.02332, 8.61744, -0.15199], "rotation": { "angle": 45, "axis": "z", "origin": [-1.20903, -6.52289, -10.28399] }, "faces": { "north": { "uv": [4.25, 7, 4.87359, 9.06639], "rotation": 90, "texture": "#0" }, "east": { "uv": [4.25, 7, 4.87359, 9.06639], "rotation": 90, "texture": "#0" }, "south": { "uv": [4.25, 7, 4.87359, 9.06639], "rotation": 90, "texture": "#0" }, "west": { "uv": [4.25, 7, 4.87359, 9.06639], "rotation": 90, "texture": "#0" }, "up": { "uv": [4.25, 7, 4.87359, 9.06639], "rotation": 90, "texture": "#0" }, "down": { "uv": [4.25, 7, 4.87359, 9.06639], "rotation": 90, "texture": "#0" } } }, { "name": "octagon", "from": [3.80579, 17.40923, -2.97487], "to": [12.07136, 19.90359, -0.13231], "rotation": { "angle": 0, "axis": "y", "origin": [-1.20903, -6.52289, -10.28399] }, "faces": { "north": { "uv": [4.25, 7, 4.87359, 9.06639], "rotation": 270, "texture": "#0" }, "east": { "uv": [4.25, 7, 4.87359, 9.06639], "rotation": 270, "texture": "#0" }, "south": { "uv": [4.25, 7, 4.87359, 9.06639], "rotation": 270, "texture": "#0" }, "west": { "uv": [4.25, 7, 4.87359, 9.06639], "rotation": 270, "texture": "#0" }, "up": { "uv": [4.25, 7, 4.87359, 9.06639], "rotation": 270, "texture": "#0" }, "down": { "uv": [4.25, 7, 4.87359, 9.06639], "rotation": 270, "texture": "#0" } } }, { "name": "octagon", "from": [12.75776, -11.33741, -2.93549], "to": [21.02332, -8.84305, -0.15199], "rotation": { "angle": 45, "axis": "z", "origin": [-1.20903, -6.52289, -10.28399] }, "faces": { "north": { "uv": [4.25, 7, 4.87359, 9.06639], "rotation": 270, "texture": "#0" }, "east": { "uv": [4.25, 7, 4.87359, 9.06639], "rotation": 270, "texture": "#0" }, "south": { "uv": [4.25, 7, 4.87359, 9.06639], "rotation": 270, "texture": "#0" }, "west": { "uv": [4.25, 7, 4.87359, 9.06639], "rotation": 270, "texture": "#0" }, "up": { "uv": [4.25, 7, 4.87359, 9.06639], "rotation": 270, "texture": "#0" }, "down": { "uv": [4.25, 7, 4.87359, 9.06639], "rotation": 270, "texture": "#0" } } }, { "name": "octagon", "from": [3.80579, -0.05126, -2.97487], "to": [12.07136, 2.4431, -0.13231], "rotation": { "angle": 0, "axis": "y", "origin": [-1.20903, -6.52289, -10.28399] }, "faces": { "north": { "uv": [4.25, 7, 4.87359, 9.06639], "rotation": 270, "texture": "#0" }, "east": { "uv": [4.25, 7, 4.87359, 9.06639], "rotation": 270, "texture": "#0" }, "south": { "uv": [4.25, 7, 4.87359, 9.06639], "rotation": 270, "texture": "#0" }, "west": { "uv": [4.25, 7, 4.87359, 9.06639], "rotation": 270, "texture": "#0" }, "up": { "uv": [4.25, 7, 4.87359, 9.06639], "rotation": 270, "texture": "#0" }, "down": { "uv": [4.25, 7, 4.87359, 9.06639], "rotation": 270, "texture": "#0" } } }], "display": { "thirdperson_righthand": { "rotation": [0, 90, 90], "translation": [5, -2, -6], "scale": [0.5, 0.5, 0.5] }, "thirdperson_lefthand": { "rotation": [0, 90, 90], "translation": [5, -2, -6], "scale": [0.5, 0.5, 0.5] }, "firstperson_righthand": { "rotation": [0, 91, 0], "translation": [3.75, 1.25, 2.25], "scale": [0.5, 0.5, 0.5] }, "firstperson_lefthand": { "rotation": [0, 91, 0], "translation": [3.75, 1.25, 2.25], "scale": [0.5, 0.5, 0.5] }, "ground": { "translation": [0, 1.5, 6.5], "scale": [0.6, 0.6, 0.6] }, "gui": { "rotation": [0, -180, 0], "translation": [0, -1.25, 0], "scale": [0.65, 0.65, 0.65] }, "head": { "rotation": [0, -180, 0], "translation": [0, -31, -4], "scale": [1.5, 1.5, 1.5] }, "fixed": { "translation": [0, -1.5, 5.75], "scale": [0.75, 0.75, 0.75] } }, "groups": [{ "name": "Wheel", "origin": [8, 8, 8], "children": [{ "name": "Spoke", "origin": [8, 8, 8], "children": [0, 1, 2, 3] }, { "name": "Hub", "origin": [8, 8, 8], "children": [4, 5, 6, 7] }, { "name": "Ring", "origin": [8, 8, 8], "children": [8, 9, 10, 11, 12, 13, 14, 15] }] }] }