{"textures":{"0":"modelengine:entity/frankenstein2"},"elements":[{"name":"cube","from":[4.7,15.498743,3.7981184],"to":[11.3,18.498743,9.798119],"rotation":{"angle":-22.5,"axis":"x","origin":[8.0,17.598743,7.3981185]},"faces":{"down":{"uv":[5.875,3.5,4.5,4.75],"rotation":0,"texture":"#0","tintindex":0},"east":{"uv":[1.75,8.0,3.0,8.625],"rotation":0,"texture":"#0","tintindex":0},"north":{"uv":[7.625,2.375,9.0,3.0],"rotation":0,"texture":"#0","tintindex":0},"south":{"uv":[7.875,7.875,9.25,8.5],"rotation":0,"texture":"#0","tintindex":0},"up":{"uv":[5.25,3.5,3.875,2.25],"rotation":0,"texture":"#0","tintindex":0},"west":{"uv":[3.0,8.0,4.25,8.625],"rotation":0,"texture":"#0","tintindex":0}}},{"name":"cube","from":[1.6999998,11.298742,4.9981184],"to":[14.3,16.698742,12.198119],"rotation":{"angle":0.0,"axis":"x","origin":[7.7,-3.1012583,8.598119]},"faces":{"down":{"uv":[2.625,1.5,0.0,3.0],"rotation":0,"texture":"#0","tintindex":0},"east":{"uv":[1.375,4.875,2.875,6.0],"rotation":0,"texture":"#0","tintindex":0},"north":{"uv":[2.625,0.0,5.25,1.125],"rotation":0,"texture":"#0","tintindex":0},"south":{"uv":[2.625,1.125,5.25,2.25],"rotation":0,"texture":"#0","tintindex":0},"up":{"uv":[2.625,1.5,0.0,0.0],"rotation":0,"texture":"#0","tintindex":0},"west":{"uv":[2.875,4.875,4.375,6.0],"rotation":0,"texture":"#0","tintindex":0}}},{"name":"cube","from":[4.1,7.714677,6.0852036],"to":[11.900001,12.514677,11.485204],"rotation":{"angle":22.5,"axis":"x","origin":[10.4,10.114677,8.785204]},"faces":{"down":{"uv":[4.5,3.75,2.875,4.875],"rotation":0,"texture":"#0","tintindex":0},"east":{"uv":[0.0,6.125,1.125,7.125],"rotation":0,"texture":"#0","tintindex":0},"north":{"uv":[5.25,0.0,6.875,1.0],"rotation":0,"texture":"#0","tintindex":0},"south":{"uv":[5.25,1.0,6.875,2.0],"rotation":0,"texture":"#0","tintindex":0},"up":{"uv":[2.875,4.875,1.25,3.75],"rotation":0,"texture":"#0","tintindex":0},"west":{"uv":[6.5,2.0,7.625,3.0],"rotation":0,"texture":"#0","tintindex":0}}},{"name":"cube","from":[5.8999996,5.930611,5.3722887],"to":[10.1,8.930611,10.772289],"rotation":{"angle":0.0,"axis":"x","origin":[12.8,11.330611,8.0722885]},"faces":{"down":{"uv":[1.75,7.25,0.875,8.375],"rotation":0,"texture":"#0","tintindex":0},"east":{"uv":[6.375,8.25,7.5,8.875],"rotation":0,"texture":"#0","tintindex":0},"north":{"uv":[8.75,8.5,9.625,9.125],"rotation":0,"texture":"#0","tintindex":0},"south":{"uv":[8.875,3.0,9.75,3.625],"rotation":0,"texture":"#0","tintindex":0},"up":{"uv":[8.0,4.125,7.125,3.0],"rotation":0,"texture":"#0","tintindex":0},"west":{"uv":[0.0,8.375,1.125,9.0],"rotation":0,"texture":"#0","tintindex":0}}}],"display":{"head":{"translation":[0.0,-6.4,0.0],"rotation":[0.0,0.0,0.0],"scale":[3.8095,3.8095,3.8095]}}}