{"textures":{"0":"modelengine:entity/frankenstein2"},"elements":[{"name":"cube","from":[8.178905,4.251129,5.0831366],"to":[11.1789055,7.851129,11.0831375],"rotation":{"angle":0.0,"axis":"x","origin":[21.990814,1.86066,7.7]},"faces":{"down":{"uv":[4.875,8.0,5.5,9.25],"rotation":0,"texture":"#0","tintindex":0},"east":{"uv":[5.5,7.25,4.25,8.0],"rotation":0,"texture":"#0","tintindex":0},"north":{"uv":[3.875,9.125,3.25,9.875],"rotation":0,"texture":"#0","tintindex":0},"south":{"uv":[9.375,9.125,8.75,9.875],"rotation":0,"texture":"#0","tintindex":0},"up":{"uv":[4.25,9.25,4.875,8.0],"rotation":0,"texture":"#0","tintindex":0},"west":{"uv":[4.25,7.25,3.0,8.0],"rotation":0,"texture":"#0","tintindex":0}}},{"name":"cube","from":[10.578905,5.451129,4.4831367],"to":[12.378905,7.851129,7.4831367],"rotation":{"angle":0.0,"axis":"x","origin":[21.990814,1.86066,7.7]},"faces":{"down":{"uv":[2.75,9.75,3.125,10.375],"rotation":0,"texture":"#0","tintindex":0},"east":{"uv":[10.125,4.75,9.5,5.25],"rotation":0,"texture":"#0","tintindex":0},"north":{"uv":[9.125,9.875,8.75,10.375],"rotation":0,"texture":"#0","tintindex":0},"south":{"uv":[10.375,0.0,10.0,0.5],"rotation":0,"texture":"#0","tintindex":0},"up":{"uv":[2.375,10.375,2.75,9.75],"rotation":0,"texture":"#0","tintindex":0},"west":{"uv":[10.125,4.25,9.5,4.75],"rotation":0,"texture":"#0","tintindex":0}}},{"name":"cube","from":[9.978905,3.0511289,3.8831365],"to":[11.778905,6.6511292,5.683137],"rotation":{"angle":0.0,"axis":"x","origin":[21.990814,1.86066,7.7]},"faces":{"down":{"uv":[10.0,1.625,10.375,2.0],"rotation":0,"texture":"#0","tintindex":0},"east":{"uv":[8.75,9.625,8.375,10.375],"rotation":0,"texture":"#0","tintindex":0},"north":{"uv":[7.625,9.625,7.25,10.375],"rotation":0,"texture":"#0","tintindex":0},"south":{"uv":[8.375,9.625,8.0,10.375],"rotation":0,"texture":"#0","tintindex":0},"up":{"uv":[1.5,10.375,1.875,10.0],"rotation":0,"texture":"#0","tintindex":0},"west":{"uv":[8.0,9.625,7.625,10.375],"rotation":0,"texture":"#0","tintindex":0}}},{"name":"cube","from":[7.5403,2.443535,5.0831366],"to":[9.340301,4.843535,6.8831367],"rotation":{"angle":-22.5,"axis":"z","origin":[9.37049,2.9420917,5.6]},"faces":{"down":{"uv":[8.625,2.0,9.0,2.375],"rotation":0,"texture":"#0","tintindex":0},"east":{"uv":[3.5,9.875,3.125,10.375],"rotation":0,"texture":"#0","tintindex":0},"north":{"uv":[6.125,9.75,5.75,10.25],"rotation":0,"texture":"#0","tintindex":0},"south":{"uv":[10.125,6.875,9.75,7.375],"rotation":0,"texture":"#0","tintindex":0},"up":{"uv":[6.5,8.25,6.875,7.875],"rotation":0,"texture":"#0","tintindex":0},"west":{"uv":[10.125,6.375,9.75,6.875],"rotation":0,"texture":"#0","tintindex":0}}},{"name":"cube","from":[7.488826,0.7818682,5.0831366],"to":[9.288826,3.1818683,6.8831367],"rotation":{"angle":0.0,"axis":"x","origin":[9.300734,1.3913995,5.6]},"faces":{"down":{"uv":[10.0,0.875,10.375,1.25],"rotation":0,"texture":"#0","tintindex":0},"east":{"uv":[10.25,5.25,9.875,5.75],"rotation":0,"texture":"#0","tintindex":0},"north":{"uv":[3.875,9.875,3.5,10.375],"rotation":0,"texture":"#0","tintindex":0},"south":{"uv":[5.375,9.875,5.0,10.375],"rotation":0,"texture":"#0","tintindex":0},"up":{"uv":[0.75,10.375,1.125,10.0],"rotation":0,"texture":"#0","tintindex":0},"west":{"uv":[5.0,9.875,4.625,10.375],"rotation":0,"texture":"#0","tintindex":0}}},{"name":"cube","from":[8.178905,1.8511293,7.4831367],"to":[9.978905,4.251129,11.0831375],"rotation":{"angle":0.0,"axis":"x","origin":[9.990812,2.46066,8.6]},"faces":{"down":{"uv":[9.625,1.75,10.0,2.5],"rotation":0,"texture":"#0","tintindex":0},"east":{"uv":[2.375,9.5,1.625,10.0],"rotation":0,"texture":"#0","tintindex":0},"north":{"uv":[6.5,9.875,6.125,10.375],"rotation":0,"texture":"#0","tintindex":0},"south":{"uv":[6.875,9.875,6.5,10.375],"rotation":0,"texture":"#0","tintindex":0},"up":{"uv":[0.375,10.375,0.75,9.625],"rotation":0,"texture":"#0","tintindex":0},"west":{"uv":[1.625,9.5,0.875,10.0],"rotation":0,"texture":"#0","tintindex":0}}},{"name":"cube","from":[7.9104524,0.39697266,7.4831367],"to":[9.710453,2.1969726,11.0831375],"rotation":{"angle":-45.0,"axis":"z","origin":[9.8,0.7999997,8.6]},"faces":{"down":{"uv":[0.0,9.625,0.375,10.375],"rotation":0,"texture":"#0","tintindex":0},"east":{"uv":[6.875,9.5,6.125,9.875],"rotation":0,"texture":"#0","tintindex":0},"north":{"uv":[1.5,10.0,1.125,10.375],"rotation":0,"texture":"#0","tintindex":0},"south":{"uv":[10.375,1.25,10.0,1.625],"rotation":0,"texture":"#0","tintindex":0},"up":{"uv":[6.875,10.25,7.25,9.5],"rotation":0,"texture":"#0","tintindex":0},"west":{"uv":[7.875,4.125,7.125,4.5],"rotation":0,"texture":"#0","tintindex":0}}}],"display":{"head":{"translation":[0.0,-6.4,0.0],"rotation":[0.0,0.0,0.0],"scale":[3.8095,3.8095,3.8095]}}}