{"textures":{"0":"modelengine:entity/frankenstein2"},"elements":[{"name":"cube","from":[4.821095,4.251129,5.0831366],"to":[7.8210955,7.851129,11.0831375],"rotation":{"angle":0.0,"axis":"x","origin":[-5.9908123,1.86066,7.7]},"faces":{"down":{"uv":[5.5,8.0,4.875,9.25],"rotation":0,"texture":"#0","tintindex":0},"east":{"uv":[3.0,7.25,4.25,8.0],"rotation":0,"texture":"#0","tintindex":0},"north":{"uv":[3.25,9.125,3.875,9.875],"rotation":0,"texture":"#0","tintindex":0},"south":{"uv":[8.75,9.125,9.375,9.875],"rotation":0,"texture":"#0","tintindex":0},"up":{"uv":[4.875,9.25,4.25,8.0],"rotation":0,"texture":"#0","tintindex":0},"west":{"uv":[4.25,7.25,5.5,8.0],"rotation":0,"texture":"#0","tintindex":0}}},{"name":"cube","from":[3.621095,5.451129,4.4831367],"to":[5.421095,7.851129,7.4831367],"rotation":{"angle":0.0,"axis":"x","origin":[-5.9908123,1.86066,7.7]},"faces":{"down":{"uv":[3.125,9.75,2.75,10.375],"rotation":0,"texture":"#0","tintindex":0},"east":{"uv":[9.5,4.25,10.125,4.75],"rotation":0,"texture":"#0","tintindex":0},"north":{"uv":[8.75,9.875,9.125,10.375],"rotation":0,"texture":"#0","tintindex":0},"south":{"uv":[10.0,0.0,10.375,0.5],"rotation":0,"texture":"#0","tintindex":0},"up":{"uv":[2.75,10.375,2.375,9.75],"rotation":0,"texture":"#0","tintindex":0},"west":{"uv":[9.5,4.75,10.125,5.25],"rotation":0,"texture":"#0","tintindex":0}}},{"name":"cube","from":[4.221095,3.0511289,3.8831365],"to":[6.0210953,6.6511292,5.683137],"rotation":{"angle":0.0,"axis":"x","origin":[-5.9908123,1.86066,7.7]},"faces":{"down":{"uv":[10.375,1.625,10.0,2.0],"rotation":0,"texture":"#0","tintindex":0},"east":{"uv":[7.625,9.625,8.0,10.375],"rotation":0,"texture":"#0","tintindex":0},"north":{"uv":[7.25,9.625,7.625,10.375],"rotation":0,"texture":"#0","tintindex":0},"south":{"uv":[8.0,9.625,8.375,10.375],"rotation":0,"texture":"#0","tintindex":0},"up":{"uv":[1.875,10.375,1.5,10.0],"rotation":0,"texture":"#0","tintindex":0},"west":{"uv":[8.375,9.625,8.75,10.375],"rotation":0,"texture":"#0","tintindex":0}}},{"name":"cube","from":[6.6596994,2.443535,5.0831366],"to":[8.4597,4.843535,6.8831367],"rotation":{"angle":22.5,"axis":"z","origin":[6.62951,2.9420917,5.6]},"faces":{"down":{"uv":[9.0,2.0,8.625,2.375],"rotation":0,"texture":"#0","tintindex":0},"east":{"uv":[9.75,6.375,10.125,6.875],"rotation":0,"texture":"#0","tintindex":0},"north":{"uv":[5.75,9.75,6.125,10.25],"rotation":0,"texture":"#0","tintindex":0},"south":{"uv":[9.75,6.875,10.125,7.375],"rotation":0,"texture":"#0","tintindex":0},"up":{"uv":[6.875,8.25,6.5,7.875],"rotation":0,"texture":"#0","tintindex":0},"west":{"uv":[3.125,9.875,3.5,10.375],"rotation":0,"texture":"#0","tintindex":0}}},{"name":"cube","from":[6.711174,0.7818682,5.0831366],"to":[8.511174,3.1818683,6.8831367],"rotation":{"angle":0.0,"axis":"x","origin":[6.6992664,1.3913995,5.6]},"faces":{"down":{"uv":[10.375,0.875,10.0,1.25],"rotation":0,"texture":"#0","tintindex":0},"east":{"uv":[4.625,9.875,5.0,10.375],"rotation":0,"texture":"#0","tintindex":0},"north":{"uv":[3.5,9.875,3.875,10.375],"rotation":0,"texture":"#0","tintindex":0},"south":{"uv":[5.0,9.875,5.375,10.375],"rotation":0,"texture":"#0","tintindex":0},"up":{"uv":[1.125,10.375,0.75,10.0],"rotation":0,"texture":"#0","tintindex":0},"west":{"uv":[9.875,5.25,10.25,5.75],"rotation":0,"texture":"#0","tintindex":0}}},{"name":"cube","from":[6.0210953,1.8511293,7.4831367],"to":[7.8210955,4.251129,11.0831375],"rotation":{"angle":0.0,"axis":"x","origin":[6.0091877,2.46066,8.6]},"faces":{"down":{"uv":[10.0,1.75,9.625,2.5],"rotation":0,"texture":"#0","tintindex":0},"east":{"uv":[0.875,9.5,1.625,10.0],"rotation":0,"texture":"#0","tintindex":0},"north":{"uv":[6.125,9.875,6.5,10.375],"rotation":0,"texture":"#0","tintindex":0},"south":{"uv":[6.5,9.875,6.875,10.375],"rotation":0,"texture":"#0","tintindex":0},"up":{"uv":[0.75,10.375,0.375,9.625],"rotation":0,"texture":"#0","tintindex":0},"west":{"uv":[1.625,9.5,2.375,10.0],"rotation":0,"texture":"#0","tintindex":0}}},{"name":"cube","from":[6.289548,0.39697266,7.4831367],"to":[8.089548,2.1969726,11.0831375],"rotation":{"angle":45.0,"axis":"z","origin":[6.2,0.7999997,8.6]},"faces":{"down":{"uv":[0.375,9.625,0.0,10.375],"rotation":0,"texture":"#0","tintindex":0},"east":{"uv":[7.125,4.125,7.875,4.5],"rotation":0,"texture":"#0","tintindex":0},"north":{"uv":[1.125,10.0,1.5,10.375],"rotation":0,"texture":"#0","tintindex":0},"south":{"uv":[10.0,1.25,10.375,1.625],"rotation":0,"texture":"#0","tintindex":0},"up":{"uv":[7.25,10.25,6.875,9.5],"rotation":0,"texture":"#0","tintindex":0},"west":{"uv":[6.125,9.5,6.875,9.875],"rotation":0,"texture":"#0","tintindex":0}}}],"display":{"head":{"translation":[0.0,-6.4,0.0],"rotation":[0.0,0.0,0.0],"scale":[3.8095,3.8095,3.8095]}}}