{"textures":{"0":"modelengine:entity/frankenstein2"},"elements":[{"name":"cube","from":[5.431563,2.0983891,2.0723042],"to":[9.631563,8.09839,8.072304],"rotation":{"angle":0.0,"axis":"x","origin":[-4.1908126,-3.9893403,4.7]},"faces":{"down":{"uv":[0.875,7.125,0.0,8.375],"rotation":0,"texture":"#0","tintindex":0},"east":{"uv":[5.25,2.0,6.5,3.25],"rotation":0,"texture":"#0","tintindex":0},"north":{"uv":[7.0,4.5,7.875,5.75],"rotation":0,"texture":"#0","tintindex":0},"south":{"uv":[7.0,5.75,7.875,7.0],"rotation":0,"texture":"#0","tintindex":0},"up":{"uv":[7.875,8.25,7.0,7.0],"rotation":0,"texture":"#0","tintindex":0},"west":{"uv":[5.875,3.25,7.125,4.5],"rotation":0,"texture":"#0","tintindex":0}}}],"display":{"head":{"translation":[0.0,-6.4,0.0],"rotation":[0.0,0.0,0.0],"scale":[3.8095,3.8095,3.8095]}}}