{ "parent": "item/handheld", "textures": { "layer0": "item/paper" }, "overrides": [{ "predicate": { "custom_model_data": 1 }, "model": "hyparia:block/custom/001" }, { "predicate": { "custom_model_data": 2 }, "model": "hyparia:block/custom/002" }, { "predicate": { "custom_model_data": 3 }, "model": "hyparia:block/custom/003" }, { "predicate": { "custom_model_data": 4 }, "model": "hyparia:block/custom/004" }, { "predicate": { "custom_model_data": 5 }, "model": "hyparia:block/custom/005" }, { "predicate": { "custom_model_data": 6 }, "model": "hyparia:block/custom/006" }, { "predicate": { "custom_model_data": 7 }, "model": "hyparia:block/custom/007" }, { "predicate": { "custom_model_data": 8 }, "model": "hyparia:block/custom/008" }, { "predicate": { "custom_model_data": 9 }, "model": "hyparia:block/custom/009" }, { "predicate": { "custom_model_data": 10 }, "model": "hyparia:block/custom/010" }, { "predicate": { "custom_model_data": 11 }, "model": "hyparia:block/custom/011" }, { "predicate": { "custom_model_data": 12 }, "model": "hyparia:block/custom/012" }, { "predicate": { "custom_model_data": 13 }, "model": "hyparia:block/custom/013" }, { "predicate": { "custom_model_data": 14 }, "model": "hyparia:block/custom/014" }, { "predicate": { "custom_model_data": 15 }, "model": "hyparia:block/custom/015" }, { "predicate": { "custom_model_data": 16 }, "model": "hyparia:block/custom/016" }, { "predicate": { "custom_model_data": 17 }, "model": "hyparia:block/custom/017" }, { "predicate": { "custom_model_data": 18 }, "model": "hyparia:block/custom/018" }, { "predicate": { "custom_model_data": 19 }, "model": "hyparia:block/custom/019" }, { "predicate": { "custom_model_data": 20 }, "model": "hyparia:block/custom/020" }, { "predicate": { "custom_model_data": 21 }, "model": "hyparia:block/custom/021" }, { "predicate": { "custom_model_data": 22 }, "model": "hyparia:block/custom/022" }, { "predicate": { "custom_model_data": 23 }, "model": "hyparia:block/custom/023" }, { "predicate": { "custom_model_data": 24 }, "model": "hyparia:block/custom/024" }, { "predicate": { "custom_model_data": 25 }, "model": "hyparia:block/custom/025" }, { "predicate": { "custom_model_data": 26 }, "model": "hyparia:block/custom/026" }, { "predicate": { "custom_model_data": 27 }, "model": "hyparia:block/custom/027" }, { "predicate": { "custom_model_data": 28 }, "model": "hyparia:block/custom/028" }, { "predicate": { "custom_model_data": 29 }, "model": "hyparia:block/custom/029" }, { "predicate": { "custom_model_data": 30 }, "model": "hyparia:block/custom/030" }, { "predicate": { "custom_model_data": 31 }, "model": "hyparia:block/custom/031" }, { "predicate": { "custom_model_data": 32 }, "model": "hyparia:block/custom/032" }, { "predicate": { "custom_model_data": 33 }, "model": "hyparia:block/custom/033" }, { "predicate": { "custom_model_data": 34 }, "model": "hyparia:block/custom/034" }, { "predicate": { "custom_model_data": 35 }, "model": "hyparia:block/custom/035" }, { "predicate": { "custom_model_data": 36 }, "model": "hyparia:block/custom/036" }, { "predicate": { "custom_model_data": 37 }, "model": "hyparia:block/custom/037" }, { "predicate": { "custom_model_data": 38 }, "model": "hyparia:block/custom/038" }, { "predicate": { "custom_model_data": 39 }, "model": "hyparia:block/custom/039" }, { "predicate": { "custom_model_data": 40 }, "model": "hyparia:block/custom/040" }, { "predicate": { "custom_model_data": 41 }, "model": "hyparia:block/custom/041" }, { "predicate": { "custom_model_data": 42 }, "model": "hyparia:block/custom/042" }, { "predicate": { "custom_model_data": 43 }, "model": "hyparia:block/custom/043" }, { "predicate": { "custom_model_data": 44 }, "model": "hyparia:block/custom/044" }, { "predicate": { "custom_model_data": 45 }, "model": "hyparia:block/custom/045" }, { "predicate": { "custom_model_data": 46 }, "model": "hyparia:block/custom/046" }, { "predicate": { "custom_model_data": 47 }, "model": "hyparia:block/custom/047" }, { "predicate": { "custom_model_data": 48 }, "model": "hyparia:block/custom/048" }, { "predicate": { "custom_model_data": 49 }, "model": "hyparia:block/custom/049" }, { "predicate": { "custom_model_data": 50 }, "model": "hyparia:block/custom/050" }, { "predicate": { "custom_model_data": 51 }, "model": "hyparia:block/custom/051" }, { "predicate": { "custom_model_data": 52 }, "model": "hyparia:block/custom/052" }, { "predicate": { "custom_model_data": 53 }, "model": "hyparia:block/custom/053" }, { "predicate": { "custom_model_data": 54 }, "model": "hyparia:block/custom/054" }, { "predicate": { "custom_model_data": 55 }, "model": "hyparia:block/custom/055" }, { "predicate": { "custom_model_data": 56 }, "model": "hyparia:block/custom/056" }, { "predicate": { "custom_model_data": 57 }, "model": "hyparia:block/custom/057" }, { "predicate": { "custom_model_data": 58 }, "model": "hyparia:block/custom/058" }, { "predicate": { "custom_model_data": 59 }, "model": "hyparia:block/custom/059" }, { "predicate": { "custom_model_data": 60 }, "model": "hyparia:block/custom/060" }, { "predicate": { "custom_model_data": 61 }, "model": "hyparia:block/custom/061" }, { "predicate": { "custom_model_data": 62 }, "model": "hyparia:block/custom/062" }, { "predicate": { "custom_model_data": 63 }, "model": "hyparia:block/custom/063" }, { "predicate": { "custom_model_data": 100 }, "model": "hyparia:block/custom/100" }, { "predicate": { "custom_model_data": 101 }, "model": "hyparia:block/custom/101" }, { "predicate": { "custom_model_data": 102 }, "model": "hyparia:block/custom/102" }, { "predicate": { "custom_model_data": 103 }, "model": "hyparia:block/custom/103" }, { "predicate": { "custom_model_data": 104 }, "model": "hyparia:block/custom/104" }, { "predicate": { "custom_model_data": 105 }, "model": "hyparia:block/custom/105" }, { "predicate": { "custom_model_data": 106 }, "model": "hyparia:block/custom/106" }, { "predicate": { "custom_model_data": 107 }, "model": "hyparia:block/custom/107" }, { "predicate": { "custom_model_data": 108 }, "model": "hyparia:block/custom/108" }, { "predicate": { "custom_model_data": 109 }, "model": "hyparia:block/custom/109" }, { "predicate": { "custom_model_data": 110 }, "model": "hyparia:block/custom/110" }, { "predicate": { "custom_model_data": 111 }, "model": "hyparia:block/custom/111" }, { "predicate": { "custom_model_data": 112 }, "model": "hyparia:block/custom/112" }, { "predicate": { "custom_model_data": 113 }, "model": "hyparia:block/custom/113" }, { "predicate": { "custom_model_data": 114 }, "model": "hyparia:block/custom/114" }, { "predicate": { "custom_model_data": 115 }, "model": "hyparia:block/custom/115" }, { "predicate": { "custom_model_data": 116 }, "model": "hyparia:block/custom/116" }, { "predicate": { "custom_model_data": 117 }, "model": "hyparia:block/custom/117" }, { "predicate": { "custom_model_data": 118 }, "model": "hyparia:block/custom/118" }, { "predicate": { "custom_model_data": 119 }, "model": "hyparia:block/custom/119" }, { "predicate": { "custom_model_data": 120 }, "model": "hyparia:block/custom/120" }, { "predicate": { "custom_model_data": 121 }, "model": "hyparia:block/custom/121" }, { "predicate": { "custom_model_data": 122 }, "model": "hyparia:block/custom/122" }, { "predicate": { "custom_model_data": 123 }, "model": "hyparia:block/custom/123" }, { "predicate": { "custom_model_data": 124 }, "model": "hyparia:block/custom/124" }, { "predicate": { "custom_model_data": 125 }, "model": "hyparia:block/custom/125" }, { "predicate": { "custom_model_data": 126 }, "model": "hyparia:block/custom/126" }, { "predicate": { "custom_model_data": 127 }, "model": "hyparia:block/custom/127" }, { "predicate": { "custom_model_data": 128 }, "model": "hyparia:block/custom/128" }, { "predicate": { "custom_model_data": 129 }, "model": "hyparia:block/custom/129" }, { "predicate": { "custom_model_data": 130 }, "model": "hyparia:block/custom/130" }, { "predicate": { "custom_model_data": 131 }, "model": "hyparia:block/custom/131" }, { "predicate": { "custom_model_data": 132 }, "model": "hyparia:block/custom/132" }, { "predicate": { "custom_model_data": 133 }, "model": "hyparia:block/custom/133" }, { "predicate": { "custom_model_data": 134 }, "model": "hyparia:block/custom/134" }, { "predicate": { "custom_model_data": 135 }, "model": "hyparia:block/custom/135" }, { "predicate": { "custom_model_data": 136 }, "model": "hyparia:block/custom/136" }, { "predicate": { "custom_model_data": 137 }, "model": "hyparia:block/custom/137" }, { "predicate": { "custom_model_data": 138 }, "model": "hyparia:block/custom/138" }, { "predicate": { "custom_model_data": 139 }, "model": "hyparia:block/custom/139" }, { "predicate": { "custom_model_data": 140 }, "model": "hyparia:block/custom/140" }, { "predicate": { "custom_model_data": 141 }, "model": "hyparia:block/custom/141" }, { "predicate": { "custom_model_data": 142 }, "model": "hyparia:block/custom/142" }, { "predicate": { "custom_model_data": 143 }, "model": "hyparia:block/custom/143" }, { "predicate": { "custom_model_data": 144 }, "model": "hyparia:block/custom/144" }, { "predicate": { "custom_model_data": 145 }, "model": "hyparia:block/custom/145" }, { "predicate": { "custom_model_data": 146 }, "model": "hyparia:block/custom/146" }, { "predicate": { "custom_model_data": 147 }, "model": "hyparia:block/custom/147" }, { "predicate": { "custom_model_data": 148 }, "model": "hyparia:block/custom/148" }, { "predicate": { "custom_model_data": 149 }, "model": "hyparia:block/custom/149" }, { "predicate": { "custom_model_data": 150 }, "model": "hyparia:block/custom/150" }, { "predicate": { "custom_model_data": 151 }, "model": "hyparia:block/custom/151" }, { "predicate": { "custom_model_data": 152 }, "model": "hyparia:block/custom/152" }, { "predicate": { "custom_model_data": 153 }, "model": "hyparia:block/custom/153" }, { "predicate": { "custom_model_data": 154 }, "model": "hyparia:block/custom/154" }, { "predicate": { "custom_model_data": 155 }, "model": "hyparia:block/custom/155" }, { "predicate": { "custom_model_data": 156 }, "model": "hyparia:block/custom/156" }, { "predicate": { "custom_model_data": 157 }, "model": "hyparia:block/custom/157" }, { "predicate": { "custom_model_data": 158 }, "model": "hyparia:block/custom/158" }, { "predicate": { "custom_model_data": 159 }, "model": "hyparia:block/custom/159" }, { "predicate": { "custom_model_data": 160 }, "model": "hyparia:block/custom/160" }, { "predicate": { "custom_model_data": 161 }, "model": "hyparia:block/custom/161" }, { "predicate": { "custom_model_data": 162 }, "model": "hyparia:block/custom/162" }, { "predicate": { "custom_model_data": 163 }, "model": "hyparia:block/custom/163" }, { "predicate": { "custom_model_data": 200 }, "model": "hyparia:block/custom/200" }, { "predicate": { "custom_model_data": 201 }, "model": "hyparia:block/custom/201" }, { "predicate": { "custom_model_data": 202 }, "model": "hyparia:block/custom/202" }, { "predicate": { "custom_model_data": 203 }, "model": "hyparia:block/custom/203" }, { "predicate": { "custom_model_data": 204 }, "model": "hyparia:block/custom/204" }, { "predicate": { "custom_model_data": 205 }, "model": "hyparia:block/custom/205" }, { "predicate": { "custom_model_data": 206 }, "model": "hyparia:block/custom/206" }, { "predicate": { "custom_model_data": 207 }, "model": "hyparia:block/custom/207" }, { "predicate": { "custom_model_data": 208 }, "model": "hyparia:block/custom/208" }, { "predicate": { "custom_model_data": 209 }, "model": "hyparia:block/custom/209" }, { "predicate": { "custom_model_data": 210 }, "model": "hyparia:block/custom/210" }, { "predicate": { "custom_model_data": 211 }, "model": "hyparia:block/custom/211" }, { "predicate": { "custom_model_data": 212 }, "model": "hyparia:block/custom/212" }, { "predicate": { "custom_model_data": 213 }, "model": "hyparia:block/custom/213" }, { "predicate": { "custom_model_data": 214 }, "model": "hyparia:block/custom/214" }, { "predicate": { "custom_model_data": 215 }, "model": "hyparia:block/custom/215" }, { "predicate": { "custom_model_data": 216 }, "model": "hyparia:block/custom/216" }, { "predicate": { "custom_model_data": 217 }, "model": "hyparia:block/custom/217" }, { "predicate": { "custom_model_data": 218 }, "model": "hyparia:block/custom/218" }, { "predicate": { "custom_model_data": 219 }, "model": "hyparia:block/custom/219" }, { "predicate": { "custom_model_data": 220 }, "model": "hyparia:block/custom/220" }, { "predicate": { "custom_model_data": 221 }, "model": "hyparia:block/custom/221" }, { "predicate": { "custom_model_data": 222 }, "model": "hyparia:block/custom/222" }, { "predicate": { "custom_model_data": 223 }, "model": "hyparia:block/custom/223" }, { "predicate": { "custom_model_data": 224 }, "model": "hyparia:block/custom/224" }, { "predicate": { "custom_model_data": 225 }, "model": "hyparia:block/custom/225" }, { "predicate": { "custom_model_data": 226 }, "model": "hyparia:block/custom/226" }, { "predicate": { "custom_model_data": 227 }, "model": "hyparia:block/custom/227" }, { "predicate": { "custom_model_data": 228 }, "model": "hyparia:block/custom/228" }, { "predicate": { "custom_model_data": 229 }, "model": "hyparia:block/custom/229" }, { "predicate": { "custom_model_data": 230 }, "model": "hyparia:block/custom/230" }, { "predicate": { "custom_model_data": 231 }, "model": "hyparia:block/custom/231" }, { "predicate": { "custom_model_data": 232 }, "model": "hyparia:block/custom/232" }, { "predicate": { "custom_model_data": 233 }, "model": "hyparia:block/custom/233" }, { "predicate": { "custom_model_data": 234 }, "model": "hyparia:block/custom/234" }, { "predicate": { "custom_model_data": 235 }, "model": "hyparia:block/custom/235" }, { "predicate": { "custom_model_data": 236 }, "model": "hyparia:block/custom/236" }, { "predicate": { "custom_model_data": 237 }, "model": "hyparia:block/custom/237" }, { "predicate": { "custom_model_data": 238 }, "model": "hyparia:block/custom/238" }, { "predicate": { "custom_model_data": 239 }, "model": "hyparia:block/custom/239" }, { "predicate": { "custom_model_data": 240 }, "model": "hyparia:block/custom/240" }, { "predicate": { "custom_model_data": 241 }, "model": "hyparia:block/custom/241" }, { "predicate": { "custom_model_data": 242 }, "model": "hyparia:block/custom/242" }, { "predicate": { "custom_model_data": 243 }, "model": "hyparia:block/custom/243" }, { "predicate": { "custom_model_data": 244 }, "model": "hyparia:block/custom/244" }, { "predicate": { "custom_model_data": 245 }, "model": "hyparia:block/custom/245" }, { "predicate": { "custom_model_data": 246 }, "model": "hyparia:block/custom/246" }, { "predicate": { "custom_model_data": 247 }, "model": "hyparia:block/custom/247" }, { "predicate": { "custom_model_data": 248 }, "model": "hyparia:block/custom/248" }, { "predicate": { "custom_model_data": 249 }, "model": "hyparia:block/custom/249" }, { "predicate": { "custom_model_data": 250 }, "model": "hyparia:block/custom/250" }, { "predicate": { "custom_model_data": 251 }, "model": "hyparia:block/custom/251" }, { "predicate": { "custom_model_data": 252 }, "model": "hyparia:block/custom/252" }, { "predicate": { "custom_model_data": 253 }, "model": "hyparia:block/custom/253" }, { "predicate": { "custom_model_data": 254 }, "model": "hyparia:block/custom/254" }, { "predicate": { "custom_model_data": 255 }, "model": "hyparia:block/custom/255" }, { "predicate": { "custom_model_data": 256 }, "model": "hyparia:block/custom/256" }, { "predicate": { "custom_model_data": 257 }, "model": "hyparia:block/custom/257" }, { "predicate": { "custom_model_data": 258 }, "model": "hyparia:block/custom/258" }, { "predicate": { "custom_model_data": 259 }, "model": "hyparia:block/custom/259" }, { "predicate": { "custom_model_data": 260 }, "model": "hyparia:block/custom/260" }, { "predicate": { "custom_model_data": 261 }, "model": "hyparia:block/custom/261" }, { "predicate": { "custom_model_data": 262 }, "model": "hyparia:block/custom/262" }, { "predicate": { "custom_model_data": 263 }, "model": "hyparia:block/custom/263" }, { "predicate": { "custom_model_data": 1000 }, "model": "hyparia:gui/armorstandtools/hotbar/head" }, { "predicate": { "custom_model_data": 1001 }, "model": "hyparia:gui/armorstandtools/hotbar/arm_left" }, { "predicate": { "custom_model_data": 1002 }, "model": "hyparia:gui/armorstandtools/hotbar/arm_right" }, { "predicate": { "custom_model_data": 1003 }, "model": "hyparia:gui/armorstandtools/hotbar/body" }, { "predicate": { "custom_model_data": 1004 }, "model": "hyparia:gui/armorstandtools/hotbar/leg_left" }, { "predicate": { "custom_model_data": 1005 }, "model": "hyparia:gui/armorstandtools/hotbar/leg_right" }, { "predicate": { "custom_model_data": 1900 }, "model": "hyparia:gui/armorstandtools/hotbar/x_0.1" }, { "predicate": { "custom_model_data": 1901 }, "model": "hyparia:gui/armorstandtools/hotbar/x_1.0" }, { "predicate": { "custom_model_data": 1902 }, "model": "hyparia:gui/armorstandtools/hotbar/x_1" }, { "predicate": { "custom_model_data": 1903 }, "model": "hyparia:gui/armorstandtools/hotbar/x_10" }, { "predicate": { "custom_model_data": 1904 }, "model": "hyparia:gui/armorstandtools/hotbar/y_0.1" }, { "predicate": { "custom_model_data": 1905 }, "model": "hyparia:gui/armorstandtools/hotbar/y_1.0" }, { "predicate": { "custom_model_data": 1906 }, "model": "hyparia:gui/armorstandtools/hotbar/y_1" }, { "predicate": { "custom_model_data": 1907 }, "model": "hyparia:gui/armorstandtools/hotbar/y_10" }, { "predicate": { "custom_model_data": 1908 }, "model": "hyparia:gui/armorstandtools/hotbar/z_0.1" }, { "predicate": { "custom_model_data": 1909 }, "model": "hyparia:gui/armorstandtools/hotbar/z_1.0" }, { "predicate": { "custom_model_data": 1910 }, "model": "hyparia:gui/armorstandtools/hotbar/z_1" }, { "predicate": { "custom_model_data": 1911 }, "model": "hyparia:gui/armorstandtools/hotbar/z_10" }, { "predicate": { "custom_model_data": 1912 }, "model": "hyparia:gui/armorstandtools/hotbar/rotate_1" }, { "predicate": { "custom_model_data": 1913 }, "model": "hyparia:gui/armorstandtools/hotbar/rotate_10" }, { "predicate": { "custom_model_data": 1914 }, "model": "hyparia:gui/armorstandtools/hotbar/empty_slot" }, { "predicate": { "custom_model_data": 1915 }, "model": "hyparia:gui/armorstandtools/hotbar/return" }, { "predicate": { "custom_model_data": 1916 }, "model": "hyparia:gui/armorstandtools/hotbar/y_0.05" }] }