{ "credit": "Model by Elsweyr, forked by HypariaMC", "textures": { "texture": "hyparia:furniture/bottle_wine", "particle": "hyparia:furniture/bottle_wine" }, "elements": [{ "__comment": "Bottle", "from": [7, 0, 6], "to": [10, 6, 9], "faces": { "down": { "uv": [13, 7, 16, 10], "texture": "#texture" }, "up": { "uv": [13, 7, 16, 10], "texture": "#texture" }, "north": { "uv": [10, 10, 13, 16], "texture": "#texture" }, "south": { "uv": [13, 10, 16, 16], "texture": "#texture" }, "west": { "uv": [13, 10, 16, 16], "texture": "#texture" }, "east": { "uv": [13, 10, 16, 16], "texture": "#texture" } } }, { "__comment": "Neck", "from": [7.75, 6, 6.75], "to": [9.25, 9, 8.25], "faces": { "down": { "uv": [4.5, 14.5, 6, 16], "texture": "#texture" }, "up": { "uv": [6, 11.5, 7.5, 13], "texture": "#texture" }, "north": { "uv": [7.5, 13, 9, 16], "texture": "#texture" }, "south": { "uv": [7.5, 13, 9, 16], "texture": "#texture" }, "west": { "uv": [7.5, 13, 9, 16], "texture": "#texture" }, "east": { "uv": [7.5, 13, 9, 16], "texture": "#texture" } } }, { "__comment": "Cork", "from": [8, 8.5, 7], "to": [9, 9.5, 8], "faces": { "down": { "uv": [9, 15, 10, 16], "texture": "#texture" }, "up": { "uv": [9, 15, 10, 16], "texture": "#texture" }, "north": { "uv": [9, 15, 10, 16], "texture": "#texture" }, "south": { "uv": [9, 15, 10, 16], "texture": "#texture" }, "west": { "uv": [9, 15, 10, 16], "texture": "#texture" }, "east": { "uv": [9, 15, 10, 16], "texture": "#texture" } } }], "display": { "thirdperson_righthand": { "translation": [0, 4.4347, 0] }, "thirdperson_lefthand": { "translation": [0, 4.4347, 0] }, "firstperson_righthand": { "translation": [0, 4.4456, 0] }, "firstperson_lefthand": { "translation": [0, 4.4456, 0] }, "gui": { "rotation": [26, 151, 0], "translation": [1.0951, 3.5733, 0] }, "head": { "translation": [0, -31.2, 0], "scale": [1.5, 1.5, 1.5] }, "ground": { "translation": [0, 3.8668, 0], "scale": [0.5, 0.5, 0.5] }, "fixed": { "translation": [0, 3.5081, 0] } } }