{ "credit": "Model by Elsweyr, forked by HypariaMC", "textures": { "texture": "hyparia:furniture/bucket" }, "elements": [{ "__comment": "Side", "from": [4, 0, 11.5], "to": [12, 8, 12.5], "faces": { "down": { "uv": [0, 8, 8, 7], "texture": "#texture" }, "up": { "uv": [0, 7, 8, 8], "texture": "#texture" }, "north": { "uv": [8, 8, 0, 16], "texture": "#texture" }, "south": { "uv": [0, 8, 8, 16], "texture": "#texture" }, "west": { "uv": [7, 8, 8, 16], "texture": "#texture" }, "east": { "uv": [0, 8, 1, 16], "texture": "#texture" } } }, { "__comment": "Side", "from": [11, 0, 5.5], "to": [12, 8, 11.5], "faces": { "down": { "uv": [1, 8, 7, 7], "texture": "#texture", "rotation": 90 }, "up": { "uv": [1, 7, 7, 8], "texture": "#texture", "rotation": 270 }, "north": { "uv": [15, 0, 16, 6], "texture": "#texture" }, "south": { "uv": [15, 0, 16, 6], "texture": "#texture" }, "west": { "uv": [7, 8, 1, 16], "texture": "#texture" }, "east": { "uv": [1, 8, 7, 16], "texture": "#texture" } } }, { "__comment": "Side", "from": [4, 0, 5.5], "to": [5, 8, 11.5], "faces": { "down": { "uv": [1, 8, 7, 7], "texture": "#texture", "rotation": 270 }, "up": { "uv": [1, 7, 7, 8], "texture": "#texture", "rotation": 90 }, "north": { "uv": [15, 0, 16, 8], "texture": "#texture" }, "south": { "uv": [15, 0, 16, 8], "texture": "#texture" }, "west": { "uv": [1, 8, 7, 16], "texture": "#texture" }, "east": { "uv": [7, 8, 1, 16], "texture": "#texture" } } }, { "__comment": "Side", "from": [4, 0, 4.5], "to": [12, 8, 5.5], "faces": { "down": { "uv": [0, 8, 8, 7], "texture": "#texture", "rotation": 180 }, "up": { "uv": [0, 7, 8, 8], "texture": "#texture", "rotation": 180 }, "north": { "uv": [0, 8, 8, 16], "texture": "#texture" }, "south": { "uv": [8, 7.5, 0, 15.5], "texture": "#texture" }, "west": { "uv": [0, 8, 1, 16], "texture": "#texture" }, "east": { "uv": [7, 8, 8, 16], "texture": "#texture" } } }, { "__comment": "Bottom", "from": [5, 0, 5.5], "to": [11, 1, 11.5], "faces": { "down": { "uv": [10, 0, 16, 6], "texture": "#texture" }, "up": { "uv": [10, 0, 16, 6], "texture": "#texture" }, "north": { "uv": [10, 6, 16, 7], "texture": "#texture" }, "south": { "uv": [10, 6, 16, 7], "texture": "#texture" }, "west": { "uv": [10, 6, 16, 7], "texture": "#texture" }, "east": { "uv": [10, 6, 16, 7], "texture": "#texture" } } }, { "__comment": "Hook 1", "from": [6.5, 8, 4.5], "to": [9.5, 10, 5.5], "faces": { "down": { "uv": [13, 13, 16, 14], "texture": "#texture" }, "up": { "uv": [13, 13, 16, 14], "texture": "#texture" }, "north": { "uv": [13, 14, 16, 16], "texture": "#texture" }, "south": { "uv": [13, 14, 16, 16], "texture": "#texture" }, "west": { "uv": [12, 14, 13, 16], "texture": "#texture" }, "east": { "uv": [12, 14, 13, 16], "texture": "#texture" } } }, { "__comment": "Hook 2", "from": [6.5, 8, 11.5], "to": [9.5, 10, 12.5], "faces": { "down": { "uv": [13, 13, 16, 14], "texture": "#texture" }, "up": { "uv": [13, 13, 16, 14], "texture": "#texture" }, "north": { "uv": [13, 14, 16, 16], "texture": "#texture" }, "south": { "uv": [13, 14, 16, 16], "texture": "#texture" }, "west": { "uv": [12, 14, 13, 16], "texture": "#texture" }, "east": { "uv": [12, 14, 13, 16], "texture": "#texture" } } }, { "__comment": "Frame", "from": [3.5, 5, 4], "to": [12.5, 6.5, 4.5], "faces": { "down": { "uv": [0, 5, 9, 5.5], "texture": "#texture" }, "up": { "uv": [0, 4, 9, 4.5], "texture": "#texture" }, "north": { "uv": [0, 4, 9, 5.5], "texture": "#texture" }, "south": { "uv": [0, 4, 9, 5.5], "texture": "#texture" }, "west": { "uv": [0, 4, 0.5, 5.5], "texture": "#texture" }, "east": { "uv": [8.5, 4, 9, 5.5], "texture": "#texture" } } }, { "__comment": "Frame1", "from": [3.5, 1.5, 4], "to": [12.5, 3, 4.5], "faces": { "down": { "uv": [0, 6.5, 9, 7], "texture": "#texture" }, "up": { "uv": [0, 5.5, 9, 6], "texture": "#texture" }, "north": { "uv": [0, 5.5, 9, 7], "texture": "#texture" }, "south": { "uv": [0, 5.5, 9, 7], "texture": "#texture" }, "west": { "uv": [0, 5.5, 0.5, 7], "texture": "#texture" }, "east": { "uv": [8.5, 5.5, 9, 7], "texture": "#texture" } } }, { "__comment": "Frame2", "from": [3.5, 5, 12.5], "to": [12.5, 6.5, 13], "faces": { "down": { "uv": [0, 5, 9, 5.5], "texture": "#texture" }, "up": { "uv": [0, 4, 9, 4.5], "texture": "#texture" }, "north": { "uv": [0, 4, 9, 5.5], "texture": "#texture" }, "south": { "uv": [0, 4, 9, 5.5], "texture": "#texture" }, "west": { "uv": [0, 4, 0.5, 5.5], "texture": "#texture" }, "east": { "uv": [8.5, 4, 9, 5.5], "texture": "#texture" } } }, { "__comment": "Frame3", "from": [3.5, 1.5, 12.5], "to": [12.5, 3, 13], "faces": { "down": { "uv": [0, 6.5, 9, 7], "texture": "#texture" }, "up": { "uv": [0, 5.5, 9, 6], "texture": "#texture" }, "north": { "uv": [0, 5.5, 9, 7], "texture": "#texture" }, "south": { "uv": [0, 5.5, 9, 7], "texture": "#texture" }, "west": { "uv": [0, 5.5, 0.5, 7], "texture": "#texture" }, "east": { "uv": [8.5, 5.5, 9, 7], "texture": "#texture" } } }, { "__comment": "Frame4", "from": [12, 5, 4.5], "to": [12.5, 6.5, 12.5], "faces": { "down": { "uv": [0.5, 5, 8.5, 5.5], "texture": "#texture", "rotation": 270 }, "up": { "uv": [0.5, 4, 8.5, 4.5], "texture": "#texture", "rotation": 270 }, "north": { "uv": [0, 4, 0.5, 5.5], "texture": "#texture" }, "south": { "uv": [8.5, 4, 9, 5.5], "texture": "#texture" }, "west": { "uv": [0.5, 4, 8.5, 5.5], "texture": "#texture" }, "east": { "uv": [0.5, 4, 8.5, 5.5], "texture": "#texture" } } }, { "__comment": "Frame5", "from": [12, 1.5, 4.5], "to": [12.5, 3, 12.5], "faces": { "down": { "uv": [0.5, 6.5, 8.5, 7], "texture": "#texture", "rotation": 270 }, "up": { "uv": [0.5, 5.5, 8.5, 6], "texture": "#texture", "rotation": 90 }, "north": { "uv": [0, 5.5, 0.5, 7], "texture": "#texture" }, "south": { "uv": [8.5, 5.5, 9, 7], "texture": "#texture" }, "west": { "uv": [0.5, 5.5, 8.5, 7], "texture": "#texture" }, "east": { "uv": [0.5, 5.5, 8.5, 7], "texture": "#texture" } } }, { "__comment": "Frame6", "from": [3.5, 5, 4.5], "to": [4, 6.5, 12.5], "faces": { "down": { "uv": [0.5, 5, 8.5, 5.5], "texture": "#texture", "rotation": 270 }, "up": { "uv": [0.5, 4, 8.5, 4.5], "texture": "#texture", "rotation": 90 }, "north": { "uv": [0, 4, 0.5, 5.5], "texture": "#texture" }, "south": { "uv": [8.5, 4, 9, 5.5], "texture": "#texture" }, "west": { "uv": [0.5, 4, 8.5, 5.5], "texture": "#texture" }, "east": { "uv": [0.5, 4, 8.5, 5.5], "texture": "#texture" } } }, { "__comment": "Frame7", "from": [3.5, 1.5, 4.5], "to": [4, 3, 12.5], "faces": { "down": { "uv": [0.5, 6.5, 8.5, 7], "texture": "#texture", "rotation": 270 }, "up": { "uv": [0.5, 5.5, 8.5, 6], "texture": "#texture", "rotation": 90 }, "north": { "uv": [0, 5.5, 0.5, 7], "texture": "#texture" }, "south": { "uv": [8.5, 5.5, 9, 7], "texture": "#texture" }, "west": { "uv": [0.5, 5.5, 8.5, 7], "texture": "#texture" }, "east": { "uv": [0.5, 5.5, 8.5, 7], "texture": "#texture" } } }, { "__comment": "Box23", "from": [7.5, 8, 3.5], "to": [8.5, 9, 13.5], "faces": { "down": { "uv": [0, 0, 10, 1], "texture": "#texture", "rotation": 90 }, "up": { "uv": [0, 0, 10, 1], "texture": "#texture", "rotation": 90 }, "north": { "uv": [0, 0, 1, 1], "texture": "#texture" }, "south": { "uv": [9, 0, 10, 1], "texture": "#texture" }, "west": { "uv": [10, 0, 0, 1], "texture": "#texture" }, "east": { "uv": [0, 1, 10, 0], "texture": "#texture" } } }], "display": { "thirdperson_righthand": { "rotation": [90, 0, 0], "translation": [0, -1.434, 0] }, "thirdperson_lefthand": { "rotation": [90, 0, 0], "translation": [0, -1.434, 0] }, "firstperson_righthand": { "translation": [1.5652, 2.4891, 0] }, "firstperson_lefthand": { "translation": [1.5652, 2.4891, 0] }, "gui": { "rotation": [21, -29, 0], "translation": [0, 2.125, 0], "scale": [0.75, 0.75, 0.75] }, "head": { "translation": [0, -29.6, -0.861], "scale": [1.7, 1.7, 1.7] }, "ground": { "translation": [0, 2.8831, 0], "scale": [0.5, 0.5, 0.5] } } }