{ "credit": "Model by Elsweyr, forked by HypariaMC", "textures": { "particle": "hyparia:furniture/coffin_wood", "texture": "hyparia:furniture/coffin_wood" }, "elements": [{ "name": "Head", "from": [1.00092, -0.00028, 27.49982], "to": [15.00091, 1.99972, 29.49982], "faces": { "north": { "uv": [12.5, 0.5, 16, 1], "texture": "#texture" }, "east": { "uv": [12, 0.5, 12.5, 1], "texture": "#texture" }, "south": { "uv": [12.5, 0.5, 16, 1], "texture": "#texture" }, "west": { "uv": [12, 0.5, 12.5, 1], "texture": "#texture" }, "up": { "uv": [12.5, 0, 16, 0.5], "texture": "#texture" }, "down": { "uv": [12.5, 0, 16, 0.5], "texture": "#texture" } } }, { "name": "Right Angle", "from": [-3.95789, -0.00016, 17.39982], "to": [-1.95789, 1.99984, 29.39982], "rotation": { "angle": 22.5, "axis": "y", "origin": [-2, 0, 17.5] }, "faces": { "north": { "uv": [3, 13, 3.5, 13.5], "texture": "#texture" }, "east": { "uv": [0, 13, 3, 13.5], "texture": "#texture" }, "south": { "uv": [3, 13, 3.5, 13.5], "texture": "#texture" }, "west": { "uv": [0, 13, 3, 13.5], "texture": "#texture" }, "up": { "uv": [0, 12.5, 3, 13], "rotation": 90, "texture": "#texture" }, "down": { "uv": [0, 12.5, 3, 13], "rotation": 270, "texture": "#texture" } } }, { "name": "Left Angle", "from": [13.20677, -0.00079, 16.20784], "to": [15.20677, 1.99921, 28.20784], "rotation": { "angle": -22.5, "axis": "y", "origin": [12.5, 0, 28.5] }, "faces": { "north": { "uv": [3, 13, 3.5, 13.5], "texture": "#texture" }, "east": { "uv": [0, 13, 3, 13.5], "texture": "#texture" }, "south": { "uv": [3, 13, 3.5, 13.5], "texture": "#texture" }, "west": { "uv": [0, 13, 3, 13.5], "texture": "#texture" }, "up": { "uv": [0, 12.5, 3, 13], "rotation": 270, "texture": "#texture" }, "down": { "uv": [0, 12.5, 3, 13], "rotation": 90, "texture": "#texture" } } }, { "name": "Left Side", "from": [18.00058, 0.0009, -11.99926], "to": [20.00058, 2.0009, 18.00074], "faces": { "north": { "uv": [7.5, 13, 8, 13.5], "texture": "#texture" }, "east": { "uv": [16, 13, 8, 13.5], "texture": "#texture" }, "south": { "uv": [7.5, 13, 8, 13.5], "texture": "#texture" }, "west": { "uv": [8, 13, 16, 13.5], "texture": "#texture" }, "up": { "uv": [8, 12.5, 16, 13], "rotation": 270, "texture": "#texture" }, "down": { "uv": [8, 12.5, 16, 13], "rotation": 90, "texture": "#texture" } } }, { "name": "Right Side", "from": [-4.00092, 0.00039, -12.00033], "to": [-2.00092, 2.00039, 17.99967], "faces": { "north": { "uv": [7.5, 13, 8, 13.5], "texture": "#texture" }, "east": { "uv": [16, 13, 8, 13.5], "texture": "#texture" }, "south": { "uv": [7.5, 13, 8, 13.5], "texture": "#texture" }, "west": { "uv": [8, 13, 16, 13.5], "texture": "#texture" }, "up": { "uv": [8, 12.5, 16, 13], "rotation": 270, "texture": "#texture" }, "down": { "uv": [8, 12.5, 16, 13], "rotation": 90, "texture": "#texture" } } }, { "name": "Feet", "from": [-3.9992, 0.00094, -13.99903], "to": [20.0008, 2.00094, -11.99903], "faces": { "north": { "uv": [10, 4, 16, 4.5], "texture": "#texture" }, "east": { "uv": [9.5, 4, 10, 4.5], "texture": "#texture" }, "south": { "uv": [10, 4, 16, 4.5], "texture": "#texture" }, "west": { "uv": [10, 4, 10.5, 4.5], "texture": "#texture" }, "up": { "uv": [10, 3.5, 16, 4], "texture": "#texture" }, "down": { "uv": [10, 3.5, 16, 4], "texture": "#texture" } } }, { "name": "PlaneY7", "from": [-2.00068, 1.00094, -11.99957], "to": [17.99932, 1.00194, 28.00043], "faces": { "up": { "uv": [6, 7.5, 16, 12.5], "rotation": 90, "texture": "#texture" }, "down": { "uv": [0, 2.5, 4.875, 12.5], "texture": "#texture" } } }], "display": { "thirdperson_righthand": { "translation": [0, 2.1304, 0], "scale": [0.25, 0.25, 0.25] }, "thirdperson_lefthand": { "translation": [0, 2.1304, 0], "scale": [0.25, 0.25, 0.25] }, "firstperson_righthand": { "scale": [0.5, 0.5, 0.5] }, "firstperson_lefthand": { "scale": [0.5, 0.5, 0.5] }, "ground": { "translation": [0, 1.7771, 0], "scale": [0.25, 0.25, 0.25] }, "gui": { "rotation": [35, 145, 0], "scale": [0.25, 0.25, 0.25] }, "head": { "translation": [0, -29.92, 0], "scale": [1.65, 1.65, 1.65] } } }