{"textures":{"0":"modelengine:entity/scarecrow_scythe","1":"modelengine:entity/scarycrow","2":"modelengine:entity/crow","3":"modelengine:entity/scarycrowglow"},"elements":[{"name":"cube","from":[5.6,11.6,3.7999997],"to":[10.4,13.400001,9.2],"rotation":{"angle":0.0,"axis":"x","origin":[8.0,13.1,7.1]},"faces":{"down":{"uv":[8.5,2.25,6.5,4.5],"rotation":0,"texture":"#3","tintindex":0},"east":{"uv":[8.5,3.5,10.75,4.25],"rotation":0,"texture":"#3","tintindex":0},"north":{"uv":[10.0,4.25,12.0,5.0],"rotation":0,"texture":"#3","tintindex":0},"south":{"uv":[10.0,5.0,12.0,5.75],"rotation":0,"texture":"#3","tintindex":0},"up":{"uv":[8.5,2.25,6.5,0.0],"rotation":0,"texture":"#3","tintindex":0},"west":{"uv":[1.0,10.0,3.25,10.75],"rotation":0,"texture":"#3","tintindex":0}}},{"name":"cube","from":[1.9999998,11.0,0.7999997],"to":[14.0,11.6,12.8],"rotation":{"angle":0.0,"axis":"x","origin":[8.0,9.2,6.8]},"faces":{"down":{"uv":[5.0,5.0,0.0,10.0],"rotation":0,"texture":"#3","tintindex":0},"east":{"uv":[9.5,3.25,14.5,3.5],"rotation":0,"texture":"#3","tintindex":0},"north":{"uv":[9.5,3.0,14.5,3.25],"rotation":0,"texture":"#3","tintindex":0},"south":{"uv":[10.0,7.75,15.0,8.0],"rotation":0,"texture":"#3","tintindex":0},"up":{"uv":[5.0,5.0,0.0,0.0],"rotation":0,"texture":"#3","tintindex":0},"west":{"uv":[10.0,8.0,15.0,8.25],"rotation":0,"texture":"#3","tintindex":0}}},{"name":"cube","from":[6.2,6.2,4.3999996],"to":[10.4,11.0,8.6],"rotation":{"angle":-45.0,"axis":"y","origin":[8.0,9.2,6.2]},"faces":{"down":{"uv":[9.5,8.5,7.75,10.25],"rotation":0,"texture":"#3","tintindex":0},"east":{"uv":[6.5,6.5,8.25,8.5],"rotation":0,"texture":"#3","tintindex":0},"north":{"uv":[6.5,4.5,8.25,6.5],"rotation":0,"texture":"#3","tintindex":0},"south":{"uv":[8.25,4.5,10.0,6.5],"rotation":0,"texture":"#3","tintindex":0},"up":{"uv":[7.75,10.25,6.0,8.5],"rotation":0,"texture":"#3","tintindex":0},"west":{"uv":[8.25,6.5,10.0,8.5],"rotation":0,"texture":"#3","tintindex":0}}}],"display":{"head":{"translation":[0.0,-6.4,0.0],"rotation":[0.0,0.0,0.0],"scale":[3.8095,3.8095,3.8095]}}}