{"textures":{"0":"modelengine:entity/pumpkinmonster"},"elements":[{"name":"cube","from":[6.2,1.3999997,6.2],"to":[9.2,8.0,9.8],"rotation":{"angle":0.0,"axis":"x","origin":[6.2,7.4,6.2]},"faces":{"down":{"uv":[3.75,10.625,4.375,11.375],"rotation":0,"texture":"#0","tintindex":0},"east":{"uv":[9.0,1.875,8.25,3.25],"rotation":0,"texture":"#0","tintindex":0},"north":{"uv":[10.375,1.375,9.75,2.75],"rotation":0,"texture":"#0","tintindex":0},"south":{"uv":[10.375,2.75,9.75,4.125],"rotation":0,"texture":"#0","tintindex":0},"up":{"uv":[10.5,10.75,11.125,10.0],"rotation":0,"texture":"#0","tintindex":0},"west":{"uv":[8.375,8.125,7.625,9.5],"rotation":0,"texture":"#0","tintindex":0}}},{"name":"cube","from":[2.6,1.3999997,8.0],"to":[6.2,8.0,8.0],"rotation":{"angle":0.0,"axis":"x","origin":[6.2,7.4,6.2]},"faces":{"down":{"uv":[0.0,0.0,0.75,0.0],"rotation":0,"texture":"#0","tintindex":0},"east":{"uv":[0.0,0.0,0.0,1.375],"rotation":0,"texture":"#0","tintindex":0},"north":{"uv":[10.25,6.125,9.5,7.5],"rotation":0,"texture":"#0","tintindex":0},"south":{"uv":[7.125,9.5,6.375,10.875],"rotation":0,"texture":"#0","tintindex":0},"up":{"uv":[0.0,0.0,0.75,0.0],"rotation":0,"texture":"#0","tintindex":0},"west":{"uv":[0.0,0.0,0.0,1.375],"rotation":0,"texture":"#0","tintindex":0}}}],"display":{"head":{"translation":[0.0,-6.4,0.0],"rotation":[0.0,0.0,0.0],"scale":[3.8095,3.8095,3.8095]}}}