{ "credit": "Model by Elsweyr, forked by HypariaMC", "textures": { "particle": "hyparia:furniture/bottle_1", "texture": "hyparia:furniture/bottle_1" }, "elements": [{ "__comment": "Cube2", "from": [6, 0, 5.5], "to": [11, 6, 10.5], "faces": { "down": { "uv": [7, 6.25, 9.5, 8.75], "texture": "#texture" }, "up": { "uv": [7, 6.25, 9.5, 8.75], "texture": "#texture" }, "north": { "uv": [1, 9.25, 3.5, 12.25], "texture": "#texture" }, "south": { "uv": [7, 9.25, 9.5, 12.25], "texture": "#texture" }, "west": { "uv": [4, 9.25, 6.5, 12.25], "texture": "#texture" }, "east": { "uv": [1, 9.25, 3.5, 12.25], "texture": "#texture" } } }, { "__comment": "Cube3", "from": [7.5, 6, 7], "to": [9.5, 9, 9], "faces": { "down": { "uv": [11, 13.25, 12, 14.25], "texture": "#texture" }, "up": { "uv": [11, 10.75, 12, 11.75], "texture": "#texture" }, "north": { "uv": [13, 11.75, 14, 13.25], "texture": "#texture" }, "south": { "uv": [11, 11.75, 12, 13.25], "texture": "#texture" }, "west": { "uv": [10, 11.75, 11, 13.25], "texture": "#texture" }, "east": { "uv": [12, 11.75, 13, 13.25], "texture": "#texture" } } }, { "__comment": "Cube4", "from": [8, 9, 7.5], "to": [9, 9.5, 8.5], "faces": { "down": { "uv": [10.5, 9.5, 11, 10], "texture": "#texture" }, "up": { "uv": [10.5, 9.5, 11, 10], "texture": "#texture" }, "north": { "uv": [10.5, 9.25, 11, 9.5], "texture": "#texture" }, "south": { "uv": [10.5, 10, 11, 10.25], "texture": "#texture" }, "west": { "uv": [10.25, 9.5, 10.5, 10], "texture": "#texture" }, "east": { "uv": [11, 9.5, 11.25, 10], "texture": "#texture" } } }], "display": { "thirdperson_righthand": { "rotation": [0, 180, 0], "translation": [0.557, 0, 0] }, "thirdperson_lefthand": { "rotation": [0, 180, 0], "translation": [-0.557, 0, 0] }, "firstperson_righthand": { "translation": [0, 4.4211, 0] }, "firstperson_lefthand": { "translation": [0, 4.4211, 0] }, "gui": { "rotation": [12, -32, 0], "translation": [-0.548, 3.3236, 0] }, "head": { "rotation": [0, 180, 0], "translation": [0, -31, 0], "scale": [1.5, 1.5, 1.5] }, "ground": { "translation": [0, 3.2336, 0], "scale": [0.5, 0.5, 0.5] }, "fixed": { "rotation": [0, 180, 0], "translation": [0, 3.3315, 0] } } }