{ "credit": "Model by Elsweyr, forked by HypariaMC", "textures": { "texture": "hyparia:furniture/candles", "flame": "hyparia:furniture/flame", "candelabra": "hyparia:furniture/candle_candelabra_iron" }, "elements": [{ "__comment": "Candle", "from": [1, 10, 7], "to": [3, 15, 9], "faces": { "down": { "uv": [12, 0, 14, 2], "texture": "#texture" }, "up": { "uv": [10, 0, 12, 2], "texture": "#texture" }, "north": { "uv": [10, 2, 12, 7], "texture": "#texture" }, "south": { "uv": [14, 2, 16, 7], "texture": "#texture" }, "west": { "uv": [12, 2, 14, 7], "texture": "#texture" }, "east": { "uv": [8, 2, 10, 7], "texture": "#texture" } } }, { "__comment": "Flame 1", "from": [1, 15, 8], "to": [3, 17, 8.001], "faces": { "north": { "uv": [0, 0, 16, 16], "texture": "#flame" }, "south": { "uv": [0, 0, 16, 16], "texture": "#flame" } } }, { "__comment": "Flame 2", "from": [2, 15, 7], "to": [2.001, 17, 9], "faces": { "west": { "uv": [0, 0, 16, 16], "texture": "#flame" }, "east": { "uv": [0, 0, 16, 16], "texture": "#flame" } } }, { "__comment": "Shaft", "from": [7, 1, 7], "to": [9, 10, 9], "faces": { "down": { "uv": [0, 5, 2, 7], "texture": "#candelabra" }, "up": { "uv": [0, 5, 2, 7], "texture": "#candelabra" }, "north": { "uv": [0, 7, 2, 16], "texture": "#candelabra" }, "south": { "uv": [0, 7, 2, 16], "texture": "#candelabra" }, "west": { "uv": [0, 7, 2, 16], "texture": "#candelabra" }, "east": { "uv": [0, 7, 2, 16], "texture": "#candelabra" } } }, { "__comment": "Candle Base 1", "from": [12, 9, 6], "to": [16, 10, 10], "faces": { "down": { "uv": [12, 0, 16, 4], "texture": "#candelabra" }, "up": { "uv": [12, 0, 16, 4], "texture": "#candelabra" }, "north": { "uv": [12, 4, 16, 5], "texture": "#candelabra" }, "south": { "uv": [12, 4, 16, 5], "texture": "#candelabra" }, "west": { "uv": [12, 4, 16, 5], "texture": "#candelabra" }, "east": { "uv": [12, 4, 16, 5], "texture": "#candelabra" } } }, { "__comment": "Base", "from": [5, 0, 5], "to": [11, 1, 11], "faces": { "down": { "uv": [10, 9, 16, 15], "texture": "#candelabra" }, "up": { "uv": [10, 9, 16, 15], "texture": "#candelabra" }, "north": { "uv": [10, 15, 16, 16], "texture": "#candelabra" }, "south": { "uv": [10, 15, 16, 16], "texture": "#candelabra" }, "west": { "uv": [10, 15, 16, 16], "texture": "#candelabra" }, "east": { "uv": [10, 15, 16, 16], "texture": "#candelabra" } } }, { "__comment": "Candle Base 1", "from": [0, 9, 6], "to": [4, 10, 10], "faces": { "down": { "uv": [12, 0, 16, 4], "texture": "#candelabra" }, "up": { "uv": [12, 0, 16, 4], "texture": "#candelabra" }, "north": { "uv": [12, 4, 16, 5], "texture": "#candelabra" }, "south": { "uv": [12, 4, 16, 5], "texture": "#candelabra" }, "west": { "uv": [12, 4, 16, 5], "texture": "#candelabra" }, "east": { "uv": [12, 4, 16, 5], "texture": "#candelabra" } } }, { "__comment": "Candle Base 1", "from": [6, 10, 6], "to": [10, 11, 10], "faces": { "down": { "uv": [12, 0, 16, 4], "texture": "#candelabra" }, "up": { "uv": [12, 0, 16, 4], "texture": "#candelabra" }, "north": { "uv": [12, 4, 16, 5], "texture": "#candelabra" }, "south": { "uv": [12, 4, 16, 5], "texture": "#candelabra" }, "west": { "uv": [12, 4, 16, 5], "texture": "#candelabra" }, "east": { "uv": [12, 4, 16, 5], "texture": "#candelabra" } } }, { "__comment": "Candle", "from": [7, 11, 7], "to": [9, 16, 9], "faces": { "down": { "uv": [12, 0, 14, 2], "texture": "#texture" }, "up": { "uv": [10, 0, 12, 2], "texture": "#texture" }, "north": { "uv": [10, 2, 12, 7], "texture": "#texture" }, "south": { "uv": [14, 2, 16, 7], "texture": "#texture" }, "west": { "uv": [12, 2, 14, 7], "texture": "#texture" }, "east": { "uv": [8, 2, 10, 7], "texture": "#texture" } } }, { "__comment": "Flame 1", "from": [7, 16, 8], "to": [9, 18, 8.001], "faces": { "north": { "uv": [0, 0, 16, 16], "texture": "#flame" }, "south": { "uv": [0, 0, 16, 16], "texture": "#flame" } } }, { "__comment": "Flame 2", "from": [8, 16, 7], "to": [8.001, 18, 9], "faces": { "west": { "uv": [0, 0, 16, 16], "texture": "#flame" }, "east": { "uv": [0, 0, 16, 16], "texture": "#flame" } } }, { "__comment": "Candle", "from": [13, 10, 7], "to": [15, 15, 9], "faces": { "down": { "uv": [12, 0, 14, 2], "texture": "#texture" }, "up": { "uv": [10, 0, 12, 2], "texture": "#texture" }, "north": { "uv": [10, 2, 12, 7], "texture": "#texture" }, "south": { "uv": [14, 2, 16, 7], "texture": "#texture" }, "west": { "uv": [12, 2, 14, 7], "texture": "#texture" }, "east": { "uv": [8, 2, 10, 7], "texture": "#texture" } } }, { "__comment": "Flame 1", "from": [13, 15, 8], "to": [15, 17, 8.001], "faces": { "north": { "uv": [0, 0, 16, 16], "texture": "#flame" }, "south": { "uv": [0, 0, 16, 16], "texture": "#flame" } } }, { "__comment": "Flame 2", "from": [14, 15, 7], "to": [14.001, 17, 9], "faces": { "west": { "uv": [0, 0, 16, 16], "texture": "#flame" }, "east": { "uv": [0, 0, 16, 16], "texture": "#flame" } } }, { "__comment": "Box18", "from": [8.366099, 8.8839, 7.5], "to": [15.3661, 9.8839, 8.5], "rotation": { "origin": [15, 8, 7.5], "axis": "z", "angle": 22.5 }, "faces": { "down": { "uv": [3.5, 16, 2.5, 9], "texture": "#candelabra", "rotation": 90 }, "up": { "uv": [3.5, 9, 2.5, 16], "texture": "#candelabra", "rotation": 270 }, "north": { "uv": [2.5, 9, 3.5, 16], "texture": "#candelabra", "rotation": 90 }, "south": { "uv": [3.5, 9, 2.5, 16], "texture": "#candelabra", "rotation": 270 }, "west": { "uv": [2.5, 8.5, 3.5, 9.5], "texture": "#candelabra", "rotation": 270 }, "east": { "uv": [3.5, 16, 2.5, 15], "texture": "#candelabra", "rotation": 90 } } }, { "__comment": "Box16", "from": [1, 9, 7.5], "to": [8, 10, 8.5], "rotation": { "origin": [1, 9, 7.5], "axis": "z", "angle": -22.5 }, "faces": { "down": { "uv": [3.5, 9, 2.5, 16], "texture": "#candelabra", "rotation": 90 }, "up": { "uv": [2.5, 9, 3.5, 16], "texture": "#candelabra", "rotation": 90 }, "north": { "uv": [2.5, 9, 3.5, 16], "texture": "#candelabra", "rotation": 90 }, "south": { "uv": [2.5, 9, 3.5, 16], "texture": "#candelabra", "rotation": 90 }, "west": { "uv": [2.5, 9, 3.5, 10], "texture": "#candelabra" }, "east": { "uv": [2.5, 15, 3.5, 16], "texture": "#candelabra" } } }], "display": { "thirdperson_righthand": { "translation": [0, 2.0489, 1.2064] }, "thirdperson_lefthand": { "translation": [0, 2.0489, 1.2064] }, "firstperson_righthand": { "translation": [2.0679, 1.2499, 0] }, "firstperson_lefthand": { "translation": [4.6765, 0.364, 0] }, "gui": { "rotation": [20, 149, 0], "translation": [0, -0.209, 0], "scale": [0.75, 0.75, 0.75] }, "head": { "translation": [0, -30.03, 0], "scale": [1.65, 1.65, 1.65] }, "ground": { "translation": [0, 4, 0], "scale": [0.5, 0.5, 0.5] } } }