{ "credit": "Model by Elsweyr, forked by HypariaMC", "textures": { "texture": "hyparia:furniture/coin" }, "elements": [{ "__comment": "Box1", "from": [7, 0, 5.75], "to": [9, 0.5, 7.75], "rotation": { "origin": [7, 0, 5.75], "axis": "x", "angle": -22.5 }, "faces": { "down": { "uv": [0, 0, 12, 12], "texture": "#texture" }, "up": { "uv": [0, 0, 12, 12], "texture": "#texture" }, "north": { "uv": [0, 14, 12, 16], "texture": "#texture" }, "south": { "uv": [0, 14, 12, 16], "texture": "#texture" }, "west": { "uv": [0, 14, 12, 16], "texture": "#texture" }, "east": { "uv": [0, 14, 12, 16], "texture": "#texture" } } }, { "__comment": "Box1", "from": [7, 0, 7.5], "to": [9, 0.5, 9.5], "faces": { "down": { "uv": [0, 0, 12, 12], "texture": "#texture" }, "up": { "uv": [0, 0, 12, 12], "texture": "#texture" }, "north": { "uv": [0, 14, 12, 16], "texture": "#texture" }, "south": { "uv": [0, 14, 12, 16], "texture": "#texture" }, "west": { "uv": [0, 14, 12, 16], "texture": "#texture" }, "east": { "uv": [0, 14, 12, 16], "texture": "#texture" } } }, { "__comment": "Box1", "from": [8, 0.5, 7.5], "to": [10, 1, 9.5], "faces": { "down": { "uv": [0, 0, 12, 12], "texture": "#texture" }, "up": { "uv": [0, 0, 12, 12], "texture": "#texture" }, "north": { "uv": [0, 14, 12, 16], "texture": "#texture" }, "south": { "uv": [0, 14, 12, 16], "texture": "#texture" }, "west": { "uv": [0, 14, 12, 16], "texture": "#texture" }, "east": { "uv": [0, 14, 12, 16], "texture": "#texture" } } }, { "__comment": "Box1", "from": [9.5, 0, 6.5], "to": [11.5, 0.5, 8.5], "faces": { "down": { "uv": [0, 0, 12, 12], "texture": "#texture" }, "up": { "uv": [0, 0, 12, 12], "texture": "#texture" }, "north": { "uv": [0, 14, 12, 16], "texture": "#texture" }, "south": { "uv": [0, 14, 12, 16], "texture": "#texture" }, "west": { "uv": [0, 14, 12, 16], "texture": "#texture" }, "east": { "uv": [0, 14, 12, 16], "texture": "#texture" } } }, { "__comment": "Box1", "from": [8.625, 1, 9.375], "to": [10.625, 1.5, 11.375], "rotation": { "origin": [8.625, 1, 9.375], "axis": "x", "angle": 22.5 }, "faces": { "down": { "uv": [0, 0, 12, 12], "texture": "#texture" }, "up": { "uv": [0, 0, 12, 12], "texture": "#texture" }, "north": { "uv": [0, 14, 12, 16], "texture": "#texture" }, "south": { "uv": [0, 14, 12, 16], "texture": "#texture" }, "west": { "uv": [0, 14, 12, 16], "texture": "#texture" }, "east": { "uv": [0, 14, 12, 16], "texture": "#texture" } } }], "display": { "thirdperson_righthand": { "translation": [0, 7.8016, -0.714] }, "thirdperson_lefthand": { "translation": [0, 7.8016, -0.714] }, "firstperson_righthand": { "translation": [0, 8.7635, 0] }, "firstperson_lefthand": { "translation": [0, 8.7635, 0] }, "gui": { "rotation": [40, -22, 0], "translation": [-1.527, 11.529, 0], "scale": [2, 2, 2] }, "head": { "translation": [0, -27.2, 0], "scale": [2, 2, 2] }, "ground": { "translation": [0, 5.0379, 0] } } }