{ "credit": "Model by Elsweyr, forked by HypariaMC", "textures": { "texture": "hyparia:furniture/lantern_1", "candle": "hyparia:furniture/candles", "flame": "hyparia:furniture/flame" }, "elements": [{ "name": "Box4", "from": [7, 0.001, 7], "to": [9, 4.001, 9], "faces": { "north": { "uv": [2, 2, 4, 6], "texture": "#candle" }, "east": { "uv": [0, 2, 2, 6], "texture": "#candle" }, "south": { "uv": [6, 2, 8, 6], "texture": "#candle" }, "west": { "uv": [4, 2, 6, 6], "texture": "#candle" }, "up": { "uv": [2, 0, 4, 2], "texture": "#candle" }, "down": { "uv": [4, 0, 6, 2], "texture": "#candle" } } }, { "name": "Box1", "from": [5, 0, 5], "to": [11, 8, 11], "faces": { "north": { "uv": [0, 0, 6, 8], "texture": "#texture" }, "east": { "uv": [0, 0, 6, 8], "texture": "#texture" }, "south": { "uv": [0, 0, 6, 8], "texture": "#texture" }, "west": { "uv": [0, 0, 6, 8], "texture": "#texture" }, "up": { "uv": [6, 0, 12, 6], "texture": "#texture" }, "down": { "uv": [0, 8, 6, 14], "texture": "#texture" } } }, { "name": "Box2", "from": [5, 0, 5], "to": [11, 0, 11], "faces": { "north": { "uv": [0, 0, 6, 8], "texture": "#texture" }, "east": { "uv": [0, 0, 6, 8], "texture": "#texture" }, "south": { "uv": [0, 0, 6, 8], "texture": "#texture" }, "west": { "uv": [0, 0, 6, 8], "texture": "#texture" }, "up": { "uv": [6, 0, 12, 6], "texture": "#texture" }, "down": { "uv": [0, 8, 6, 14], "texture": "#texture" } } }, { "name": "Box2", "from": [5, 8, 5], "to": [11, 8, 11], "faces": { "north": { "uv": [0, 0, 6, 8], "texture": "#texture" }, "east": { "uv": [0, 0, 6, 8], "texture": "#texture" }, "south": { "uv": [0, 0, 6, 8], "texture": "#texture" }, "west": { "uv": [0, 0, 6, 8], "texture": "#texture" }, "up": { "uv": [6, 0, 12, 6], "texture": "#texture" }, "down": { "uv": [0, 8, 6, 14], "texture": "#texture" } } }, { "name": "Box2", "from": [5, 0, 5], "to": [11, 8, 5], "faces": { "north": { "uv": [0, 0, 6, 8], "texture": "#texture" }, "east": { "uv": [0, 0, 6, 8], "texture": "#texture" }, "south": { "uv": [0, 0, 6, 8], "texture": "#texture" }, "west": { "uv": [0, 0, 6, 8], "texture": "#texture" }, "up": { "uv": [6, 0, 12, 6], "texture": "#texture" }, "down": { "uv": [0, 8, 6, 14], "texture": "#texture" } } }, { "name": "Box2", "from": [5, 0, 5], "to": [5, 8, 11], "faces": { "north": { "uv": [0, 0, 6, 8], "texture": "#texture" }, "east": { "uv": [0, 0, 6, 8], "texture": "#texture" }, "south": { "uv": [0, 0, 6, 8], "texture": "#texture" }, "west": { "uv": [0, 0, 6, 8], "texture": "#texture" }, "up": { "uv": [6, 0, 12, 6], "texture": "#texture" }, "down": { "uv": [0, 8, 6, 14], "texture": "#texture" } } }, { "name": "Box2", "from": [11, 0, 5], "to": [11, 8, 11], "faces": { "north": { "uv": [0, 0, 6, 8], "texture": "#texture" }, "east": { "uv": [0, 0, 6, 8], "texture": "#texture" }, "south": { "uv": [0, 0, 6, 8], "texture": "#texture" }, "west": { "uv": [0, 0, 6, 8], "texture": "#texture" }, "up": { "uv": [6, 0, 12, 6], "texture": "#texture" }, "down": { "uv": [0, 8, 6, 14], "texture": "#texture" } } }, { "name": "Box2", "from": [5, 0, 11], "to": [11, 8, 11], "faces": { "north": { "uv": [0, 0, 6, 8], "texture": "#texture" }, "east": { "uv": [0, 0, 6, 8], "texture": "#texture" }, "south": { "uv": [0, 0, 6, 8], "texture": "#texture" }, "west": { "uv": [0, 0, 6, 8], "texture": "#texture" }, "up": { "uv": [6, 0, 12, 6], "texture": "#texture" }, "down": { "uv": [0, 8, 6, 14], "texture": "#texture" } } }, { "name": "Box2", "from": [7, 7.5, 7], "to": [9, 9.5, 9], "faces": { "north": { "uv": [14, 2, 16, 4], "texture": "#texture" }, "east": { "uv": [14, 4, 16, 6], "texture": "#texture" }, "south": { "uv": [14, 2, 16, 4], "texture": "#texture" }, "west": { "uv": [14, 4, 16, 6], "texture": "#texture" }, "up": { "uv": [14, 0, 16, 2], "texture": "#texture" }, "down": { "uv": [14, 4, 16, 6], "texture": "#texture" } } }, { "name": "Box3", "from": [7, 7.5, 9], "to": [9, 9.5, 9], "faces": { "north": { "uv": [14, 2, 16, 4], "texture": "#texture" }, "east": { "uv": [14, 4, 16, 6], "texture": "#texture" }, "south": { "uv": [14, 2, 16, 4], "texture": "#texture" }, "west": { "uv": [14, 4, 16, 6], "texture": "#texture" }, "up": { "uv": [14, 0, 16, 2], "texture": "#texture" }, "down": { "uv": [14, 4, 16, 6], "texture": "#texture" } } }, { "name": "Box4", "from": [7, 7.5, 7], "to": [9, 9.5, 7], "faces": { "north": { "uv": [14, 2, 16, 4], "texture": "#texture" }, "east": { "uv": [14, 4, 16, 6], "texture": "#texture" }, "south": { "uv": [14, 2, 16, 4], "texture": "#texture" }, "west": { "uv": [14, 4, 16, 6], "texture": "#texture" }, "up": { "uv": [14, 0, 16, 2], "texture": "#texture" }, "down": { "uv": [14, 4, 16, 6], "texture": "#texture" } } }, { "name": "Box3", "from": [7, 9.5, 7], "to": [9, 9.5, 9], "faces": { "north": { "uv": [14, 2, 16, 4], "texture": "#texture" }, "east": { "uv": [14, 4, 16, 6], "texture": "#texture" }, "south": { "uv": [14, 2, 16, 4], "texture": "#texture" }, "west": { "uv": [14, 4, 16, 6], "texture": "#texture" }, "up": { "uv": [14, 0, 16, 2], "texture": "#texture" }, "down": { "uv": [14, 0, 16, 2], "texture": "#texture" } } }, { "name": "PlaneZ3", "from": [5.5, 9, 8], "to": [10.5, 14, 8.001], "faces": { "north": { "uv": [11, 11, 16, 16], "texture": "#texture" }, "south": { "uv": [11, 11, 16, 16], "texture": "#texture" } } }, { "name": "PlaneZ5", "from": [7, 4, 8], "to": [9, 6, 8.001], "faces": { "north": { "uv": [0, 0, 16, 16], "texture": "#flame" }, "south": { "uv": [0, 0, 16, 16], "texture": "#flame" } } }, { "name": "PlaneX6", "from": [8, 4, 7], "to": [8.001, 6, 9], "faces": { "east": { "uv": [0, 0, 16, 16], "texture": "#flame" }, "west": { "uv": [0, 0, 16, 16], "texture": "#flame" } } }], "display": { "thirdperson_righthand": { "rotation": [91, 0, 0], "translation": [0, -1.608, -3.043] }, "thirdperson_lefthand": { "rotation": [91, 0, 0], "translation": [0, -1.608, -3.043] }, "firstperson_righthand": { "translation": [1.3695, 6.1494, 0] }, "firstperson_lefthand": { "translation": [1.3695, 6.1494, 0] }, "ground": { "translation": [0, 5.3858, 0] }, "gui": { "rotation": [15, -24, 0], "translation": [0, 1.201, 0] }, "head": { "translation": [0, -30.03, 0], "scale": [1.65, 1.65, 1.65] } } }