{ "credit": "Model by Elsweyr, forked by HypariaMC", "textures": { "particle": "hyparia:furniture/tray", "texture": "hyparia:furniture/tray" }, "elements": [{ "__comment": "Box1", "from": [1.5, 0, 2], "to": [14.5, 4, 3], "faces": { "down": { "uv": [9.5, 15.5, 16, 16], "texture": "#texture" }, "up": { "uv": [9.5, 13, 16, 13.5], "texture": "#texture" }, "north": { "uv": [9.5, 13.5, 16, 15.5], "texture": "#texture" }, "south": { "uv": [9.5, 13.5, 16, 15.5], "texture": "#texture" }, "west": { "uv": [15.5, 13.5, 16, 15.5], "texture": "#texture" }, "east": { "uv": [9.5, 13.5, 10, 15.5], "texture": "#texture" } } }, { "__comment": "Box1", "from": [1.5, 0, 13], "to": [14.5, 4, 14], "faces": { "down": { "uv": [9.5, 15.5, 16, 16], "texture": "#texture" }, "up": { "uv": [9.5, 13.5, 16, 13], "texture": "#texture" }, "north": { "uv": [9.5, 13.5, 16, 15.5], "texture": "#texture" }, "south": { "uv": [9.5, 13.5, 16, 15.5], "texture": "#texture" }, "west": { "uv": [15.5, 13.5, 16, 15.5], "texture": "#texture" }, "east": { "uv": [9.5, 13.5, 10, 15.5], "texture": "#texture" } } }, { "__comment": "Box3", "from": [2, 0, 3], "to": [14, 1, 13], "faces": { "down": { "uv": [10, 0, 16, 5], "texture": "#texture" }, "up": { "uv": [10, 0, 16, 5], "texture": "#texture" }, "north": { "uv": [6, 15, 16, 16], "texture": "#texture" }, "south": { "uv": [0, 15, 10, 16], "texture": "#texture" }, "west": { "uv": [10, 4.5, 16, 5], "texture": "#texture" }, "east": { "uv": [10, 0, 16, 0.5], "texture": "#texture" } } }, { "__comment": "Box4", "from": [1.5, 0, 3], "to": [2.5, 6, 13], "faces": { "down": { "uv": [0, 15.5, 5, 16], "texture": "#texture", "rotation": 90 }, "up": { "uv": [0, 12, 5, 12.5], "texture": "#texture", "rotation": 270 }, "north": { "uv": [0, 12.5, 0.5, 15.5], "texture": "#texture" }, "south": { "uv": [0, 12.5, 0.5, 15.5], "texture": "#texture" }, "west": { "uv": [0, 12.5, 5, 15.5], "texture": "#texture" }, "east": { "uv": [0, 12.5, 5, 15.5], "texture": "#texture" } } }, { "__comment": "Box4", "from": [13.5, 0, 3], "to": [14.5, 6, 13], "faces": { "down": { "uv": [0, 15.5, 5, 16], "texture": "#texture", "rotation": 90 }, "up": { "uv": [0, 12, 5, 12.5], "texture": "#texture", "rotation": 270 }, "north": { "uv": [0, 12.5, 0.5, 15.5], "texture": "#texture" }, "south": { "uv": [0, 12.5, 0.5, 15.5], "texture": "#texture" }, "west": { "uv": [0, 12.5, 5, 15.5], "texture": "#texture" }, "east": { "uv": [0, 12.5, 5, 15.5], "texture": "#texture" } } }], "display": { "thirdperson_righthand": { "translation": [0, 3.6086, 0], "scale": [0.5, 0.5, 0.5] }, "thirdperson_lefthand": { "translation": [0, 3.6086, 0], "scale": [0.5, 0.5, 0.5] }, "firstperson_righthand": { "translation": [0, 2.8641, 0] }, "firstperson_lefthand": { "translation": [0, 2.8641, 0] }, "gui": { "rotation": [23, -15, 0], "translation": [0, 2.7798, 0], "scale": [0.7, 0.7, 0.7] }, "head": { "translation": [0, -29.7, 0], "scale": [1.65, 1.65, 1.65] }, "ground": { "translation": [0, 5, 0], "scale": [0.6, 0.6, 0.6] } } }