{ "credit": "Model by Heliosard", "textures": { "texture": "hyparia:furniture/streetlight_1" }, "elements": [{ "name": "Arm", "from": [12, 21, 5], "to": [32, 27, 11], "faces": { "north": { "uv": [13.25, 13, 8.25, 14.5], "texture": "#texture" }, "east": { "uv": [6.75, 14.5, 8.25, 16], "texture": "#texture" }, "south": { "uv": [8.25, 13, 13.25, 14.5], "texture": "#texture" }, "west": { "uv": [6.75, 14.5, 8.25, 16], "texture": "#texture" }, "up": { "uv": [8.25, 14.5, 13.25, 16], "texture": "#texture" }, "down": { "uv": [8.25, 11.5, 13.25, 13], "texture": "#texture" } } }, { "name": "Support", "from": [12, 11.5, 5.5], "to": [26, 16.5, 10.5], "rotation": { "angle": 45, "axis": "z", "origin": [12, 11.5, 5.5] }, "faces": { "north": { "uv": [12.5, 3.5, 16, 4.5], "texture": "#texture" }, "east": { "uv": [11.5, 3.5, 12.5, 4.5], "texture": "#texture" }, "south": { "uv": [12.5, 3.5, 16, 4.5], "texture": "#texture" }, "west": { "uv": [11.5, 3.5, 12.5, 4.5], "texture": "#texture" }, "up": { "uv": [12.5, 3.5, 16, 4.5], "texture": "#texture" }, "down": { "uv": [12.5, 3.5, 16, 4.5], "texture": "#texture" } } }], "display": { "thirdperson_righthand": { "rotation": [0, 90, 0], "translation": [0, -8.5, 1.6], "scale": [0.4, 0.4, 0.4] }, "thirdperson_lefthand": { "rotation": [-121, -90, -121], "translation": [0, -8.5, 1.6], "scale": [0.4, 0.4, 0.4] }, "firstperson_righthand": { "rotation": [51, 90, -11], "translation": [2.25, -4, 1.25], "scale": [0.5, 0.5, 0.5] }, "firstperson_lefthand": { "rotation": [31, -90, -11], "translation": [2.25, -4, 1.25], "scale": [0.5, 0.5, 0.5] }, "ground": { "translation": [-3, -4.5, 0.5], "scale": [0.4, 0.4, 0.4] }, "gui": { "translation": [-6.75, -6.75, 0.75], "scale": [0.55, 0.55, 0.55] }, "head": { "rotation": [0, 90, 0], "translation": [0, -20.5, 18.75], "scale": [1.5, 1.5, 1.5] }, "fixed": { "rotation": [0, -180, 0], "translation": [8.75, -8.5, -0.25], "scale": [0.7, 0.7, 0.7] } } }