{ "credit": "Model by Heliosard", "textures": { "0": "hyparia:furniture/glass_broken_1", "particle": "hyparia:furniture/glass_broken_1" }, "elements": [{ "from": [0, 0, 7], "to": [16, 16, 9], "rotation": { "angle": 0, "axis": "y", "origin": [8, 8, 14.25] }, "faces": { "north": { "uv": [0, 0, 16, 16], "texture": "#0" }, "east": { "uv": [0, 0, 1, 16], "texture": "#0" }, "south": { "uv": [0, 0, 16, 16], "texture": "#0" }, "west": { "uv": [0, 0, 1, 16], "texture": "#0" }, "up": { "uv": [0, 0, 1, 16], "rotation": 270, "texture": "#0" }, "down": { "uv": [0, 0, 1, 16], "rotation": 90, "texture": "#0" } } }], "display": { "thirdperson_righthand": { "rotation": [75, 45, 0], "translation": [0, 2.5, 0], "scale": [0.375, 0.375, 0.375] }, "thirdperson_lefthand": { "rotation": [75, 45, 0], "translation": [0, 2.5, 0], "scale": [0.375, 0.375, 0.375] }, "firstperson_righthand": { "rotation": [0, -27.5, 0], "scale": [0.4, 0.4, 0.4] }, "firstperson_lefthand": { "rotation": [0, -27.5, 0], "scale": [0.4, 0.4, 0.4] }, "ground": { "translation": [0, 4, 0], "scale": [0.5, 0.5, 0.5] }, "gui": { "rotation": [30, 225, 0], "scale": [0.625, 0.625, 0.625] }, "head": { "translation": [0, -4.83, 0], "scale": [1.6, 1.6, 1.6] }, "fixed": { "rotation": [-90, 0, 0], "translation": [0, 0, -14], "scale": [2, 2, 2] } } }