{ "credit": "Model by Elsweyr, forked by HypariaMC", "textures": { "texture": "hyparia:furniture/podium_stone" }, "elements": [{ "__comment": "Base", "from": [0.5, 0, 0.5], "to": [15.5, 6, 15.5], "faces": { "down": { "uv": [12.25, 12.25, 16, 16], "texture": "#texture" }, "up": { "uv": [8.5, 12.25, 12.25, 16], "texture": "#texture" }, "north": { "uv": [12.25, 10.75, 16, 12.25], "texture": "#texture" }, "south": { "uv": [12.25, 10.75, 16, 12.25], "texture": "#texture" }, "west": { "uv": [12.25, 10.75, 16, 12.25], "texture": "#texture" }, "east": { "uv": [12.25, 10.75, 16, 12.25], "texture": "#texture" } } }, { "__comment": "Pillar 1", "from": [11.5, 6, 1.5], "to": [14.5, 22, 4.5], "faces": { "down": { "uv": [7.75, 11.25, 8.5, 12], "texture": "#texture" }, "up": { "uv": [7.75, 11.25, 8.5, 12], "texture": "#texture" }, "north": { "uv": [7.75, 12, 8.5, 16], "texture": "#texture" }, "south": { "uv": [7.75, 12, 8.5, 16], "texture": "#texture" }, "west": { "uv": [7, 12, 7.75, 16], "texture": "#texture" }, "east": { "uv": [7, 12, 7.75, 16], "texture": "#texture" } } }, { "__comment": "Pillar 2", "from": [11.5, 6, 11.5], "to": [14.5, 22, 14.5], "faces": { "down": { "uv": [7.75, 11.25, 8.5, 12], "texture": "#texture" }, "up": { "uv": [7.75, 11.25, 8.5, 12], "texture": "#texture" }, "north": { "uv": [7, 12, 7.75, 16], "texture": "#texture" }, "south": { "uv": [7, 12, 7.75, 16], "texture": "#texture" }, "west": { "uv": [7.75, 12, 8.5, 16], "texture": "#texture" }, "east": { "uv": [7.75, 12, 8.5, 16], "texture": "#texture" } } }, { "__comment": "Pillar 3", "from": [1.5, 6, 1.5], "to": [4.5, 22, 4.5], "faces": { "down": { "uv": [7.75, 11.25, 8.5, 12], "texture": "#texture" }, "up": { "uv": [7.75, 11.25, 8.5, 12], "texture": "#texture" }, "north": { "uv": [7, 12, 7.75, 16], "texture": "#texture" }, "south": { "uv": [7, 12, 7.75, 16], "texture": "#texture" }, "west": { "uv": [7.75, 12, 8.5, 16], "texture": "#texture" }, "east": { "uv": [7.75, 12, 8.5, 16], "texture": "#texture" } } }, { "__comment": "Pillar 4", "from": [1.5, 6, 11.5], "to": [4.5, 22, 14.5], "faces": { "down": { "uv": [7.75, 11.25, 8.5, 12], "texture": "#texture" }, "up": { "uv": [7.75, 11.25, 8.5, 12], "texture": "#texture" }, "north": { "uv": [7.75, 12, 8.5, 16], "texture": "#texture" }, "south": { "uv": [7.75, 12, 8.5, 16], "texture": "#texture" }, "west": { "uv": [7, 12, 7.75, 16], "texture": "#texture" }, "east": { "uv": [7, 12, 7.75, 16], "texture": "#texture" } } }, { "__comment": "Bottom 1", "from": [4.5, 6, 1.5], "to": [11.5, 9, 4.5], "faces": { "down": { "uv": [5.25, 15.25, 7, 16], "texture": "#texture" }, "up": { "uv": [5.25, 15.25, 7, 16], "texture": "#texture" }, "north": { "uv": [5.25, 15.25, 7, 16], "texture": "#texture" }, "south": { "uv": [5.25, 15.25, 7, 16], "texture": "#texture" }, "west": { "uv": [4.5, 14.5, 5.25, 15.25], "texture": "#texture" }, "east": { "uv": [4.5, 14.5, 5.25, 15.25], "texture": "#texture" } } }, { "__comment": "Bottom 2", "from": [4.5, 6, 11.5], "to": [11.5, 9, 14.5], "faces": { "down": { "uv": [5.25, 15.25, 7, 16], "texture": "#texture", "rotation": 180 }, "up": { "uv": [5.25, 15.25, 7, 16], "texture": "#texture", "rotation": 180 }, "north": { "uv": [5.25, 15.25, 7, 16], "texture": "#texture" }, "south": { "uv": [5.25, 15.25, 7, 16], "texture": "#texture" }, "west": { "uv": [4.5, 14.5, 5.25, 15.25], "texture": "#texture" }, "east": { "uv": [4.5, 14.5, 5.25, 15.25], "texture": "#texture" } } }, { "__comment": "Bottom 3", "from": [1.5, 6, 4.5], "to": [4.5, 9, 11.5], "faces": { "down": { "uv": [5.25, 15.25, 7, 16], "texture": "#texture", "rotation": 90 }, "up": { "uv": [5.25, 15.25, 7, 16], "texture": "#texture", "rotation": 270 }, "north": { "uv": [4.5, 14.5, 5.25, 15.25], "texture": "#texture" }, "south": { "uv": [4.5, 14.5, 5.25, 15.25], "texture": "#texture" }, "west": { "uv": [5.25, 15.25, 7, 16], "texture": "#texture" }, "east": { "uv": [5.25, 15.25, 7, 16], "texture": "#texture" } } }, { "__comment": "Bottom 4", "from": [11.5, 6, 4.5], "to": [14.5, 9, 11.5], "faces": { "down": { "uv": [5.25, 15.25, 7, 16], "texture": "#texture", "rotation": 270 }, "up": { "uv": [5.25, 15.25, 7, 16], "texture": "#texture", "rotation": 90 }, "north": { "uv": [4.5, 14.5, 5.25, 15.25], "texture": "#texture" }, "south": { "uv": [4.5, 14.5, 5.25, 15.25], "texture": "#texture" }, "west": { "uv": [5.25, 15.25, 7, 16], "texture": "#texture" }, "east": { "uv": [5.25, 15.25, 7, 16], "texture": "#texture" } } }, { "__comment": "Top 1", "from": [4.5, 19, 1.5], "to": [11.5, 22, 4.5], "faces": { "down": { "uv": [5.25, 13.75, 7, 14.5], "texture": "#texture" }, "up": { "uv": [5.25, 13.75, 7, 14.5], "texture": "#texture" }, "north": { "uv": [5.25, 13.75, 7, 14.5], "texture": "#texture" }, "south": { "uv": [5.25, 13.75, 7, 14.5], "texture": "#texture" }, "west": { "uv": [4.5, 13, 5.25, 13.75], "texture": "#texture" }, "east": { "uv": [4.5, 13, 5.25, 13.75], "texture": "#texture" } } }, { "__comment": "Top 2", "from": [4.5, 19, 11.5], "to": [11.5, 22, 14.5], "faces": { "down": { "uv": [5.25, 13.75, 7, 14.5], "texture": "#texture", "rotation": 180 }, "up": { "uv": [5.25, 13.75, 7, 14.5], "texture": "#texture", "rotation": 180 }, "north": { "uv": [5.25, 13.75, 7, 14.5], "texture": "#texture" }, "south": { "uv": [5.25, 13.75, 7, 14.5], "texture": "#texture" }, "west": { "uv": [4.5, 13, 5.25, 13.75], "texture": "#texture" }, "east": { "uv": [4.5, 13, 5.25, 13.75], "texture": "#texture" } } }, { "__comment": "Top 3", "from": [11.5, 19, 4.5], "to": [14.5, 22, 11.5], "faces": { "down": { "uv": [5.25, 13.75, 7, 14.5], "texture": "#texture", "rotation": 270 }, "up": { "uv": [5.25, 13.75, 7, 14.5], "texture": "#texture", "rotation": 90 }, "north": { "uv": [4.5, 13, 5.25, 13.75], "texture": "#texture" }, "south": { "uv": [4.5, 13, 5.25, 13.75], "texture": "#texture" }, "west": { "uv": [5.25, 13.75, 7, 14.5], "texture": "#texture" }, "east": { "uv": [5.25, 13.75, 7, 14.5], "texture": "#texture" } } }, { "__comment": "Top 4", "from": [1.5, 19, 4.5], "to": [4.5, 22, 11.5], "faces": { "down": { "uv": [5.25, 13.75, 7, 14.5], "texture": "#texture", "rotation": 90 }, "up": { "uv": [5.25, 13.75, 7, 14.5], "texture": "#texture", "rotation": 270 }, "north": { "uv": [4.5, 13, 5.25, 13.75], "texture": "#texture" }, "south": { "uv": [4.5, 13, 5.25, 13.75], "texture": "#texture" }, "west": { "uv": [5.25, 13.75, 7, 14.5], "texture": "#texture" }, "east": { "uv": [5.25, 13.75, 7, 14.5], "texture": "#texture" } } }, { "__comment": "Middle", "from": [2.5, 9, 2.5], "to": [13.5, 19, 13.5], "faces": { "down": { "uv": [0.5, 14, 2.25, 15.75], "texture": "#texture" }, "up": { "uv": [0.5, 13.75, 2.25, 15.5], "texture": "#texture" }, "north": { "uv": [0, 13.5, 2.75, 16], "texture": "#texture" }, "south": { "uv": [0, 13.5, 2.75, 16], "texture": "#texture" }, "west": { "uv": [0, 13.5, 2.75, 16], "texture": "#texture" }, "east": { "uv": [0, 13.5, 2.75, 16], "texture": "#texture" } } }, { "__comment": "Angle", "from": [0.6, 22, 0.5], "to": [15.4, 29, 15.5], "faces": { "down": { "uv": [12.25, 12.25, 16, 16], "texture": "#texture" }, "up": { "uv": [9.999999, 5.25, 10.75, 6], "texture": "#texture" }, "north": { "uv": [8.499999, 6.5, 12.25, 8.25], "texture": "#texture" }, "south": { "uv": [8.500001, 8.25, 12.25, 10], "texture": "#texture" }, "west": { "uv": [12.25, 8.25, 16, 10], "texture": "#texture" }, "east": { "uv": [16, 8.25, 12.25, 10], "texture": "#texture" } } }, { "__comment": "Angle Top", "from": [0.5, 22, 0.5], "to": [15.5, 25, 17.5], "rotation": { "origin": [0.5, 22, 0.5], "axis": "x", "angle": -22.5 }, "faces": { "down": { "uv": [4.75, 3.25, 8.5, 7.5], "texture": "#texture" }, "up": { "uv": [1, 3.25, 4.75, 7.5], "texture": "#texture" }, "north": { "uv": [8.499999, 9.25, 12.25, 10], "texture": "#texture" }, "south": { "uv": [8.499999, 7.5, 12.25, 8.25], "texture": "#texture" }, "west": { "uv": [7.999999, 10, 12.25, 10.75], "texture": "#texture" }, "east": { "uv": [7.999999, 10, 12.25, 10.75], "texture": "#texture" } } }, { "__comment": "Ledge", "from": [0.5, 24.7557, -0.6389], "to": [15.5, 26.7557, 1.3611], "rotation": { "origin": [0.5, 24.75, -0.625], "axis": "x", "angle": -22.5 }, "faces": { "down": { "uv": [8.5, 2.75, 12.25, 3.25], "texture": "#texture" }, "up": { "uv": [8.5, 2.75, 12.25, 3.25], "texture": "#texture" }, "north": { "uv": [8.5, 2.75, 12.25, 3.25], "texture": "#texture" }, "south": { "uv": [8.5, 2.75, 12.25, 3.25], "texture": "#texture" }, "west": { "uv": [12.25, 2.25, 12.75, 2.75], "texture": "#texture" }, "east": { "uv": [12.25, 2.25, 12.75, 2.75], "texture": "#texture" } } }], "display": { "thirdperson_righthand": { "translation": [0, -0.635, 0], "scale": [0.25, 0.25, 0.25] }, "thirdperson_lefthand": { "translation": [0, -0.635, 0], "scale": [0.25, 0.25, 0.25] }, "firstperson_righthand": { "translation": [0, -2.654, 0], "scale": [0.5, 0.5, 0.5] }, "firstperson_lefthand": { "translation": [0, -2.654, 0], "scale": [0.5, 0.5, 0.5] }, "gui": { "rotation": [20, 136, 0], "translation": [0, -3.004, 0], "scale": [0.35, 0.35, 0.35] }, "head": { "translation": [0, -32.1, 0], "scale": [1.4, 1.4, 1.4] }, "ground": { "translation": [0, 2.6576, 0], "scale": [0.25, 0.25, 0.25] } } }