{ "credit": "Model by Elsweyr, forked by HypariaMC", "textures": { "texture": "hyparia:furniture/bookshelf_ornate" }, "elements": [{ "__comment": "Corner Back L", "from": [-8, -16, 14], "to": [-4, 32, 18], "faces": { "down": { "uv": [0, 3, 1, 4], "texture": "#texture" }, "up": { "uv": [0, 3, 1, 4], "texture": "#texture" }, "north": { "uv": [0, 4, 1, 16], "texture": "#texture" }, "south": { "uv": [0, 4, 1, 16], "texture": "#texture" }, "west": { "uv": [0, 4, 1, 16], "texture": "#texture" }, "east": { "uv": [0, 4, 1, 16], "texture": "#texture" } } }, { "__comment": "Corner Back R", "from": [20, -16, 14], "to": [24, 32, 18], "faces": { "down": { "uv": [1, 3, 2, 4], "texture": "#texture" }, "up": { "uv": [1, 3, 2, 4], "texture": "#texture" }, "north": { "uv": [1, 4, 2, 16], "texture": "#texture" }, "south": { "uv": [1, 4, 2, 16], "texture": "#texture" }, "west": { "uv": [1, 4, 2, 16], "texture": "#texture" }, "east": { "uv": [1, 4, 2, 16], "texture": "#texture" } } }, { "__comment": "Corner Front L", "from": [-8, -16, -2], "to": [-4, 32, 2], "faces": { "down": { "uv": [1, 3, 2, 4], "texture": "#texture" }, "up": { "uv": [1, 3, 2, 4], "texture": "#texture" }, "north": { "uv": [1, 4, 2, 16], "texture": "#texture" }, "south": { "uv": [1, 4, 2, 16], "texture": "#texture" }, "west": { "uv": [1, 4, 2, 16], "texture": "#texture" }, "east": { "uv": [1, 4, 2, 16], "texture": "#texture" } } }, { "__comment": "Corner Front R", "from": [20, -16, -2], "to": [24, 32, 2], "faces": { "down": { "uv": [0, 3, 1, 4], "texture": "#texture" }, "up": { "uv": [0, 3, 1, 4], "texture": "#texture" }, "north": { "uv": [0, 4, 1, 16], "texture": "#texture" }, "south": { "uv": [0, 4, 1, 16], "texture": "#texture" }, "west": { "uv": [0, 4, 1, 16], "texture": "#texture" }, "east": { "uv": [0, 4, 1, 16], "texture": "#texture" } } }, { "__comment": "Edge Top L", "from": [-8, 28, 2], "to": [-4, 32, 14], "faces": { "down": { "uv": [2, 4, 5, 5], "texture": "#texture", "rotation": 90 }, "up": { "uv": [2, 4, 5, 5], "texture": "#texture", "rotation": 270 }, "north": { "uv": [5, 4, 6, 5], "texture": "#texture" }, "south": { "uv": [5, 4, 6, 5], "texture": "#texture" }, "west": { "uv": [2, 4, 5, 5], "texture": "#texture" }, "east": { "uv": [2, 4, 5, 5], "texture": "#texture" } } }, { "__comment": "Edge Top R", "from": [20, 28, 2], "to": [24, 32, 14], "faces": { "down": { "uv": [2, 4, 5, 5], "texture": "#texture", "rotation": 90 }, "up": { "uv": [2, 4, 5, 5], "texture": "#texture", "rotation": 270 }, "north": { "uv": [5, 4, 6, 5], "texture": "#texture" }, "south": { "uv": [5, 4, 6, 5], "texture": "#texture" }, "west": { "uv": [2, 4, 5, 5], "texture": "#texture" }, "east": { "uv": [2, 4, 5, 5], "texture": "#texture" } } }, { "__comment": "Box7", "from": [-4, -13, 14], "to": [20, 28, 16], "faces": { "down": { "uv": [10, 0, 16, 0.5], "texture": "#texture" }, "up": { "uv": [10, 0, 16, 0.5], "texture": "#texture" }, "north": { "uv": [10, 0.5, 16, 10.75], "texture": "#texture" }, "south": { "uv": [10, 0.5, 16, 10.75], "texture": "#texture" }, "west": { "uv": [9.5, 0.5, 10, 10.75], "texture": "#texture" }, "east": { "uv": [10, 0.5, 16, 10.75], "texture": "#texture" } } }, { "__comment": "Box8", "from": [20, -13, 2], "to": [22, 28, 14], "faces": { "down": { "uv": [6.5, 0, 9.5, 0.5], "texture": "#texture", "rotation": 270 }, "up": { "uv": [6.5, 0, 9.5, 0.5], "texture": "#texture", "rotation": 90 }, "north": { "uv": [6, 0.5, 6.5, 10.75], "texture": "#texture" }, "south": { "uv": [6, 0.5, 6.5, 10.75], "texture": "#texture" }, "west": { "uv": [6.5, 0.5, 9.5, 10.75], "texture": "#texture" }, "east": { "uv": [6.5, 0.5, 9.5, 10.75], "texture": "#texture" } } }, { "__comment": "Box8", "from": [-6, -13, 2], "to": [-4, 28, 14], "faces": { "down": { "uv": [6.5, 0, 9.5, 0.5], "texture": "#texture", "rotation": 270 }, "up": { "uv": [6.5, 0, 9.5, 0.5], "texture": "#texture", "rotation": 90 }, "north": { "uv": [6, 0.5, 6.5, 10.75], "texture": "#texture" }, "south": { "uv": [6, 0.5, 6.5, 10.75], "texture": "#texture" }, "west": { "uv": [6.5, 0.5, 9.5, 10.75], "texture": "#texture" }, "east": { "uv": [6.5, 0.5, 9.5, 10.75], "texture": "#texture" } } }, { "__comment": "Box10", "from": [22, 7.5, 2], "to": [24, 11.5, 14], "faces": { "down": { "uv": [2, 2.5, 5, 3], "texture": "#texture", "rotation": 270 }, "up": { "uv": [2, 2.5, 5, 3], "texture": "#texture", "rotation": 90 }, "north": { "uv": [5, 3, 5.5, 4], "texture": "#texture" }, "south": { "uv": [5, 3, 5.5, 4], "texture": "#texture" }, "west": { "uv": [2, 3, 5, 4], "texture": "#texture" }, "east": { "uv": [2, 3, 5, 4], "texture": "#texture" } } }, { "__comment": "Box10", "from": [22, -13, 2], "to": [24, -9, 14], "faces": { "down": { "uv": [2, 2.5, 5, 3], "texture": "#texture", "rotation": 90 }, "up": { "uv": [2, 2.5, 5, 3], "texture": "#texture", "rotation": 270 }, "north": { "uv": [5, 3, 5.5, 4], "texture": "#texture" }, "south": { "uv": [5, 3, 5.5, 4], "texture": "#texture" }, "west": { "uv": [2, 3, 5, 4], "texture": "#texture" }, "east": { "uv": [2, 3, 5, 4], "texture": "#texture" } } }, { "__comment": "Box12", "from": [-4, -13, -1], "to": [20, -7, 14], "faces": { "down": { "uv": [8, 11, 14, 16], "texture": "#texture" }, "up": { "uv": [2, 10.75, 8, 14.5], "texture": "#texture" }, "north": { "uv": [2, 14.5, 8, 16], "texture": "#texture" }, "south": { "uv": [2, 14.5, 8, 16], "texture": "#texture" }, "west": { "uv": [15.5, 15.5, 16, 16], "texture": "#texture" }, "east": { "uv": [15.5, 15.5, 16, 16], "texture": "#texture" } } }, { "__comment": "Box13", "from": [-4, 21, -1], "to": [20, 23, 14], "faces": { "down": { "uv": [2, 10.75, 8, 14.5], "texture": "#texture" }, "up": { "uv": [2, 10.75, 8, 14.5], "texture": "#texture" }, "north": { "uv": [2, 14.5, 8, 15], "texture": "#texture" }, "south": { "uv": [2, 14.5, 8, 15], "texture": "#texture" }, "west": { "uv": [15.5, 15.5, 16, 16], "texture": "#texture" }, "east": { "uv": [15.5, 15.5, 16, 16], "texture": "#texture" } } }, { "__comment": "Box13", "from": [-4, 1, -1], "to": [20, 3, 14], "faces": { "down": { "uv": [2, 10.75, 8, 14.5], "texture": "#texture" }, "up": { "uv": [2, 10.75, 8, 14.5], "texture": "#texture" }, "north": { "uv": [2, 14.5, 8, 15], "texture": "#texture" }, "south": { "uv": [2, 14.5, 8, 15], "texture": "#texture" }, "west": { "uv": [15.5, 15.5, 16, 16], "texture": "#texture" }, "east": { "uv": [15.5, 15.5, 16, 16], "texture": "#texture" } } }, { "__comment": "Box13", "from": [-4, 11, -1], "to": [20, 13, 14], "faces": { "down": { "uv": [2, 10.75, 8, 14.5], "texture": "#texture" }, "up": { "uv": [2, 10.75, 8, 14.5], "texture": "#texture" }, "north": { "uv": [2, 14.5, 8, 15], "texture": "#texture" }, "south": { "uv": [2, 14.5, 8, 15], "texture": "#texture" }, "west": { "uv": [15.5, 15.5, 16, 16], "texture": "#texture" }, "east": { "uv": [15.5, 15.5, 16, 16], "texture": "#texture" } } }, { "__comment": "Box17", "from": [-4, 28, -2], "to": [20, 32, 18], "faces": { "down": { "uv": [8, 11, 14, 16], "texture": "#texture" }, "up": { "uv": [8, 11, 14, 16], "texture": "#texture" }, "north": { "uv": [0, 1.5, 6, 2.5], "texture": "#texture" }, "south": { "uv": [0, 1.5, 6, 2.5], "texture": "#texture" }, "west": { "uv": [15.5, 15.5, 16, 16], "texture": "#texture" }, "east": { "uv": [15.5, 15.5, 16, 16], "texture": "#texture" } } }, { "__comment": "Box10", "from": [-8, 7.5, 2], "to": [-6, 11.5, 14], "faces": { "down": { "uv": [2, 2.5, 5, 3], "texture": "#texture", "rotation": 90 }, "up": { "uv": [2, 2.5, 5, 3], "texture": "#texture", "rotation": 270 }, "north": { "uv": [5, 3, 5.5, 4], "texture": "#texture" }, "south": { "uv": [5, 3, 5.5, 4], "texture": "#texture" }, "west": { "uv": [2, 3, 5, 4], "texture": "#texture" }, "east": { "uv": [2, 3, 5, 4], "texture": "#texture" } } }, { "__comment": "Box10", "from": [-8, -13, 2], "to": [-6, -9, 14], "faces": { "down": { "uv": [2, 2.5, 5, 3], "texture": "#texture", "rotation": 90 }, "up": { "uv": [2, 2.5, 5, 3], "texture": "#texture", "rotation": 270 }, "north": { "uv": [5, 3, 5.5, 4], "texture": "#texture" }, "south": { "uv": [5, 3, 5.5, 4], "texture": "#texture" }, "west": { "uv": [2, 3, 5, 4], "texture": "#texture" }, "east": { "uv": [2, 3, 5, 4], "texture": "#texture" } } }, { "__comment": "Box20", "from": [-4, -13, 16], "to": [20, -9, 18], "faces": { "down": { "uv": [0, 1, 6, 1.5], "texture": "#texture" }, "up": { "uv": [0, 1, 6, 1.5], "texture": "#texture" }, "north": { "uv": [2, 15, 8, 16], "texture": "#texture" }, "south": { "uv": [2, 15, 8, 16], "texture": "#texture" }, "west": { "uv": [5, 3, 5.5, 4], "texture": "#texture" }, "east": { "uv": [5, 3, 5.5, 4], "texture": "#texture" } } }, { "__comment": "Box20", "from": [-4, 7.5, 16], "to": [20, 11.5, 18], "faces": { "down": { "uv": [0, 1, 6, 1.5], "texture": "#texture" }, "up": { "uv": [0, 1, 6, 1.5], "texture": "#texture" }, "north": { "uv": [2, 15, 8, 16], "texture": "#texture" }, "south": { "uv": [2, 15, 8, 16], "texture": "#texture" }, "west": { "uv": [5, 3, 5.5, 4], "texture": "#texture" }, "east": { "uv": [5, 3, 5.5, 4], "texture": "#texture" } } }, { "__comment": "PlaneZ22", "from": [-4, 17, -0.5], "to": [0, 21, -0.499], "faces": { "north": { "uv": [15, 15, 16, 16], "texture": "#texture" }, "south": { "uv": [16, 15, 15, 16], "texture": "#texture" } } }, { "__comment": "PlaneZ22", "from": [-4, -3, -0.5], "to": [0, 1, -0.499], "faces": { "north": { "uv": [15, 15, 16, 16], "texture": "#texture" }, "south": { "uv": [16, 15, 15, 16], "texture": "#texture" } } }, { "__comment": "PlaneZ22", "from": [-4, 7, -0.5], "to": [0, 11, -0.499], "faces": { "north": { "uv": [15, 15, 16, 16], "texture": "#texture" }, "south": { "uv": [16, 15, 15, 16], "texture": "#texture" } } }, { "__comment": "PlaneZ25", "from": [16, 17, -0.5], "to": [20, 21, -0.499], "faces": { "north": { "uv": [14, 15, 15, 16], "texture": "#texture" }, "south": { "uv": [15, 15, 14, 16], "texture": "#texture" } } }, { "__comment": "PlaneZ25", "from": [16, -3, -0.5], "to": [20, 1, -0.499], "faces": { "north": { "uv": [14, 15, 15, 16], "texture": "#texture" }, "south": { "uv": [15, 15, 14, 16], "texture": "#texture" } } }, { "__comment": "PlaneZ25", "from": [16, 7, -0.5], "to": [20, 11, -0.499], "faces": { "north": { "uv": [14, 15, 15, 16], "texture": "#texture" }, "south": { "uv": [15, 15, 14, 16], "texture": "#texture" } } }], "display": { "thirdperson_righthand": { "scale": [0.25, 0.25, 0.25] }, "thirdperson_lefthand": { "scale": [0.25, 0.25, 0.25] }, "firstperson_righthand": { "translation": [2.7445, 0, 0], "scale": [0.25, 0.25, 0.25] }, "firstperson_lefthand": { "translation": [2.7445, 0, 0], "scale": [0.25, 0.25, 0.25] }, "gui": { "rotation": [7, 154, 0], "scale": [0.25, 0.25, 0.25] }, "head": { "translation": [0, -3.63, 0], "scale": [1.65, 1.65, 1.65] } } }