{ "credit": "Model by Elsweyr, forked by HypariaMC", "textures": { "particle": "hyparia:furniture/books_row", "texture": "hyparia:furniture/books_row" }, "elements": [{ "__comment": "Box1", "from": [4.5, 0, 5], "to": [11.5, 8, 11], "faces": { "down": { "uv": [13, 0, 9.5, 4], "texture": "#texture", "rotation": 180 }, "up": { "uv": [6, 0, 9.5, 4], "texture": "#texture", "rotation": 180 }, "north": { "uv": [6, 4, 9.5, 8], "texture": "#texture" }, "south": { "uv": [12.5, 4, 16, 8], "texture": "#texture" }, "west": { "uv": [9.5, 4, 12.5, 8], "texture": "#texture" }, "east": { "uv": [3, 4, 6, 8], "texture": "#texture" } } }, { "__comment": "Box1", "from": [4.25, -0.25, 4.75], "to": [11.75, 8.25, 11.25], "faces": { "down": { "uv": [13, 8, 9.5, 12], "texture": "#texture", "rotation": 180 }, "up": { "uv": [6, 8, 9.5, 12], "texture": "#texture", "rotation": 180 }, "north": { "uv": [6, 12, 9.5, 16], "texture": "#texture" }, "south": { "uv": [12.5, 12, 16, 16], "texture": "#texture" }, "west": { "uv": [9.5, 12, 12.5, 16], "texture": "#texture" }, "east": { "uv": [3, 12, 6, 16], "texture": "#texture" } } }], "display": { "thirdperson_righthand": { "translation": [0, 1.5163, 0] }, "thirdperson_lefthand": { "translation": [0, 1.5163, 0] }, "gui": { "rotation": [14, 45, 0], "translation": [0, 2.913, 0] }, "head": { "translation": [0, -29.6, 0], "scale": [1.65, 1.65, 1.65] }, "ground": { "translation": [0, 5, 0], "scale": [0.5, 0.5, 0.5] }, "fixed": { "scale": [0.5, 0.5, 0.5] } } }