{ "credit": "Model by Elsweyr, forked by HypariaMC", "ambientocclusion": false, "textures": { "texture": "hyparia:furniture/candles_ritual", "flame": "hyparia:furniture/flame_red" }, "elements": [{ "__comment": "Candle", "from": [11.5, 0, 4], "to": [13.5, 4, 6], "rotation": { "origin": [13.5, 0, 6], "axis": "y", "angle": 22.5 }, "faces": { "down": { "uv": [4, 0, 6, 2], "texture": "#texture", "rotation": 180 }, "up": { "uv": [2, 0, 4, 2], "texture": "#texture", "rotation": 180 }, "north": { "uv": [6, 2, 8, 6], "texture": "#texture" }, "south": { "uv": [2, 2, 4, 6], "texture": "#texture" }, "west": { "uv": [0, 2, 2, 6], "texture": "#texture" }, "east": { "uv": [4, 2, 6, 6], "texture": "#texture" } } }, { "__comment": "Box4", "from": [6.5, 0, 8], "to": [8.5, 6, 10], "faces": { "down": { "uv": [12, 8, 14, 10], "texture": "#texture", "rotation": 180 }, "up": { "uv": [10, 8, 12, 10], "texture": "#texture", "rotation": 180 }, "north": { "uv": [14, 10, 16, 16], "texture": "#texture" }, "south": { "uv": [10, 10, 12, 16], "texture": "#texture" }, "west": { "uv": [8, 10, 10, 16], "texture": "#texture" }, "east": { "uv": [12, 10, 14, 16], "texture": "#texture" } } }, { "__comment": "Box7", "from": [2, 0, 5], "to": [4, 5, 7], "rotation": { "origin": [4, 0, 7.000001], "axis": "y", "angle": -22.5 }, "faces": { "down": { "uv": [12, 0, 14, 2], "texture": "#texture", "rotation": 180 }, "up": { "uv": [10, 0, 12, 2], "texture": "#texture", "rotation": 180 }, "north": { "uv": [14, 2, 16, 7], "texture": "#texture" }, "south": { "uv": [10, 2, 12, 7], "texture": "#texture" }, "west": { "uv": [8, 2, 10, 7], "texture": "#texture" }, "east": { "uv": [12, 2, 14, 7], "texture": "#texture" } } }, { "__comment": "Flame 1", "from": [2.375, 5, 5.999], "to": [4.375, 7, 6], "rotation": { "origin": [4.375, 5, 6], "axis": "y", "angle": -22.5 }, "faces": { "north": { "uv": [0, 0, 16, 16], "texture": "#flame" }, "south": { "uv": [0, 0, 16, 16], "texture": "#flame" } } }, { "__comment": "Flame 2", "from": [2.999, 5, 4.5], "to": [3, 7, 6.5], "rotation": { "origin": [3, 5, 6.5], "axis": "y", "angle": -22.5 }, "faces": { "west": { "uv": [0, 0, 16, 16], "texture": "#flame" }, "east": { "uv": [0, 0, 16, 16], "texture": "#flame" } } }, { "__comment": "PlaneX5", "from": [7.499, 6, 8], "to": [7.5, 8, 10], "faces": { "west": { "uv": [0, 0, 16, 16], "texture": "#flame" }, "east": { "uv": [0, 0, 16, 16], "texture": "#flame" } } }, { "__comment": "PlaneZ6", "from": [6.5, 6, 8.999], "to": [8.5, 8, 9], "faces": { "north": { "uv": [0, 0, 16, 16], "texture": "#flame" }, "south": { "uv": [0, 0, 16, 16], "texture": "#flame" } } }, { "__comment": "Flame 1", "from": [11, 4, 4.999], "to": [13, 6, 5], "rotation": { "origin": [13, 4, 5], "axis": "y", "angle": 22.5 }, "faces": { "north": { "uv": [0, 0, 16, 16], "texture": "#flame" }, "south": { "uv": [0, 0, 16, 16], "texture": "#flame" } } }, { "__comment": "Flame 2", "from": [12.499, 4, 4.375], "to": [12.5, 6, 6.375], "rotation": { "origin": [12.5, 4, 6.375], "axis": "y", "angle": 22.5 }, "faces": { "west": { "uv": [0, 0, 16, 16], "texture": "#flame" }, "east": { "uv": [0, 0, 16, 16], "texture": "#flame" } } }], "display": { "thirdperson_righthand": { "translation": [0, 3.2771, 0.8641], "scale": [0.5, 0.5, 0.5] }, "thirdperson_lefthand": { "translation": [0, 3.2771, 0.8641], "scale": [0.5, 0.5, 0.5] }, "firstperson_righthand": { "translation": [0, 6.2472, 0] }, "firstperson_lefthand": { "translation": [0, 6.2472, 0] }, "gui": { "rotation": [20, -2, 0], "translation": [0, 4.4483, 0] }, "head": { "translation": [0, -30.03, 0], "scale": [1.65, 1.65, 1.65] }, "ground": { "translation": [0, 4.5, 0], "scale": [0.7, 0.7, 0.7] } } }