{ "credit": "Model by Elsweyr, forked by HypariaMC", "textures": { "texture": "hyparia:furniture/chandelier_wood", "candles": "hyparia:furniture/candles", "flame": "hyparia:furniture/flame" }, "elements": [{ "__comment": "Frame", "from": [11.6244, -11.4997, 18.6257], "to": [21.6244, -9.4997, 20.6257], "rotation": { "origin": [11.625, -11.5, 18.625], "axis": "y", "angle": 45 }, "faces": { "down": { "uv": [10, 0, 15, 1], "texture": "#texture" }, "up": { "uv": [10, 0, 15, 1], "texture": "#texture" }, "north": { "uv": [10, 0, 15, 1], "texture": "#texture" }, "south": { "uv": [10, 0, 15, 1], "texture": "#texture" }, "west": { "uv": [15, 0, 16, 1], "texture": "#texture" }, "east": { "uv": [15, 0, 16, 1], "texture": "#texture" } } }, { "__comment": "Frame1", "from": [2.9997, -11.4999, 18.0005], "to": [12.9997, -9.499903, 20.0005], "faces": { "down": { "uv": [10, 0, 15, 1], "texture": "#texture" }, "up": { "uv": [10, 0, 15, 1], "texture": "#texture" }, "north": { "uv": [10, 0, 15, 1], "texture": "#texture" }, "south": { "uv": [10, 0, 15, 1], "texture": "#texture" }, "west": { "uv": [15, 0, 16, 1], "texture": "#texture" }, "east": { "uv": [15, 0, 16, 1], "texture": "#texture" } } }, { "__comment": "Frame2", "from": [11.6259, -11.501, -2.6253], "to": [13.6259, -9.500995, 7.3747], "rotation": { "origin": [11.625, -11.5, -2.625], "axis": "y", "angle": 45 }, "faces": { "down": { "uv": [15, 1, 16, 6], "texture": "#texture" }, "up": { "uv": [15, 1, 16, 6], "texture": "#texture" }, "north": { "uv": [15, 0, 16, 1], "texture": "#texture" }, "south": { "uv": [15, 0, 16, 1], "texture": "#texture" }, "west": { "uv": [10, 0, 15, 1], "texture": "#texture" }, "east": { "uv": [10, 0, 15, 1], "texture": "#texture" } } }, { "__comment": "Frame3", "from": [17.9994, -11.4991, 3.0004], "to": [19.9994, -9.499102, 13.0004], "faces": { "down": { "uv": [15, 1, 16, 6], "texture": "#texture" }, "up": { "uv": [15, 1, 16, 6], "texture": "#texture" }, "north": { "uv": [15, 0, 16, 1], "texture": "#texture" }, "south": { "uv": [15, 0, 16, 1], "texture": "#texture" }, "west": { "uv": [15, 0, 10, 1], "texture": "#texture" }, "east": { "uv": [15, 0, 10, 1], "texture": "#texture" } } }, { "__comment": "Frame4", "from": [2.9998, -11.5008, -4.0004], "to": [12.99979, -9.500799, -2.0004], "faces": { "down": { "uv": [10, 0, 15, 1], "texture": "#texture" }, "up": { "uv": [10, 0, 15, 1], "texture": "#texture" }, "north": { "uv": [10, 0, 15, 1], "texture": "#texture" }, "south": { "uv": [10, 0, 15, 1], "texture": "#texture" }, "west": { "uv": [16, 0, 15, 1], "texture": "#texture" }, "east": { "uv": [16, 0, 15, 1], "texture": "#texture" } } }, { "__comment": "Frame5", "from": [-3.9992, -11.5, 3.0006], "to": [6.0008, -9.500004, 5.000601], "rotation": { "origin": [-4, -11.5, 3], "axis": "y", "angle": 45 }, "faces": { "down": { "uv": [10, 0, 15, 1], "texture": "#texture" }, "up": { "uv": [10, 0, 15, 1], "texture": "#texture" }, "north": { "uv": [10, 0, 15, 1], "texture": "#texture" }, "south": { "uv": [10, 0, 15, 1], "texture": "#texture" }, "west": { "uv": [15, 0, 16, 1], "texture": "#texture" }, "east": { "uv": [15, 0, 16, 1], "texture": "#texture" } } }, { "__comment": "Frame6", "from": [-4.0007, -11.4993, 2.9992], "to": [-2.0007, -9.499303, 12.9992], "faces": { "down": { "uv": [15, 1, 16, 6], "texture": "#texture" }, "up": { "uv": [15, 1, 16, 6], "texture": "#texture" }, "north": { "uv": [15, 0, 16, 1], "texture": "#texture" }, "south": { "uv": [15, 0, 16, 1], "texture": "#texture" }, "west": { "uv": [10, 0, 15, 1], "texture": "#texture" }, "east": { "uv": [10, 0, 15, 1], "texture": "#texture" } } }, { "__comment": "Frame7", "from": [-3.9992, -11.5002, 12.9994], "to": [-1.9992, -9.500203, 22.9994], "rotation": { "origin": [-4, -11.5, 13], "axis": "y", "angle": 45 }, "faces": { "down": { "uv": [15, 1, 16, 6], "texture": "#texture" }, "up": { "uv": [15, 1, 16, 6], "texture": "#texture" }, "north": { "uv": [15, 0, 16, 1], "texture": "#texture" }, "south": { "uv": [15, 0, 16, 1], "texture": "#texture" }, "west": { "uv": [10, 0, 15, 1], "texture": "#texture" }, "east": { "uv": [10, 0, 15, 1], "texture": "#texture" } } }, { "__comment": "Candle", "from": [18.0006, -8.4992, 6.9991], "to": [20.0006, -3.4992, 8.9991], "faces": { "down": { "uv": [12, 0, 14, 2], "texture": "#candles" }, "up": { "uv": [10, 0, 12, 2], "texture": "#candles" }, "north": { "uv": [10, 2, 12, 7], "texture": "#candles" }, "south": { "uv": [14, 2, 16, 7], "texture": "#candles" }, "west": { "uv": [12, 2, 14, 7], "texture": "#candles" }, "east": { "uv": [8, 2, 10, 7], "texture": "#candles" } } }, { "__comment": "Base", "from": [16.9992, -9.4998, 5.999], "to": [20.9992, -8.4998, 9.999001], "faces": { "down": { "uv": [14, 13.5, 16, 15.5], "texture": "#texture" }, "up": { "uv": [14, 13.5, 16, 15.5], "texture": "#texture" }, "north": { "uv": [14, 15.5, 16, 16], "texture": "#texture" }, "south": { "uv": [14, 15.5, 16, 16], "texture": "#texture" }, "west": { "uv": [14, 15.5, 16, 16], "texture": "#texture" }, "east": { "uv": [14, 15.5, 16, 16], "texture": "#texture" } } }, { "__comment": "Flame 1", "from": [18.999, -3.5006, 6.9999], "to": [19, -1.5006, 8.999899], "faces": { "west": { "uv": [0, 0, 16, 16], "texture": "#flame" }, "east": { "uv": [0, 0, 16, 16], "texture": "#flame" } } }, { "__comment": "Flame 2", "from": [17.9999, -3.4998, 7.9996], "to": [19.9999, -1.4998, 8.0006], "faces": { "north": { "uv": [0, 0, 16, 16], "texture": "#flame" }, "south": { "uv": [0, 0, 16, 16], "texture": "#flame" } } }, { "__comment": "Candle", "from": [7.0008, -8.500999, -3.999], "to": [9.000799, -3.500999, -1.999], "faces": { "down": { "uv": [12, 0, 14, 2], "texture": "#candles" }, "up": { "uv": [10, 0, 12, 2], "texture": "#candles" }, "north": { "uv": [10, 2, 12, 7], "texture": "#candles" }, "south": { "uv": [14, 2, 16, 7], "texture": "#candles" }, "west": { "uv": [12, 2, 14, 7], "texture": "#candles" }, "east": { "uv": [8, 2, 10, 7], "texture": "#candles" } } }, { "__comment": "Base", "from": [6.0008, -9.4992, -5], "to": [10.0008, -8.4992, -1], "faces": { "down": { "uv": [14, 13.5, 16, 15.5], "texture": "#texture" }, "up": { "uv": [14, 13.5, 16, 15.5], "texture": "#texture" }, "north": { "uv": [14, 15.5, 16, 16], "texture": "#texture" }, "south": { "uv": [14, 15.5, 16, 16], "texture": "#texture" }, "west": { "uv": [14, 15.5, 16, 16], "texture": "#texture" }, "east": { "uv": [14, 15.5, 16, 16], "texture": "#texture" } } }, { "__comment": "Flame 1", "from": [7.9997, -3.4995, -3.9999], "to": [8.0007, -1.4995, -1.9999], "faces": { "west": { "uv": [0, 0, 16, 16], "texture": "#flame" }, "east": { "uv": [0, 0, 16, 16], "texture": "#flame" } } }, { "__comment": "Flame 2", "from": [7.0008, -3.4992, -3.0007], "to": [9.000799, -1.4992, -2.9997], "faces": { "north": { "uv": [0, 0, 16, 16], "texture": "#flame" }, "south": { "uv": [0, 0, 16, 16], "texture": "#flame" } } }, { "__comment": "Candle", "from": [7.0009, -8.499, 17.9992], "to": [9.000899, -3.499, 19.9992], "faces": { "down": { "uv": [12, 0, 14, 2], "texture": "#candles" }, "up": { "uv": [10, 0, 12, 2], "texture": "#candles" }, "north": { "uv": [10, 2, 12, 7], "texture": "#candles" }, "south": { "uv": [14, 2, 16, 7], "texture": "#candles" }, "west": { "uv": [12, 2, 14, 7], "texture": "#candles" }, "east": { "uv": [8, 2, 10, 7], "texture": "#candles" } } }, { "__comment": "Base", "from": [6.0003, -9.5006, 16.9993], "to": [10.0003, -8.5006, 20.9993], "faces": { "down": { "uv": [14, 13.5, 16, 15.5], "texture": "#texture" }, "up": { "uv": [14, 13.5, 16, 15.5], "texture": "#texture" }, "north": { "uv": [14, 15.5, 16, 16], "texture": "#texture" }, "south": { "uv": [14, 15.5, 16, 16], "texture": "#texture" }, "west": { "uv": [14, 15.5, 16, 16], "texture": "#texture" }, "east": { "uv": [14, 15.5, 16, 16], "texture": "#texture" } } }, { "__comment": "Flame 1", "from": [7.9995, -3.5, 18.0009], "to": [8.0005, -1.5, 20.0009], "faces": { "west": { "uv": [0, 0, 16, 16], "texture": "#flame" }, "east": { "uv": [0, 0, 16, 16], "texture": "#flame" } } }, { "__comment": "Flame 2", "from": [6.9998, -3.5004, 18.9992], "to": [8.9998, -1.5004, 19.0002], "faces": { "north": { "uv": [0, 0, 16, 16], "texture": "#flame" }, "south": { "uv": [0, 0, 16, 16], "texture": "#flame" } } }, { "__comment": "Candle", "from": [-3.9996, -8.500299, 6.9993], "to": [-1.9996, -3.500299, 8.9993], "faces": { "down": { "uv": [12, 0, 14, 2], "texture": "#candles" }, "up": { "uv": [10, 0, 12, 2], "texture": "#candles" }, "north": { "uv": [10, 2, 12, 7], "texture": "#candles" }, "south": { "uv": [14, 2, 16, 7], "texture": "#candles" }, "west": { "uv": [12, 2, 14, 7], "texture": "#candles" }, "east": { "uv": [8, 2, 10, 7], "texture": "#candles" } } }, { "__comment": "Base", "from": [-5.0008, -9.500199, 6.0002], "to": [-1.0008, -8.500199, 10.0002], "faces": { "down": { "uv": [14, 13.5, 16, 15.5], "texture": "#texture" }, "up": { "uv": [14, 13.5, 16, 15.5], "texture": "#texture" }, "north": { "uv": [14, 15.5, 16, 16], "texture": "#texture" }, "south": { "uv": [14, 15.5, 16, 16], "texture": "#texture" }, "west": { "uv": [14, 15.5, 16, 16], "texture": "#texture" }, "east": { "uv": [14, 15.5, 16, 16], "texture": "#texture" } } }, { "__comment": "Flame 1", "from": [-3.0006, -3.4991, 6.9992], "to": [-2.9996, -1.4991, 8.999199], "faces": { "west": { "uv": [0, 0, 16, 16], "texture": "#flame" }, "east": { "uv": [0, 0, 16, 16], "texture": "#flame" } } }, { "__comment": "Flame 2", "from": [-4.0001, -3.5005, 8.000299], "to": [-2.0001, -1.5005, 8.0013], "faces": { "north": { "uv": [0, 0, 16, 16], "texture": "#flame" }, "south": { "uv": [0, 0, 16, 16], "texture": "#flame" } } }, { "__comment": "Chain 2", "from": [18.0007, -10.0006, 7.2493], "to": [18.0017, 4.999404, 8.7493], "rotation": { "origin": [18, -10, 7.25], "axis": "z", "angle": 45 }, "faces": { "west": { "uv": [8.5, 0, 9.25, 7.5], "texture": "#texture" }, "east": { "uv": [8.5, 0, 9.25, 7.5], "texture": "#texture" } } }, { "__comment": "Chain 2", "from": [17.2935, -9.999499, 7.9998], "to": [18.7935, 5.000501, 8.000798], "rotation": { "origin": [18, -10, 7.25], "axis": "z", "angle": 45 }, "faces": { "north": { "uv": [8.5, 0, 9.25, 7.5], "texture": "#texture" }, "south": { "uv": [8.5, 0, 9.25, 7.5], "texture": "#texture" } } }, { "__comment": "Chain 4", "from": [8.0006, -9.9994, -2.9995], "to": [8.0016, 5.0006, -1.4995], "rotation": { "origin": [8, -10, -3], "axis": "x", "angle": 45 }, "faces": { "west": { "uv": [8.5, 0, 9.25, 7.5], "texture": "#texture" }, "east": { "uv": [8.5, 0, 9.25, 7.5], "texture": "#texture" } } }, { "__comment": "Chain 4", "from": [7.2927, -9.999499, -2.2494], "to": [8.7927, 5.000501, -2.2484], "rotation": { "origin": [8, -10, -3], "axis": "x", "angle": 45 }, "faces": { "north": { "uv": [8.5, 0, 9.25, 7.5], "texture": "#texture" }, "south": { "uv": [8.5, 0, 9.25, 7.5], "texture": "#texture" } } }, { "__comment": "Chain 1", "from": [-2.0007, -10.0002, 7.2507], "to": [-1.9997, 4.999799, 8.7507], "rotation": { "origin": [-2, -10, 7.25], "axis": "z", "angle": -45 }, "faces": { "west": { "uv": [8.5, 0, 9.25, 7.5], "texture": "#texture" }, "east": { "uv": [8.5, 0, 9.25, 7.5], "texture": "#texture" } } }, { "__comment": "Chain 1", "from": [-2.4998, -9.5006, 8.0005], "to": [-0.9998, 5.4994, 8.0015], "rotation": { "origin": [-2.5, -9.5, 8], "axis": "z", "angle": -45 }, "faces": { "north": { "uv": [8.5, 0, 9.25, 7.5], "texture": "#texture" }, "south": { "uv": [8.5, 0, 9.25, 7.5], "texture": "#texture" } } }, { "__comment": "Chain 3", "from": [7.2929, -10.5003, 18.2496], "to": [8.7929, 4.4997, 18.2506], "rotation": { "origin": [8, -10.5, 17.5], "axis": "x", "angle": -45 }, "faces": { "north": { "uv": [8.5, 0, 9.25, 7.5], "texture": "#texture" }, "south": { "uv": [8.5, 0, 9.25, 7.5], "texture": "#texture" } } }, { "__comment": "Chain 3", "from": [8.000299, -10.4993, 17.4999], "to": [8.0013, 4.5007, 18.9999], "rotation": { "origin": [8, -10.5, 17.5], "axis": "x", "angle": -45 }, "faces": { "west": { "uv": [8.5, 0, 9.25, 7.5], "texture": "#texture" }, "east": { "uv": [8.5, 0, 9.25, 7.5], "texture": "#texture" } } }, { "__comment": "Chain Main", "from": [7.2499, 0.0009, 8.2492], "to": [8.7499, 30.0009, 8.2502], "faces": { "north": { "uv": [8.5, 0, 9.25, 15], "texture": "#texture" }, "south": { "uv": [8.5, 0, 9.25, 15], "texture": "#texture" } } }, { "__comment": "PlaneX34", "from": [8.0005, 0.0009, 7.5008], "to": [8.0015, 30.0009, 9.0008], "faces": { "west": { "uv": [8.5, 0, 9.25, 15], "texture": "#texture" }, "east": { "uv": [8.5, 0, 9.25, 15], "texture": "#texture" } } }], "display": { "thirdperson_righthand": { "translation": [0, 5.0652, 0], "scale": [0.25, 0.25, 0.25] }, "thirdperson_lefthand": { "translation": [0, 5.0652, 0], "scale": [0.25, 0.25, 0.25] }, "firstperson_righthand": { "translation": [0, 10.5, 2.9755], "scale": [0.5, 0.5, 0.5] }, "firstperson_lefthand": { "translation": [0, 10.5, 2.9755], "scale": [0.5, 0.5, 0.5] }, "gui": { "rotation": [15, -18, 0], "translation": [0, 0.2608, 0], "scale": [0.35, 0.35, 0.35] }, "head": { "translation": [0, 16.817, 0], "scale": [1.65, 1.65, 1.65] }, "ground": { "translation": [0, 7, 0], "scale": [0.3, 0.3, 0.25] } } }