{ "credit": "Model by Elsweyr, forked by HypariaMC", "textures": { "particle": "hyparia:furniture/crate", "texture": "hyparia:furniture/crate", "details": "hyparia:furniture/crate_details" }, "elements": [{ "__comment": "Cube24", "from": [-0.5, 0, -0.5], "to": [16, 1, 3], "faces": { "down": { "uv": [0, 0, 8.25, 1.5], "texture": "#details" }, "up": { "uv": [0, 0, 8.25, 1.5], "texture": "#details" }, "north": { "uv": [0, 11, 8.25, 11.5], "texture": "#details" }, "south": { "uv": [0, 11, 8.25, 11.5], "texture": "#details" }, "west": { "uv": [0, 9, 1.75, 9.5], "texture": "#details" }, "east": { "uv": [0, 9, 1.75, 9.5], "texture": "#details" } } }, { "__comment": "Cube25", "from": [0.5, 0, 3], "to": [17, 1, 6.5], "faces": { "down": { "uv": [0.25, 1.75, 8.5, 3.5], "texture": "#details" }, "up": { "uv": [0.25, 1.75, 8.5, 3.5], "texture": "#details" }, "north": { "uv": [0, 10, 8.25, 10.5], "texture": "#details" }, "south": { "uv": [0, 10, 8.25, 10.5], "texture": "#details" }, "west": { "uv": [1.75, 9, 3.5, 9.5], "texture": "#details" }, "east": { "uv": [1.75, 9, 3.5, 9.5], "texture": "#details" } } }, { "__comment": "Cube26", "from": [0, 0, 6.5], "to": [16, 1, 10], "faces": { "down": { "uv": [0.25, 3.5, 8.25, 5.25], "texture": "#details" }, "up": { "uv": [0.25, 3.5, 8.25, 5.25], "texture": "#details" }, "north": { "uv": [0, 10, 8.25, 10.5], "texture": "#details" }, "south": { "uv": [0, 10, 8.25, 10.5], "texture": "#details" }, "west": { "uv": [3.5, 9, 5.25, 9.5], "texture": "#details" }, "east": { "uv": [3.5, 9, 5.25, 9.5], "texture": "#details" } } }, { "__comment": "Cube27", "from": [-0.5, 0, 10], "to": [16, 1, 13.5], "faces": { "down": { "uv": [0, 5.25, 8.25, 7], "texture": "#details" }, "up": { "uv": [0, 5.25, 8.25, 7], "texture": "#details" }, "north": { "uv": [0, 10, 8.25, 10.5], "texture": "#details" }, "south": { "uv": [0, 10, 8.25, 10.5], "texture": "#details" }, "west": { "uv": [5.25, 9, 7, 9.5], "texture": "#details" }, "east": { "uv": [5.25, 9, 7, 9.5], "texture": "#details" } } }, { "__comment": "Cube28", "from": [0, 0, 13.5], "to": [16.5, 1, 16.5], "faces": { "down": { "uv": [0.25, 7, 8.5, 8.5], "texture": "#details" }, "up": { "uv": [0.25, 7, 8.5, 8.5], "texture": "#details" }, "north": { "uv": [0, 10, 8.25, 10.5], "texture": "#details" }, "south": { "uv": [0, 10, 8.25, 10.5], "texture": "#details" }, "west": { "uv": [7, 9, 8.5, 9.5], "texture": "#details" }, "east": { "uv": [7, 9, 8.5, 9.5], "texture": "#details" } } }], "display": { "thirdperson_righthand": { "translation": [0, 2.3369, 0], "scale": [0.25, 0.25, 0.25] }, "thirdperson_lefthand": { "translation": [0, 2.3369, 0], "scale": [0.25, 0.25, 0.25] }, "firstperson_righthand": { "translation": [0, 5.076, 0], "scale": [0.5, 0.5, 0.5] }, "firstperson_lefthand": { "translation": [0, 5.076, 0], "scale": [0.5, 0.5, 0.5] }, "gui": { "rotation": [22, -30, 0], "translation": [0, 3.5, 0], "scale": [0.5, 0.5, 0.5] }, "head": { "translation": [0, -31.22, 0], "scale": [1.5, 1.5, 1.5] }, "ground": { "translation": [0, 2.6141, 0], "scale": [0.3, 0.3, 0.3] } } }