{ "credit": "Model by Elsweyr, forked by HypariaMC", "textures": { "particle": "hyparia:furniture/plum", "texture": "hyparia:furniture/plum" }, "elements": [{ "__comment": "Box1", "from": [6.5, 0, 6.5], "to": [9.5, 3, 9.5], "faces": { "down": { "uv": [10, 10, 16, 16], "texture": "#texture" }, "up": { "uv": [0, 10, 6, 16], "texture": "#texture" }, "north": { "uv": [10, 10, 16, 16], "texture": "#texture" }, "south": { "uv": [10, 10, 16, 16], "texture": "#texture" }, "west": { "uv": [10, 10, 16, 16], "texture": "#texture" }, "east": { "uv": [10, 10, 16, 16], "texture": "#texture" } } }, { "__comment": "Box1", "from": [6.25, -0.25, 6.25], "to": [9.75, 3.25, 9.75], "faces": { "down": { "uv": [10, 4, 16, 10], "texture": "#texture" }, "up": { "uv": [0, 4, 6, 10], "texture": "#texture" }, "north": { "uv": [10, 4, 16, 10], "texture": "#texture" }, "south": { "uv": [10, 4, 16, 10], "texture": "#texture" }, "west": { "uv": [10, 4, 16, 10], "texture": "#texture" }, "east": { "uv": [10, 4, 16, 10], "texture": "#texture" } } }], "display": { "thirdperson_righthand": { "translation": [0, 8.2418, 0] }, "thirdperson_lefthand": { "translation": [0, 8.2418, 0] }, "firstperson_righthand": { "translation": [0, 6.7826, 0] }, "firstperson_lefthand": { "translation": [0, 6.7826, 0] }, "gui": { "rotation": [26, -30, 0], "translation": [0, 5.7119, 0] }, "head": { "translation": [0, -29.7, 0], "scale": [1.65, 1.65, 1.65] }, "ground": { "translation": [0, 5, 0] } } }