{ "credit": "Model by Elsweyr, forked by HypariaMC", "textures": { "particle": "hyparia:furniture/potato", "texture": "hyparia:furniture/potato" }, "elements": [{ "__comment": "Potato", "from": [5.5, 0, 6.5], "to": [10.5, 3, 9.5], "faces": { "down": { "uv": [6, 10, 16, 16], "texture": "#texture" }, "up": { "uv": [6, 10, 16, 16], "texture": "#texture" }, "north": { "uv": [6, 10, 16, 16], "texture": "#texture" }, "south": { "uv": [6, 10, 16, 16], "texture": "#texture" }, "west": { "uv": [10, 4, 16, 10], "texture": "#texture" }, "east": { "uv": [10, 4, 16, 10], "texture": "#texture" } } }], "display": { "thirdperson_righthand": { "translation": [0, 6.451, 0] }, "thirdperson_lefthand": { "translation": [0, 6.451, 0] }, "firstperson_righthand": { "translation": [0, 6.663, 0] }, "firstperson_lefthand": { "translation": [0, 6.663, 0] }, "gui": { "rotation": [22, 16, 0], "translation": [0, 5.3451, 0] }, "head": { "translation": [0, -31.25, 0], "scale": [1.5, 1.5, 1.5] }, "ground": { "translation": [0, 5, 0] } } }