{ "credit": "Model by Elsweyr, forked by HypariaMC", "textures": { "texture": "hyparia:furniture/torch", "flame": "hyparia:furniture/flame_torch" }, "elements": [{ "__comment": "Shaft", "from": [1, -5.5, 7], "to": [3, 21.5, 9], "rotation": { "origin": [1, -5.5, 7], "axis": "z", "angle": -22.5 }, "faces": { "down": { "uv": [2, 14.5, 3, 15.5], "texture": "#texture" }, "up": { "uv": [2, 14.5, 3, 15.5], "texture": "#texture" }, "north": { "uv": [10.5, 2.5, 11.5, 16], "texture": "#texture" }, "south": { "uv": [10.5, 2.5, 11.5, 16], "texture": "#texture" }, "west": { "uv": [10.5, 2.5, 11.5, 16], "texture": "#texture" }, "east": { "uv": [10.5, 2.5, 11.5, 16], "texture": "#texture" } } }, { "__comment": "Head", "from": [0.5, 21.5, 6.5], "to": [3.5, 26.5, 9.5], "rotation": { "origin": [1, -5.5, 7], "axis": "z", "angle": -22.5 }, "faces": { "down": { "uv": [8.5, 0, 10, 1.5], "texture": "#texture" }, "up": { "uv": [8.5, 0, 10, 1.5], "texture": "#texture" }, "north": { "uv": [10, 0, 11.5, 2.5], "texture": "#texture" }, "south": { "uv": [10, 0, 11.5, 2.5], "texture": "#texture" }, "west": { "uv": [10, 0, 11.5, 2.5], "texture": "#texture" }, "east": { "uv": [10, 0, 11.5, 2.5], "texture": "#texture" } } }, { "__comment": "Shaft 2", "from": [7, -5.5, -4], "to": [9, 21.5, -2], "rotation": { "origin": [7, -5.5, -4], "axis": "x", "angle": 22.5 }, "faces": { "down": { "uv": [2, 14.5, 3, 15.5], "texture": "#texture" }, "up": { "uv": [2, 14.5, 3, 15.5], "texture": "#texture" }, "north": { "uv": [10.5, 2.5, 11.5, 16], "texture": "#texture" }, "south": { "uv": [10.5, 2.5, 11.5, 16], "texture": "#texture" }, "west": { "uv": [10.5, 2.5, 11.5, 16], "texture": "#texture" }, "east": { "uv": [10.5, 2.5, 11.5, 16], "texture": "#texture" } } }, { "__comment": "Head 2", "from": [6.5, 21.5, -4.5], "to": [9.5, 26.5, -1.5], "rotation": { "origin": [7, -5.5, -4], "axis": "x", "angle": 22.5 }, "faces": { "down": { "uv": [8.5, 0, 10, 1.5], "texture": "#texture" }, "up": { "uv": [8.5, 0, 10, 1.5], "texture": "#texture" }, "north": { "uv": [10, 0, 11.5, 2.5], "texture": "#texture" }, "south": { "uv": [10, 0, 11.5, 2.5], "texture": "#texture" }, "west": { "uv": [10, 0, 11.5, 2.5], "texture": "#texture" }, "east": { "uv": [10, 0, 11.5, 2.5], "texture": "#texture" } } }, { "__comment": "Shaft 3", "from": [13, -6, 5], "to": [15, 21, 7], "rotation": { "origin": [13, -6, 5], "axis": "z", "angle": 22.5 }, "faces": { "down": { "uv": [2, 14.5, 3, 15.5], "texture": "#texture" }, "up": { "uv": [2, 14.5, 3, 15.5], "texture": "#texture" }, "north": { "uv": [10.5, 2.5, 11.5, 16], "texture": "#texture" }, "south": { "uv": [10.5, 2.5, 11.5, 16], "texture": "#texture" }, "west": { "uv": [10.5, 2.5, 11.5, 16], "texture": "#texture" }, "east": { "uv": [10.5, 2.5, 11.5, 16], "texture": "#texture" } } }, { "__comment": "Head 3", "from": [12.5001, 21, 4.5], "to": [15.5001, 26, 7.5], "rotation": { "origin": [13, -6, 5], "axis": "z", "angle": 22.5 }, "faces": { "down": { "uv": [8.5, 0, 10, 1.5], "texture": "#texture" }, "up": { "uv": [8.5, 0, 10, 1.5], "texture": "#texture" }, "north": { "uv": [10, 0, 11.5, 2.5], "texture": "#texture" }, "south": { "uv": [10, 0, 11.5, 2.5], "texture": "#texture" }, "west": { "uv": [10, 0, 11.5, 2.5], "texture": "#texture" }, "east": { "uv": [10, 0, 11.5, 2.5], "texture": "#texture" } } }, { "__comment": "Flame 1", "from": [-2, 23.5, 8], "to": [6, 31.5, 8.001], "rotation": { "origin": [1, -5.5, 7], "axis": "z", "angle": -22.5 }, "faces": { "north": { "uv": [0, 0, 16, 16], "texture": "#flame" }, "south": { "uv": [16, 0, 0, 16], "texture": "#flame" } } }, { "__comment": "Flame 2", "from": [2, 23.5, 4], "to": [2.001, 31.5, 12], "rotation": { "origin": [1, -5.5, 7], "axis": "z", "angle": -22.5 }, "faces": { "west": { "uv": [0, 0, 16, 16], "texture": "#flame" }, "east": { "uv": [0, 0, 16, 16], "texture": "#flame" } } }, { "__comment": "Flame 1 2", "from": [4, 23.5, -2.9999], "to": [12, 31.5, -2.998899], "rotation": { "origin": [7, -5.5, -4], "axis": "x", "angle": 22.5 }, "faces": { "north": { "uv": [0, 0, 16, 16], "texture": "#flame" }, "south": { "uv": [16, 0, 0, 16], "texture": "#flame" } } }, { "__comment": "Flame 2 2", "from": [8, 23.5, -6.9999], "to": [8.001, 31.5, 1.0001], "rotation": { "origin": [7, -5.5, -4], "axis": "x", "angle": 22.5 }, "faces": { "west": { "uv": [0, 0, 16, 16], "texture": "#flame" }, "east": { "uv": [0, 0, 16, 16], "texture": "#flame" } } }, { "__comment": "Flame 1 3", "from": [10.0001, 23, 6], "to": [18.0001, 31, 6.001], "rotation": { "origin": [13, -6, 5], "axis": "z", "angle": 22.5 }, "faces": { "north": { "uv": [0, 0, 16, 16], "texture": "#flame" }, "south": { "uv": [16, 0, 0, 16], "texture": "#flame" } } }, { "__comment": "Flame 2 3", "from": [14.0001, 23, 2], "to": [14.0011, 31, 10], "rotation": { "origin": [13, -6, 5], "axis": "z", "angle": 22.5 }, "faces": { "west": { "uv": [0, 0, 16, 16], "texture": "#flame" }, "east": { "uv": [0, 0, 16, 16], "texture": "#flame" } } }], "display": { "firstperson_righthand": { "translation": [0, -3.513, 0] }, "firstperson_lefthand": { "translation": [0, -3.513, 0] }, "gui": { "rotation": [17, 1, 0], "translation": [0, -1.432, 0], "scale": [0.4, 0.4, 0.4] }, "head": { "translation": [0, -22.0, 0], "scale": [1.5, 1.5, 1.5] }, "ground": { "translation": [0, 3.5, 0], "scale": [0.25, 0.25, 0.25] } } }