{ "data": 124, "parent": "item/generated", "textures": { "layer0": "item/leather_horse_armor" }, "overrides": [{ "predicate": { "custom_model_data": 1 }, "model": "modelengine:candycauldron2/handle" }, { "predicate": { "custom_model_data": 2 }, "model": "modelengine:candycauldron2/cauldron" }, { "predicate": { "custom_model_data": 3 }, "model": "modelengine:frankenstein2/rightfoot" }, { "predicate": { "custom_model_data": 4 }, "model": "modelengine:frankenstein2/rightshin" }, { "predicate": { "custom_model_data": 5 }, "model": "modelengine:frankenstein2/rightleg" }, { "predicate": { "custom_model_data": 6 }, "model": "modelengine:frankenstein2/leftfoot" }, { "predicate": { "custom_model_data": 7 }, "model": "modelengine:frankenstein2/leftshin" }, { "predicate": { "custom_model_data": 8 }, "model": "modelengine:frankenstein2/leftleg" }, { "predicate": { "custom_model_data": 9 }, "model": "modelengine:frankenstein2/jaw" }, { "predicate": { "custom_model_data": 10 }, "model": "modelengine:frankenstein2/head" }, { "predicate": { "custom_model_data": 11 }, "model": "modelengine:frankenstein2/righthand" }, { "predicate": { "custom_model_data": 12 }, "model": "modelengine:frankenstein2/rightforearm" }, { "predicate": { "custom_model_data": 13 }, "model": "modelengine:frankenstein2/rightarm" }, { "predicate": { "custom_model_data": 14 }, "model": "modelengine:frankenstein2/lefthand3" }, { "predicate": { "custom_model_data": 15 }, "model": "modelengine:frankenstein2/leftforearm3" }, { "predicate": { "custom_model_data": 16 }, "model": "modelengine:frankenstein2/leftarm3" }, { "predicate": { "custom_model_data": 17 }, "model": "modelengine:frankenstein2/frankenstein" }, { "predicate": { "custom_model_data": 18 }, "model": "modelengine:frankenstein_parts/leftleg" }, { "predicate": { "custom_model_data": 19 }, "model": "modelengine:frankenstein_parts/rightarm" }, { "predicate": { "custom_model_data": 20 }, "model": "modelengine:frankenstein_parts/leftarm3" }, { "predicate": { "custom_model_data": 21 }, "model": "modelengine:haunted_armor/head" }, { "predicate": { "custom_model_data": 22 }, "model": "modelengine:haunted_armor/right_hand" }, { "predicate": { "custom_model_data": 23 }, "model": "modelengine:haunted_armor/right_arm" }, { "predicate": { "custom_model_data": 24 }, "model": "modelengine:haunted_armor/left_hand" }, { "predicate": { "custom_model_data": 25 }, "model": "modelengine:haunted_armor/left_arm" }, { "predicate": { "custom_model_data": 26 }, "model": "modelengine:haunted_armor/right_foot" }, { "predicate": { "custom_model_data": 27 }, "model": "modelengine:haunted_armor/right_leg" }, { "predicate": { "custom_model_data": 28 }, "model": "modelengine:haunted_armor/left_foot" }, { "predicate": { "custom_model_data": 29 }, "model": "modelengine:haunted_armor/left_leg" }, { "predicate": { "custom_model_data": 30 }, "model": "modelengine:haunted_armor/knight" }, { "predicate": { "custom_model_data": 31 }, "model": "modelengine:haunted_armor/base" }, { "predicate": { "custom_model_data": 32 }, "model": "modelengine:murder/crow1" }, { "predicate": { "custom_model_data": 33 }, "model": "modelengine:murder/crow3" }, { "predicate": { "custom_model_data": 34 }, "model": "modelengine:murder/crow4" }, { "predicate": { "custom_model_data": 35 }, "model": "modelengine:murder/crow2" }, { "predicate": { "custom_model_data": 36 }, "model": "modelengine:murder/crow5" }, { "predicate": { "custom_model_data": 37 }, "model": "modelengine:murder/crow6" }, { "predicate": { "custom_model_data": 38 }, "model": "modelengine:murder/crow7" }, { "predicate": { "custom_model_data": 39 }, "model": "modelengine:pumpkin_monster/right_leg" }, { "predicate": { "custom_model_data": 40 }, "model": "modelengine:pumpkin_monster/left_leg" }, { "predicate": { "custom_model_data": 41 }, "model": "modelengine:pumpkin_monster/jaw" }, { "predicate": { "custom_model_data": 42 }, "model": "modelengine:pumpkin_monster/vine14" }, { "predicate": { "custom_model_data": 43 }, "model": "modelengine:pumpkin_monster/vine13" }, { "predicate": { "custom_model_data": 44 }, "model": "modelengine:pumpkin_monster/vine12" }, { "predicate": { "custom_model_data": 45 }, "model": "modelengine:pumpkin_monster/vine11" }, { "predicate": { "custom_model_data": 46 }, "model": "modelengine:pumpkin_monster/vine10" }, { "predicate": { "custom_model_data": 47 }, "model": "modelengine:pumpkin_monster/vine9" }, { "predicate": { "custom_model_data": 48 }, "model": "modelengine:pumpkin_monster/vine8" }, { "predicate": { "custom_model_data": 49 }, "model": "modelengine:pumpkin_monster/vine15" }, { "predicate": { "custom_model_data": 50 }, "model": "modelengine:pumpkin_monster/vine7" }, { "predicate": { "custom_model_data": 51 }, "model": "modelengine:pumpkin_monster/vine6" }, { "predicate": { "custom_model_data": 52 }, "model": "modelengine:pumpkin_monster/vine5" }, { "predicate": { "custom_model_data": 53 }, "model": "modelengine:pumpkin_monster/vine4" }, { "predicate": { "custom_model_data": 54 }, "model": "modelengine:pumpkin_monster/vine3" }, { "predicate": { "custom_model_data": 55 }, "model": "modelengine:pumpkin_monster/vine2" }, { "predicate": { "custom_model_data": 56 }, "model": "modelengine:pumpkin_monster/head" }, { "predicate": { "custom_model_data": 57 }, "model": "modelengine:pumpkin_vine/vine15" }, { "predicate": { "custom_model_data": 58 }, "model": "modelengine:pumpkin_vine/vine7" }, { "predicate": { "custom_model_data": 59 }, "model": "modelengine:pumpkin_vine/vine6" }, { "predicate": { "custom_model_data": 60 }, "model": "modelengine:pumpkin_vine/vine5" }, { "predicate": { "custom_model_data": 61 }, "model": "modelengine:pumpkin_vine/vine4" }, { "predicate": { "custom_model_data": 62 }, "model": "modelengine:scarecrow/head" }, { "predicate": { "custom_model_data": 63 }, "model": "modelengine:scarecrow/crowhead" }, { "predicate": { "custom_model_data": 64 }, "model": "modelengine:scarecrow/crow" }, { "predicate": { "custom_model_data": 65 }, "model": "modelengine:scarecrow/right_hand" }, { "predicate": { "custom_model_data": 66 }, "model": "modelengine:scarecrow/right_forearm" }, { "predicate": { "custom_model_data": 67 }, "model": "modelengine:scarecrow/right_arm" }, { "predicate": { "custom_model_data": 68 }, "model": "modelengine:scarecrow/left_hand" }, { "predicate": { "custom_model_data": 69 }, "model": "modelengine:scarecrow/left_forearm" }, { "predicate": { "custom_model_data": 70 }, "model": "modelengine:scarecrow/left_arm" }, { "predicate": { "custom_model_data": 71 }, "model": "modelengine:scarecrow/right_foot" }, { "predicate": { "custom_model_data": 72 }, "model": "modelengine:scarecrow/right_shin" }, { "predicate": { "custom_model_data": 73 }, "model": "modelengine:scarecrow/right_leg" }, { "predicate": { "custom_model_data": 74 }, "model": "modelengine:scarecrow/left_foot" }, { "predicate": { "custom_model_data": 75 }, "model": "modelengine:scarecrow/left_shin" }, { "predicate": { "custom_model_data": 76 }, "model": "modelengine:scarecrow/left_leg" }, { "predicate": { "custom_model_data": 77 }, "model": "modelengine:scarecrow/torso" }, { "predicate": { "custom_model_data": 78 }, "model": "modelengine:scarecrow_glow/head" }, { "predicate": { "custom_model_data": 79 }, "model": "modelengine:scarecrow_glow/left_hand" }, { "predicate": { "custom_model_data": 80 }, "model": "modelengine:scarecrow_glow/left_forearm" }, { "predicate": { "custom_model_data": 81 }, "model": "modelengine:scarecrow_glow/left_arm" }, { "predicate": { "custom_model_data": 82 }, "model": "modelengine:spectre/head" }, { "predicate": { "custom_model_data": 83 }, "model": "modelengine:spectre/righthand" }, { "predicate": { "custom_model_data": 84 }, "model": "modelengine:spectre/rightarm" }, { "predicate": { "custom_model_data": 85 }, "model": "modelengine:spectre/lefthand" }, { "predicate": { "custom_model_data": 86 }, "model": "modelengine:spectre/leftarm" }, { "predicate": { "custom_model_data": 87 }, "model": "modelengine:spectre/rightfoot" }, { "predicate": { "custom_model_data": 88 }, "model": "modelengine:spectre/rightleg" }, { "predicate": { "custom_model_data": 89 }, "model": "modelengine:spectre/leftfoot" }, { "predicate": { "custom_model_data": 90 }, "model": "modelengine:spectre/leftleg" }, { "predicate": { "custom_model_data": 91 }, "model": "modelengine:spectre/body" }, { "predicate": { "custom_model_data": 92 }, "model": "modelengine:witch/hat" }, { "predicate": { "custom_model_data": 93 }, "model": "modelengine:witch/head" }, { "predicate": { "custom_model_data": 94 }, "model": "modelengine:witch/scarf3" }, { "predicate": { "custom_model_data": 95 }, "model": "modelengine:witch/scarf2" }, { "predicate": { "custom_model_data": 96 }, "model": "modelengine:witch/scarf" }, { "predicate": { "custom_model_data": 97 }, "model": "modelengine:witch/left_hand" }, { "predicate": { "custom_model_data": 98 }, "model": "modelengine:witch/left_forearm" }, { "predicate": { "custom_model_data": 99 }, "model": "modelengine:witch/left_arm" }, { "predicate": { "custom_model_data": 100 }, "model": "modelengine:witch/right_hand" }, { "predicate": { "custom_model_data": 101 }, "model": "modelengine:witch/right_forearm" }, { "predicate": { "custom_model_data": 102 }, "model": "modelengine:witch/right_arm" }, { "predicate": { "custom_model_data": 103 }, "model": "modelengine:witch/left_foot" }, { "predicate": { "custom_model_data": 104 }, "model": "modelengine:witch/left_leg" }, { "predicate": { "custom_model_data": 105 }, "model": "modelengine:witch/right_foot" }, { "predicate": { "custom_model_data": 106 }, "model": "modelengine:witch/right_leg" }, { "predicate": { "custom_model_data": 107 }, "model": "modelengine:witch/torso" }, { "predicate": { "custom_model_data": 108 }, "model": "modelengine:witch/broom" }, { "predicate": { "custom_model_data": 109 }, "model": "modelengine:witch_falling/hat" }, { "predicate": { "custom_model_data": 110 }, "model": "modelengine:witch_falling/head" }, { "predicate": { "custom_model_data": 111 }, "model": "modelengine:witch_falling/scarf3" }, { "predicate": { "custom_model_data": 112 }, "model": "modelengine:witch_falling/scarf2" }, { "predicate": { "custom_model_data": 113 }, "model": "modelengine:witch_falling/scarf" }, { "predicate": { "custom_model_data": 114 }, "model": "modelengine:witch_falling/left_hand" }, { "predicate": { "custom_model_data": 115 }, "model": "modelengine:witch_falling/left_forearm" }, { "predicate": { "custom_model_data": 116 }, "model": "modelengine:witch_falling/left_arm" }, { "predicate": { "custom_model_data": 117 }, "model": "modelengine:witch_falling/right_hand" }, { "predicate": { "custom_model_data": 118 }, "model": "modelengine:witch_falling/right_forearm" }, { "predicate": { "custom_model_data": 119 }, "model": "modelengine:witch_falling/right_arm" }, { "predicate": { "custom_model_data": 120 }, "model": "modelengine:witch_falling/left_foot" }, { "predicate": { "custom_model_data": 121 }, "model": "modelengine:witch_falling/left_leg" }, { "predicate": { "custom_model_data": 122 }, "model": "modelengine:witch_falling/right_foot" }, { "predicate": { "custom_model_data": 123 }, "model": "modelengine:witch_falling/right_leg" }, { "predicate": { "custom_model_data": 124 }, "model": "modelengine:witch_falling/torso" }] }