{ "variants": { "east=false,north=false,south=false,up=false,west=false": { "model": "hyparia:block/vines/0" }, "east=false,north=false,south=false,up=false,west=true": { "model": "hyparia:block/vines/0", "y": 90 }, "east=false,north=false,south=false,up=true,west=false": { "model": "hyparia:block/vines/up" }, "east=false,north=false,south=false,up=true,west=true": { "model": "hyparia:block/vines/0_up", "y": 90 }, "east=false,north=false,south=true,up=false,west=false": { "model": "hyparia:block/vines/0" }, "east=false,north=false,south=true,up=false,west=true": { "model": "hyparia:block/vines/1", "y": 180 }, "east=false,north=false,south=true,up=true,west=false": { "model": "hyparia:block/vines/0_up" }, "east=false,north=false,south=true,up=true,west=true": { "model": "hyparia:block/vines/1_up", "y": 180 }, "east=false,north=true,south=false,up=false,west=false": { "model": "hyparia:block/vines/0", "y": 180 }, "east=false,north=true,south=false,up=false,west=true": { "model": "hyparia:block/vines/1", "y": 270 }, "east=false,north=true,south=false,up=true,west=false": { "model": "hyparia:block/vines/0_up", "y": 180 }, "east=false,north=true,south=false,up=true,west=true": { "model": "hyparia:block/vines/1_up", "y": 270 }, "east=false,north=true,south=true,up=false,west=false": { "model": "hyparia:block/vines/1_opposite", "y": 90 }, "east=false,north=true,south=true,up=false,west=true": { "model": "hyparia:block/vines/2", "y": 180 }, "east=false,north=true,south=true,up=true,west=false": { "model": "hyparia:block/vines/1_up_opposite", "y": 90 }, "east=false,north=true,south=true,up=true,west=true": { "model": "hyparia:block/vines/2_up", "y": 180 }, "east=true,north=false,south=false,up=false,west=false": { "model": "hyparia:block/vines/0", "y": 270 }, "east=true,north=false,south=false,up=false,west=true": { "model": "hyparia:block/vines/1_opposite" }, "east=true,north=false,south=false,up=true,west=false": { "model": "hyparia:block/vines/0_up", "y": 270 }, "east=true,north=false,south=false,up=true,west=true": { "model": "hyparia:block/vines/1_up_opposite" }, "east=true,north=false,south=true,up=false,west=false": { "model": "hyparia:block/vines/1", "y": 90 }, "east=true,north=false,south=true,up=false,west=true": { "model": "hyparia:block/vines/2", "y": 90 }, "east=true,north=false,south=true,up=true,west=false": { "model": "hyparia:block/vines/1_up", "y": 90 }, "east=true,north=false,south=true,up=true,west=true": { "model": "hyparia:block/vines/2_up", "y": 90 }, "east=true,north=true,south=false,up=false,west=false": { "model": "hyparia:block/vines/1" }, "east=true,north=true,south=false,up=false,west=true": { "model": "hyparia:block/vines/2", "y": 270 }, "east=true,north=true,south=false,up=true,west=false": { "model": "hyparia:block/vines/1_up" }, "east=true,north=true,south=false,up=true,west=true": { "model": "hyparia:block/vines/2_up", "y": 270 }, "east=true,north=true,south=true,up=false,west=false": { "model": "hyparia:block/vines/2" }, "east=true,north=true,south=true,up=false,west=true": { "model": "hyparia:block/vines/3" }, "east=true,north=true,south=true,up=true,west=false": { "model": "hyparia:block/vines/2_up" }, "east=true,north=true,south=true,up=true,west=true": { "model": "hyparia:block/vines/3_up" } } }