{ "gui_light": "front", "textures": { "card": "hyparia/guis/ui/cards/card_active", "item": "hyparia/guis/options/time/day_level3" }, "elements": [{ "from": [0, 0, 0], "to": [16, 16, 0], "shade": false, "faces": { "south": { "uv": [0, 0, 16, 16], "texture": "#card" } } }, { "from": [2.18, 2.18, 0], "to": [13.82, 13.82, 0], "shade": false, "faces": { "south": { "uv": [0, 0, 16, 16], "texture": "#item" } } }], "display": { "gui": { "rotation": [0, 0, 0], "translation": [0, 0, 0], "scale": [1, 1, 1] } } }