{ "parent": "item/handheld", "textures": { "layer0": "item/barrier" }, "overrides": [{ "predicate": { "custom_model_data": 1 }, "model": "hyparia:gui/ui/containers/container_announce_left" }, { "predicate": { "custom_model_data": 2 }, "model": "hyparia:gui/ui/containers/container_announce_right" }, { "predicate": { "custom_model_data": 100 }, "model": "hyparia:gui/ui/cards/empty_slot" }, { "predicate": { "custom_model_data": 101 }, "model": "hyparia:gui/ui/arrows/arrow_previous" }, { "predicate": { "custom_model_data": 102 }, "model": "hyparia:gui/ui/arrows/arrow_previous_lock" }, { "predicate": { "custom_model_data": 103 }, "model": "hyparia:gui/ui/arrows/arrow_previous_10" }, { "predicate": { "custom_model_data": 104 }, "model": "hyparia:gui/ui/arrows/arrow_previous_10_lock" }, { "predicate": { "custom_model_data": 105 }, "model": "hyparia:gui/ui/arrows/arrow_next" }, { "predicate": { "custom_model_data": 106 }, "model": "hyparia:gui/ui/arrows/arrow_next_lock" }, { "predicate": { "custom_model_data": 107 }, "model": "hyparia:gui/ui/arrows/arrow_next_10" }, { "predicate": { "custom_model_data": 108 }, "model": "hyparia:gui/ui/arrows/arrow_next_10_lock" }, { "predicate": { "custom_model_data": 109 }, "model": "hyparia:gui/ui/arrows/arrow_back" }, { "predicate": { "custom_model_data": 110 }, "model": "hyparia:gui/ui/arrows/arrow_back_lock" }, { "predicate": { "custom_model_data": 200 }, "model": "hyparia:gui/ui/ranks/rank_visitor" }, { "predicate": { "custom_model_data": 201 }, "model": "hyparia:gui/ui/ranks/rank_coop" }, { "predicate": { "custom_model_data": 202 }, "model": "hyparia:gui/ui/ranks/rank_member" }, { "predicate": { "custom_model_data": 203 }, "model": "hyparia:gui/ui/ranks/rank_officer" }, { "predicate": { "custom_model_data": 204 }, "model": "hyparia:gui/ui/ranks/rank_major" }, { "predicate": { "custom_model_data": 205 }, "model": "hyparia:gui/ui/ranks/rank_leader" }, { "predicate": { "custom_model_data": 210 }, "model": "hyparia:gui/ui/ranks/rank_visitor_gray" }, { "predicate": { "custom_model_data": 211 }, "model": "hyparia:gui/ui/ranks/rank_coop_gray" }, { "predicate": { "custom_model_data": 212 }, "model": "hyparia:gui/ui/ranks/rank_member_gray" }, { "predicate": { "custom_model_data": 213 }, "model": "hyparia:gui/ui/ranks/rank_officer_gray" }, { "predicate": { "custom_model_data": 214 }, "model": "hyparia:gui/ui/ranks/rank_major_gray" }, { "predicate": { "custom_model_data": 215 }, "model": "hyparia:gui/ui/ranks/rank_leader_gray" }, { "predicate": { "custom_model_data": 220 }, "model": "hyparia:gui/ui/ranks/rank_visitor_active" }, { "predicate": { "custom_model_data": 221 }, "model": "hyparia:gui/ui/ranks/rank_coop_active" }, { "predicate": { "custom_model_data": 222 }, "model": "hyparia:gui/ui/ranks/rank_member_active" }, { "predicate": { "custom_model_data": 223 }, "model": "hyparia:gui/ui/ranks/rank_officer_active" }, { "predicate": { "custom_model_data": 224 }, "model": "hyparia:gui/ui/ranks/rank_major_active" }, { "predicate": { "custom_model_data": 225 }, "model": "hyparia:gui/ui/ranks/rank_leader_active" }, { "predicate": { "custom_model_data": 230 }, "model": "hyparia:gui/ui/ranks/rank_visitor_inactive" }, { "predicate": { "custom_model_data": 231 }, "model": "hyparia:gui/ui/ranks/rank_coop_inactive" }, { "predicate": { "custom_model_data": 232 }, "model": "hyparia:gui/ui/ranks/rank_member_inactive" }, { "predicate": { "custom_model_data": 233 }, "model": "hyparia:gui/ui/ranks/rank_officer_inactive" }, { "predicate": { "custom_model_data": 234 }, "model": "hyparia:gui/ui/ranks/rank_major_inactive" }, { "predicate": { "custom_model_data": 235 }, "model": "hyparia:gui/ui/ranks/rank_leader_inactive" }, { "predicate": { "custom_model_data": 240 }, "model": "hyparia:gui/ui/ranks/rank_visitor_lock" }, { "predicate": { "custom_model_data": 241 }, "model": "hyparia:gui/ui/ranks/rank_coop_lock" }, { "predicate": { "custom_model_data": 242 }, "model": "hyparia:gui/ui/ranks/rank_member_lock" }, { "predicate": { "custom_model_data": 243 }, "model": "hyparia:gui/ui/ranks/rank_officer_lock" }, { "predicate": { "custom_model_data": 244 }, "model": "hyparia:gui/ui/ranks/rank_major_lock" }, { "predicate": { "custom_model_data": 245 }, "model": "hyparia:gui/ui/ranks/rank_leader_lock" }, { "predicate": { "custom_model_data": 300 }, "model": "hyparia:gui/ui/langs/lang_fr_active" }, { "predicate": { "custom_model_data": 301 }, "model": "hyparia:gui/ui/langs/lang_en_active" }, { "predicate": { "custom_model_data": 310 }, "model": "hyparia:gui/ui/langs/lang_fr_inactive" }, { "predicate": { "custom_model_data": 311 }, "model": "hyparia:gui/ui/langs/lang_en_inactive" }, { "predicate": { "custom_model_data": 400 }, "model": "hyparia:gui/ui/games/game_creative" }, { "predicate": { "custom_model_data": 401 }, "model": "hyparia:gui/ui/games/game_skyblock" }, { "predicate": { "custom_model_data": 500 }, "model": "hyparia:gui/gamemodes/adventure_active" }, { "predicate": { "custom_model_data": 501 }, "model": "hyparia:gui/gamemodes/survival_active" }, { "predicate": { "custom_model_data": 502 }, "model": "hyparia:gui/gamemodes/creative_active" }, { "predicate": { "custom_model_data": 510 }, "model": "hyparia:gui/gamemodes/adventure_inactive" }, { "predicate": { "custom_model_data": 511 }, "model": "hyparia:gui/gamemodes/survival_inactive" }, { "predicate": { "custom_model_data": 512 }, "model": "hyparia:gui/gamemodes/creative_inactive" }, { "predicate": { "custom_model_data": 520 }, "model": "hyparia:gui/gamemodes/adventure_lock" }, { "predicate": { "custom_model_data": 521 }, "model": "hyparia:gui/gamemodes/survival_lock" }, { "predicate": { "custom_model_data": 522 }, "model": "hyparia:gui/gamemodes/creative_lock" }, { "predicate": { "custom_model_data": 610 }, "model": "hyparia:gui/events/buildthespawn_inactive" }, { "predicate": { "custom_model_data": 611 }, "model": "hyparia:gui/events/buildbattle_inactive" }, { "predicate": { "custom_model_data": 612 }, "model": "hyparia:gui/events/parkour_inactive" }, { "predicate": { "custom_model_data": 1000 }, "model": "hyparia:gui/biomes/plains_active" }, { "predicate": { "custom_model_data": 1001 }, "model": "hyparia:gui/biomes/badlands_active" }, { "predicate": { "custom_model_data": 1002 }, "model": "hyparia:gui/biomes/cold_ocean_active" }, { "predicate": { "custom_model_data": 1003 }, "model": "hyparia:gui/biomes/dark_forest_active" }, { "predicate": { "custom_model_data": 1004 }, "model": "hyparia:gui/biomes/desert_active" }, { "predicate": { "custom_model_data": 1005 }, "model": "hyparia:gui/biomes/end_active" }, { "predicate": { "custom_model_data": 1006 }, "model": "hyparia:gui/biomes/flower_forest_active" }, { "predicate": { "custom_model_data": 1007 }, "model": "hyparia:gui/biomes/jungle_active" }, { "predicate": { "custom_model_data": 1008 }, "model": "hyparia:gui/biomes/lukewarm_ocean_active" }, { "predicate": { "custom_model_data": 1009 }, "model": "hyparia:gui/biomes/ocean_active" }, { "predicate": { "custom_model_data": 1010 }, "model": "hyparia:gui/biomes/snowny_taiga_active" }, { "predicate": { "custom_model_data": 1011 }, "model": "hyparia:gui/biomes/swamp_active" }, { "predicate": { "custom_model_data": 1012 }, "model": "hyparia:gui/biomes/taiga_active" }, { "predicate": { "custom_model_data": 1013 }, "model": "hyparia:gui/biomes/warm_ocean_active" }, { "predicate": { "custom_model_data": 1014 }, "model": "hyparia:gui/biomes/nether_wastes_active" }, { "predicate": { "custom_model_data": 1015 }, "model": "hyparia:gui/biomes/soul_sand_valley_active" }, { "predicate": { "custom_model_data": 1016 }, "model": "hyparia:gui/biomes/crimson_forest_active" }, { "predicate": { "custom_model_data": 1017 }, "model": "hyparia:gui/biomes/warped_forest_active" }, { "predicate": { "custom_model_data": 1018 }, "model": "hyparia:gui/biomes/basalt_deltas_active" }, { "predicate": { "custom_model_data": 1100 }, "model": "hyparia:gui/biomes/plains_inactive" }, { "predicate": { "custom_model_data": 1101 }, "model": "hyparia:gui/biomes/badlands_inactive" }, { "predicate": { "custom_model_data": 1102 }, "model": "hyparia:gui/biomes/cold_ocean_inactive" }, { "predicate": { "custom_model_data": 1103 }, "model": "hyparia:gui/biomes/dark_forest_inactive" }, { "predicate": { "custom_model_data": 1104 }, "model": "hyparia:gui/biomes/desert_inactive" }, { "predicate": { "custom_model_data": 1105 }, "model": "hyparia:gui/biomes/end_inactive" }, { "predicate": { "custom_model_data": 1106 }, "model": "hyparia:gui/biomes/flower_forest_inactive" }, { "predicate": { "custom_model_data": 1107 }, "model": "hyparia:gui/biomes/jungle_inactive" }, { "predicate": { "custom_model_data": 1108 }, "model": "hyparia:gui/biomes/lukewarm_ocean_inactive" }, { "predicate": { "custom_model_data": 1109 }, "model": "hyparia:gui/biomes/ocean_inactive" }, { "predicate": { "custom_model_data": 1110 }, "model": "hyparia:gui/biomes/snowny_taiga_inactive" }, { "predicate": { "custom_model_data": 1111 }, "model": "hyparia:gui/biomes/swamp_inactive" }, { "predicate": { "custom_model_data": 1112 }, "model": "hyparia:gui/biomes/taiga_inactive" }, { "predicate": { "custom_model_data": 1113 }, "model": "hyparia:gui/biomes/warm_ocean_inactive" }, { "predicate": { "custom_model_data": 1114 }, "model": "hyparia:gui/biomes/nether_wastes_inactive" }, { "predicate": { "custom_model_data": 1115 }, "model": "hyparia:gui/biomes/soul_sand_valley_inactive" }, { "predicate": { "custom_model_data": 1116 }, "model": "hyparia:gui/biomes/crimson_forest_inactive" }, { "predicate": { "custom_model_data": 1117 }, "model": "hyparia:gui/biomes/warped_forest_inactive" }, { "predicate": { "custom_model_data": 1118 }, "model": "hyparia:gui/biomes/basalt_deltas_inactive" }, { "predicate": { "custom_model_data": 1200 }, "model": "hyparia:gui/biomes/plains_lock" }, { "predicate": { "custom_model_data": 1201 }, "model": "hyparia:gui/biomes/badlands_lock" }, { "predicate": { "custom_model_data": 1202 }, "model": "hyparia:gui/biomes/cold_ocean_lock" }, { "predicate": { "custom_model_data": 1203 }, "model": "hyparia:gui/biomes/dark_forest_lock" }, { "predicate": { "custom_model_data": 1204 }, "model": "hyparia:gui/biomes/desert_lock" }, { "predicate": { "custom_model_data": 1205 }, "model": "hyparia:gui/biomes/end_lock" }, { "predicate": { "custom_model_data": 1206 }, "model": "hyparia:gui/biomes/flower_forest_lock" }, { "predicate": { "custom_model_data": 1207 }, "model": "hyparia:gui/biomes/jungle_lock" }, { "predicate": { "custom_model_data": 1208 }, "model": "hyparia:gui/biomes/lukewarm_ocean_lock" }, { "predicate": { "custom_model_data": 1209 }, "model": "hyparia:gui/biomes/ocean_lock" }, { "predicate": { "custom_model_data": 1210 }, "model": "hyparia:gui/biomes/snowny_taiga_lock" }, { "predicate": { "custom_model_data": 1211 }, "model": "hyparia:gui/biomes/swamp_lock" }, { "predicate": { "custom_model_data": 1212 }, "model": "hyparia:gui/biomes/taiga_lock" }, { "predicate": { "custom_model_data": 1213 }, "model": "hyparia:gui/biomes/warm_ocean_lock" }, { "predicate": { "custom_model_data": 1214 }, "model": "hyparia:gui/biomes/nether_wastes_lock" }, { "predicate": { "custom_model_data": 1215 }, "model": "hyparia:gui/biomes/soul_sand_valley_lock" }, { "predicate": { "custom_model_data": 1216 }, "model": "hyparia:gui/biomes/crimson_forest_lock" }, { "predicate": { "custom_model_data": 1217 }, "model": "hyparia:gui/biomes/warped_forest_lock" }, { "predicate": { "custom_model_data": 1218 }, "model": "hyparia:gui/biomes/basalt_deltas_lock" }, { "predicate": { "custom_model_data": 2000 }, "model": "hyparia:gui/settings/gamemode_command_active" }, { "predicate": { "custom_model_data": 2001 }, "model": "hyparia:gui/settings/break_blocks_active" }, { "predicate": { "custom_model_data": 2002 }, "model": "hyparia:gui/settings/break_common_blocks_active" }, { "predicate": { "custom_model_data": 2003 }, "model": "hyparia:gui/settings/break_rare_blocks_active" }, { "predicate": { "custom_model_data": 2004 }, "model": "hyparia:gui/settings/break_very_rare_blocks_active" }, { "predicate": { "custom_model_data": 2005 }, "model": "hyparia:gui/settings/trade_villagers_active" }, { "predicate": { "custom_model_data": 2006 }, "model": "hyparia:gui/settings/heal_command_active" }, { "predicate": { "custom_model_data": 2013 }, "model": "hyparia:gui/settings/coop_players_active" }, { "predicate": { "custom_model_data": 2014 }, "model": "hyparia:gui/settings/invite_players_active" }, { "predicate": { "custom_model_data": 2015 }, "model": "hyparia:gui/settings/switch_use_active" }, { "predicate": { "custom_model_data": 2016 }, "model": "hyparia:gui/settings/plate_use_active" }, { "predicate": { "custom_model_data": 2022 }, "model": "hyparia:gui/settings/fly_access_active" }, { "predicate": { "custom_model_data": 2023 }, "model": "hyparia:gui/settings/pickup_items_active" }, { "predicate": { "custom_model_data": 2024 }, "model": "hyparia:gui/settings/throw_items_active" }, { "predicate": { "custom_model_data": 2025 }, "model": "hyparia:gui/settings/pvp_access_active" }, { "predicate": { "custom_model_data": 2026 }, "model": "hyparia:gui/settings/world_edit_access_active" }, { "predicate": { "custom_model_data": 2028 }, "model": "hyparia:gui/settings/speed_command_active" }, { "predicate": { "custom_model_data": 2100 }, "model": "hyparia:gui/settings/gamemode_command_inactive" }, { "predicate": { "custom_model_data": 2101 }, "model": "hyparia:gui/settings/break_blocks_inactive" }, { "predicate": { "custom_model_data": 2102 }, "model": "hyparia:gui/settings/break_common_blocks_inactive" }, { "predicate": { "custom_model_data": 2103 }, "model": "hyparia:gui/settings/break_rare_blocks_inactive" }, { "predicate": { "custom_model_data": 2104 }, "model": "hyparia:gui/settings/break_very_rare_blocks_inactive" }, { "predicate": { "custom_model_data": 2105 }, "model": "hyparia:gui/settings/trade_villagers_inactive" }, { "predicate": { "custom_model_data": 2106 }, "model": "hyparia:gui/settings/heal_command_inactive" }, { "predicate": { "custom_model_data": 2113 }, "model": "hyparia:gui/settings/coop_players_inactive" }, { "predicate": { "custom_model_data": 2114 }, "model": "hyparia:gui/settings/invite_players_inactive" }, { "predicate": { "custom_model_data": 2115 }, "model": "hyparia:gui/settings/switch_use_inactive" }, { "predicate": { "custom_model_data": 2116 }, "model": "hyparia:gui/settings/plate_use_inactive" }, { "predicate": { "custom_model_data": 2122 }, "model": "hyparia:gui/settings/fly_access_inactive" }, { "predicate": { "custom_model_data": 2123 }, "model": "hyparia:gui/settings/pickup_items_inactive" }, { "predicate": { "custom_model_data": 2124 }, "model": "hyparia:gui/settings/throw_items_inactive" }, { "predicate": { "custom_model_data": 2125 }, "model": "hyparia:gui/settings/pvp_access_inactive" }, { "predicate": { "custom_model_data": 2126 }, "model": "hyparia:gui/settings/world_edit_access_inactive" }, { "predicate": { "custom_model_data": 2128 }, "model": "hyparia:gui/settings/speed_command_inactive" }, { "predicate": { "custom_model_data": 2200 }, "model": "hyparia:gui/settings/gamemode_command_lock" }, { "predicate": { "custom_model_data": 2201 }, "model": "hyparia:gui/settings/break_blocks_lock" }, { "predicate": { "custom_model_data": 2202 }, "model": "hyparia:gui/settings/break_common_blocks_lock" }, { "predicate": { "custom_model_data": 2203 }, "model": "hyparia:gui/settings/break_rare_blocks_lock" }, { "predicate": { "custom_model_data": 2204 }, "model": "hyparia:gui/settings/break_very_rare_blocks_lock" }, { "predicate": { "custom_model_data": 2205 }, "model": "hyparia:gui/settings/trade_villagers_lock" }, { "predicate": { "custom_model_data": 2206 }, "model": "hyparia:gui/settings/heal_command_lock" }, { "predicate": { "custom_model_data": 2213 }, "model": "hyparia:gui/settings/coop_players_lock" }, { "predicate": { "custom_model_data": 2214 }, "model": "hyparia:gui/settings/invite_players_lock" }, { "predicate": { "custom_model_data": 2215 }, "model": "hyparia:gui/settings/switch_use_lock" }, { "predicate": { "custom_model_data": 2216 }, "model": "hyparia:gui/settings/plate_use_lock" }, { "predicate": { "custom_model_data": 2222 }, "model": "hyparia:gui/settings/fly_access_lock" }, { "predicate": { "custom_model_data": 2223 }, "model": "hyparia:gui/settings/pickup_items_lock" }, { "predicate": { "custom_model_data": 2224 }, "model": "hyparia:gui/settings/throw_items_lock" }, { "predicate": { "custom_model_data": 2225 }, "model": "hyparia:gui/settings/pvp_access_lock" }, { "predicate": { "custom_model_data": 2226 }, "model": "hyparia:gui/settings/world_edit_access_lock" }, { "predicate": { "custom_model_data": 2228 }, "model": "hyparia:gui/settings/speed_command_lock" }, { "predicate": { "custom_model_data": 3000 }, "model": "hyparia:gui/presets/flat" }, { "predicate": { "custom_model_data": 3001 }, "model": "hyparia:gui/presets/arid_mountains" }, { "predicate": { "custom_model_data": 3002 }, "model": "hyparia:gui/presets/desert" }, { "predicate": { "custom_model_data": 3003 }, "model": "hyparia:gui/presets/floating_island" }, { "predicate": { "custom_model_data": 3004 }, "model": "hyparia:gui/presets/pine_forest" }, { "predicate": { "custom_model_data": 3005 }, "model": "hyparia:gui/presets/rocky_mountains" }, { "predicate": { "custom_model_data": 3006 }, "model": "hyparia:gui/presets/snowy_landscape" }, { "predicate": { "custom_model_data": 3007 }, "model": "hyparia:gui/presets/valley_river" }, { "predicate": { "custom_model_data": 3008 }, "model": "hyparia:gui/presets/warm_ocean" }, { "predicate": { "custom_model_data": 3009 }, "model": "hyparia:gui/presets/bay" }, { "predicate": { "custom_model_data": 3010 }, "model": "hyparia:gui/presets/open_landscape" }, { "predicate": { "custom_model_data": 3011 }, "model": "hyparia:gui/presets/void" }, { "predicate": { "custom_model_data": 4001 }, "model": "hyparia:gui/tags/pvp_active" }, { "predicate": { "custom_model_data": 4002 }, "model": "hyparia:gui/tags/parkour_active" }, { "predicate": { "custom_model_data": 4003 }, "model": "hyparia:gui/tags/game_active" }, { "predicate": { "custom_model_data": 4004 }, "model": "hyparia:gui/tags/event_active" }, { "predicate": { "custom_model_data": 4008 }, "model": "hyparia:gui/tags/classic_active" }, { "predicate": { "custom_model_data": 4009 }, "model": "hyparia:gui/tags/steampunk_active" }, { "predicate": { "custom_model_data": 4010 }, "model": "hyparia:gui/tags/medieval_active" }, { "predicate": { "custom_model_data": 4011 }, "model": "hyparia:gui/tags/fantasy_active" }, { "predicate": { "custom_model_data": 4012 }, "model": "hyparia:gui/tags/modern_active" }, { "predicate": { "custom_model_data": 4013 }, "model": "hyparia:gui/tags/futuristic_active" }, { "predicate": { "custom_model_data": 4014 }, "model": "hyparia:gui/tags/science_fiction_active" }, { "predicate": { "custom_model_data": 4015 }, "model": "hyparia:gui/tags/apocalyptic_active" }, { "predicate": { "custom_model_data": 4016 }, "model": "hyparia:gui/tags/nordic_active" }, { "predicate": { "custom_model_data": 4017 }, "model": "hyparia:gui/tags/oriental_active" }, { "predicate": { "custom_model_data": 4018 }, "model": "hyparia:gui/tags/asiatic_active" }, { "predicate": { "custom_model_data": 4019 }, "model": "hyparia:gui/tags/roman_active" }, { "predicate": { "custom_model_data": 4020 }, "model": "hyparia:gui/tags/egyptian_active" }, { "predicate": { "custom_model_data": 4101 }, "model": "hyparia:gui/tags/pvp_inactive" }, { "predicate": { "custom_model_data": 4102 }, "model": "hyparia:gui/tags/parkour_inactive" }, { "predicate": { "custom_model_data": 4103 }, "model": "hyparia:gui/tags/game_inactive" }, { "predicate": { "custom_model_data": 4104 }, "model": "hyparia:gui/tags/event_inactive" }, { "predicate": { "custom_model_data": 4108 }, "model": "hyparia:gui/tags/classic_inactive" }, { "predicate": { "custom_model_data": 4109 }, "model": "hyparia:gui/tags/steampunk_inactive" }, { "predicate": { "custom_model_data": 4110 }, "model": "hyparia:gui/tags/medieval_inactive" }, { "predicate": { "custom_model_data": 4111 }, "model": "hyparia:gui/tags/fantasy_inactive" }, { "predicate": { "custom_model_data": 4112 }, "model": "hyparia:gui/tags/modern_inactive" }, { "predicate": { "custom_model_data": 4113 }, "model": "hyparia:gui/tags/futuristic_inactive" }, { "predicate": { "custom_model_data": 4114 }, "model": "hyparia:gui/tags/science_fiction_inactive" }, { "predicate": { "custom_model_data": 4115 }, "model": "hyparia:gui/tags/apocalyptic_inactive" }, { "predicate": { "custom_model_data": 4116 }, "model": "hyparia:gui/tags/nordic_inactive" }, { "predicate": { "custom_model_data": 4117 }, "model": "hyparia:gui/tags/oriental_inactive" }, { "predicate": { "custom_model_data": 4118 }, "model": "hyparia:gui/tags/asiatic_inactive" }, { "predicate": { "custom_model_data": 4119 }, "model": "hyparia:gui/tags/roman_inactive" }, { "predicate": { "custom_model_data": 4120 }, "model": "hyparia:gui/tags/egyptian_inactive" }, { "predicate": { "custom_model_data": 5000 }, "model": "hyparia:gui/options/time/sunset_active" }, { "predicate": { "custom_model_data": 5001 }, "model": "hyparia:gui/options/time/day_level1_active" }, { "predicate": { "custom_model_data": 5002 }, "model": "hyparia:gui/options/time/day_level2_active" }, { "predicate": { "custom_model_data": 5003 }, "model": "hyparia:gui/options/time/day_level3_active" }, { "predicate": { "custom_model_data": 5004 }, "model": "hyparia:gui/options/time/day_level4_active" }, { "predicate": { "custom_model_data": 5005 }, "model": "hyparia:gui/options/time/day_level5_active" }, { "predicate": { "custom_model_data": 5006 }, "model": "hyparia:gui/options/time/day_level6_active" }, { "predicate": { "custom_model_data": 5007 }, "model": "hyparia:gui/options/time/sundowner_active" }, { "predicate": { "custom_model_data": 5008 }, "model": "hyparia:gui/options/time/night_level1_active" }, { "predicate": { "custom_model_data": 5009 }, "model": "hyparia:gui/options/time/night_level2_active" }, { "predicate": { "custom_model_data": 5010 }, "model": "hyparia:gui/options/time/night_level3_active" }, { "predicate": { "custom_model_data": 5011 }, "model": "hyparia:gui/options/time/night_level4_active" }, { "predicate": { "custom_model_data": 5012 }, "model": "hyparia:gui/options/time/night_level5_active" }, { "predicate": { "custom_model_data": 5013 }, "model": "hyparia:gui/options/weather/sun_active" }, { "predicate": { "custom_model_data": 5014 }, "model": "hyparia:gui/options/weather/rain_active" }, { "predicate": { "custom_model_data": 5015 }, "model": "hyparia:gui/options/mobs/on_active" }, { "predicate": { "custom_model_data": 5016 }, "model": "hyparia:gui/options/ticks/on_active" }, { "predicate": { "custom_model_data": 5017 }, "model": "hyparia:gui/options/grief/on_active" }, { "predicate": { "custom_model_data": 5100 }, "model": "hyparia:gui/options/time/sunset_inactive" }, { "predicate": { "custom_model_data": 5101 }, "model": "hyparia:gui/options/time/day_level1_inactive" }, { "predicate": { "custom_model_data": 5102 }, "model": "hyparia:gui/options/time/day_level2_inactive" }, { "predicate": { "custom_model_data": 5103 }, "model": "hyparia:gui/options/time/day_level3_inactive" }, { "predicate": { "custom_model_data": 5104 }, "model": "hyparia:gui/options/time/day_level4_inactive" }, { "predicate": { "custom_model_data": 5105 }, "model": "hyparia:gui/options/time/day_level5_inactive" }, { "predicate": { "custom_model_data": 5106 }, "model": "hyparia:gui/options/time/day_level6_inactive" }, { "predicate": { "custom_model_data": 5107 }, "model": "hyparia:gui/options/time/sundowner_inactive" }, { "predicate": { "custom_model_data": 5108 }, "model": "hyparia:gui/options/time/night_level1_inactive" }, { "predicate": { "custom_model_data": 5109 }, "model": "hyparia:gui/options/time/night_level2_inactive" }, { "predicate": { "custom_model_data": 5110 }, "model": "hyparia:gui/options/time/night_level3_inactive" }, { "predicate": { "custom_model_data": 5111 }, "model": "hyparia:gui/options/time/night_level4_inactive" }, { "predicate": { "custom_model_data": 5112 }, "model": "hyparia:gui/options/time/night_level5_inactive" }, { "predicate": { "custom_model_data": 5113 }, "model": "hyparia:gui/options/weather/sun_inactive" }, { "predicate": { "custom_model_data": 5114 }, "model": "hyparia:gui/options/weather/rain_inactive" }, { "predicate": { "custom_model_data": 5115 }, "model": "hyparia:gui/options/mobs/off_inactive" }, { "predicate": { "custom_model_data": 5116 }, "model": "hyparia:gui/options/ticks/off_inactive" }, { "predicate": { "custom_model_data": 5117 }, "model": "hyparia:gui/options/grief/off_inactive" }, { "predicate": { "custom_model_data": 6003 }, "model": "hyparia:gui/customblocks/ground_inactive" }, { "predicate": { "custom_model_data": 6004 }, "model": "hyparia:gui/customblocks/terrain_inactive" }, { "predicate": { "custom_model_data": 6005 }, "model": "hyparia:gui/customblocks/pebble_inactive" }, { "predicate": { "custom_model_data": 6006 }, "model": "hyparia:gui/customblocks/wall_inactive" }, { "predicate": { "custom_model_data": 6007 }, "model": "hyparia:gui/customblocks/wood_inactive" }, { "predicate": { "custom_model_data": 6008 }, "model": "hyparia:gui/customblocks/half_timbering_inactive" }, { "predicate": { "custom_model_data": 6009 }, "model": "hyparia:gui/customblocks/roof_inactive" }, { "predicate": { "custom_model_data": 6010 }, "model": "hyparia:gui/customblocks/wool_inactive" }, { "predicate": { "custom_model_data": 6011 }, "model": "hyparia:gui/customblocks/decoration_inactive" }, { "predicate": { "custom_model_data": 6012 }, "model": "hyparia:gui/customheads/alphabet_inactive" }, { "predicate": { "custom_model_data": 6013 }, "model": "hyparia:gui/customheads/animals_inactive" }, { "predicate": { "custom_model_data": 6014 }, "model": "hyparia:gui/customheads/blocks_inactive" }, { "predicate": { "custom_model_data": 6015 }, "model": "hyparia:gui/customheads/decoration_inactive" }, { "predicate": { "custom_model_data": 6016 }, "model": "hyparia:gui/customheads/food_drinks_inactive" }, { "predicate": { "custom_model_data": 6017 }, "model": "hyparia:gui/customheads/humanoid_inactive" }, { "predicate": { "custom_model_data": 6018 }, "model": "hyparia:gui/customheads/humans_inactive" }, { "predicate": { "custom_model_data": 6019 }, "model": "hyparia:gui/customheads/misc_inactive" }, { "predicate": { "custom_model_data": 6020 }, "model": "hyparia:gui/customheads/monsters_inactive" }, { "predicate": { "custom_model_data": 6021 }, "model": "hyparia:gui/customheads/plants_inactive" }, { "predicate": { "custom_model_data": 7000 }, "model": "hyparia:gui/armorstandtools/parts/head_active" }, { "predicate": { "custom_model_data": 7001 }, "model": "hyparia:gui/armorstandtools/parts/arm_left_active" }, { "predicate": { "custom_model_data": 7002 }, "model": "hyparia:gui/armorstandtools/parts/arm_right_active" }, { "predicate": { "custom_model_data": 7003 }, "model": "hyparia:gui/armorstandtools/parts/body_active" }, { "predicate": { "custom_model_data": 7004 }, "model": "hyparia:gui/armorstandtools/parts/leg_left_active" }, { "predicate": { "custom_model_data": 7005 }, "model": "hyparia:gui/armorstandtools/parts/leg_right_active" }, { "predicate": { "custom_model_data": 7006 }, "model": "hyparia:gui/armorstandtools/options/show_name_active" }, { "predicate": { "custom_model_data": 7007 }, "model": "hyparia:gui/armorstandtools/options/size_active" }, { "predicate": { "custom_model_data": 7008 }, "model": "hyparia:gui/armorstandtools/options/vulnerability_active" }, { "predicate": { "custom_model_data": 7009 }, "model": "hyparia:gui/armorstandtools/options/visibility_active" }, { "predicate": { "custom_model_data": 7010 }, "model": "hyparia:gui/armorstandtools/options/base_plate_active" }, { "predicate": { "custom_model_data": 7011 }, "model": "hyparia:gui/armorstandtools/options/arms_active" }, { "predicate": { "custom_model_data": 7100 }, "model": "hyparia:gui/armorstandtools/parts/head_inactive" }, { "predicate": { "custom_model_data": 7101 }, "model": "hyparia:gui/armorstandtools/parts/arm_left_inactive" }, { "predicate": { "custom_model_data": 7102 }, "model": "hyparia:gui/armorstandtools/parts/arm_right_inactive" }, { "predicate": { "custom_model_data": 7103 }, "model": "hyparia:gui/armorstandtools/parts/body_inactive" }, { "predicate": { "custom_model_data": 7104 }, "model": "hyparia:gui/armorstandtools/parts/leg_left_inactive" }, { "predicate": { "custom_model_data": 7105 }, "model": "hyparia:gui/armorstandtools/parts/leg_right_inactive" }, { "predicate": { "custom_model_data": 7106 }, "model": "hyparia:gui/armorstandtools/options/show_name_inactive" }, { "predicate": { "custom_model_data": 7107 }, "model": "hyparia:gui/armorstandtools/options/size_inactive" }, { "predicate": { "custom_model_data": 7108 }, "model": "hyparia:gui/armorstandtools/options/vulnerability_inactive" }, { "predicate": { "custom_model_data": 7109 }, "model": "hyparia:gui/armorstandtools/options/visibility_inactive" }, { "predicate": { "custom_model_data": 7110 }, "model": "hyparia:gui/armorstandtools/options/base_plate_inactive" }, { "predicate": { "custom_model_data": 7111 }, "model": "hyparia:gui/armorstandtools/options/arms_inactive" }, { "predicate": { "custom_model_data": 8008 }, "model": "hyparia:gui/ui/icons/icon_backup_blue_active" }, { "predicate": { "custom_model_data": 8009 }, "model": "hyparia:gui/ui/icons/icon_backup_red_active" }, { "predicate": { "custom_model_data": 8010 }, "model": "hyparia:gui/ui/icons/icon_backup_yellow_active" }, { "predicate": { "custom_model_data": 8012 }, "model": "hyparia:gui/ui/icons/icon_chest_gold_active" }, { "predicate": { "custom_model_data": 8015 }, "model": "hyparia:gui/ui/icons/icon_plot_add_active" }, { "predicate": { "custom_model_data": 8016 }, "model": "hyparia:gui/ui/icons/icon_plot_size_big_active" }, { "predicate": { "custom_model_data": 8017 }, "model": "hyparia:gui/ui/icons/icon_plot_size_small_active" }, { "predicate": { "custom_model_data": 8018 }, "model": "hyparia:gui/ui/icons/icon_plot_name_active" }, { "predicate": { "custom_model_data": 8021 }, "model": "hyparia:gui/ui/icons/icon_more_active" }, { "predicate": { "custom_model_data": 8022 }, "model": "hyparia:gui/ui/icons/icon_less_active" }, { "predicate": { "custom_model_data": 8100 }, "model": "hyparia:gui/ui/icons/icon_check_inactive" }, { "predicate": { "custom_model_data": 8101 }, "model": "hyparia:gui/ui/icons/icon_times_inactive" }, { "predicate": { "custom_model_data": 8102 }, "model": "hyparia:gui/ui/icons/icon_trash_inactive" }, { "predicate": { "custom_model_data": 8103 }, "model": "hyparia:gui/ui/icons/icon_save_inactive" }, { "predicate": { "custom_model_data": 8104 }, "model": "hyparia:gui/ui/icons/icon_rotate_inactive" }, { "predicate": { "custom_model_data": 8105 }, "model": "hyparia:gui/ui/icons/icon_setup_inactive" }, { "predicate": { "custom_model_data": 8106 }, "model": "hyparia:gui/ui/icons/icon_move_inactive" }, { "predicate": { "custom_model_data": 8107 }, "model": "hyparia:gui/ui/icons/icon_rename_inactive" }, { "predicate": { "custom_model_data": 8108 }, "model": "hyparia:gui/ui/icons/icon_backup_blue_inactive" }, { "predicate": { "custom_model_data": 8109 }, "model": "hyparia:gui/ui/icons/icon_backup_red_inactive" }, { "predicate": { "custom_model_data": 8110 }, "model": "hyparia:gui/ui/icons/icon_backup_yellow_inactive" }, { "predicate": { "custom_model_data": 8111 }, "model": "hyparia:gui/ui/icons/icon_tp_inactive" }, { "predicate": { "custom_model_data": 8112 }, "model": "hyparia:gui/ui/icons/icon_chest_gold_inactive" }, { "predicate": { "custom_model_data": 8113 }, "model": "hyparia:gui/ui/icons/icon_coins_inactive" }, { "predicate": { "custom_model_data": 8114 }, "model": "hyparia:gui/ui/icons/icon_plot_inactive" }, { "predicate": { "custom_model_data": 8115 }, "model": "hyparia:gui/ui/icons/icon_plot_add_inactive" }, { "predicate": { "custom_model_data": 8116 }, "model": "hyparia:gui/ui/icons/icon_plot_size_big_inactive" }, { "predicate": { "custom_model_data": 8117 }, "model": "hyparia:gui/ui/icons/icon_plot_size_small_inactive" }, { "predicate": { "custom_model_data": 8118 }, "model": "hyparia:gui/ui/icons/icon_plot_name_inactive" }, { "predicate": { "custom_model_data": 8119 }, "model": "hyparia:gui/ui/icons/icon_permission_inactive" }, { "predicate": { "custom_model_data": 8121 }, "model": "hyparia:gui/ui/icons/icon_more_inactive" }, { "predicate": { "custom_model_data": 8122 }, "model": "hyparia:gui/ui/icons/icon_less_inactive" }, { "predicate": { "custom_model_data": 8200 }, "model": "hyparia:gui/ui/icons/icon_check_lock" }, { "predicate": { "custom_model_data": 8201 }, "model": "hyparia:gui/ui/icons/icon_times_lock" }, { "predicate": { "custom_model_data": 8202 }, "model": "hyparia:gui/ui/icons/icon_trash_lock" }, { "predicate": { "custom_model_data": 8203 }, "model": "hyparia:gui/ui/icons/icon_save_lock" }, { "predicate": { "custom_model_data": 8204 }, "model": "hyparia:gui/ui/icons/icon_rotate_lock" }, { "predicate": { "custom_model_data": 8205 }, "model": "hyparia:gui/ui/icons/icon_setup_lock" }, { "predicate": { "custom_model_data": 8206 }, "model": "hyparia:gui/ui/icons/icon_move_lock" }, { "predicate": { "custom_model_data": 8207 }, "model": "hyparia:gui/ui/icons/icon_rename_lock" }, { "predicate": { "custom_model_data": 8208 }, "model": "hyparia:gui/ui/icons/icon_backup_lock" }, { "predicate": { "custom_model_data": 8211 }, "model": "hyparia:gui/ui/icons/icon_tp_lock" }, { "predicate": { "custom_model_data": 8212 }, "model": "hyparia:gui/ui/icons/icon_chest_lock" }, { "predicate": { "custom_model_data": 8215 }, "model": "hyparia:gui/ui/icons/icon_plot_add_lock" }, { "predicate": { "custom_model_data": 8216 }, "model": "hyparia:gui/ui/icons/icon_plot_size_big_lock" }, { "predicate": { "custom_model_data": 8217 }, "model": "hyparia:gui/ui/icons/icon_plot_size_small_lock" }, { "predicate": { "custom_model_data": 8218 }, "model": "hyparia:gui/ui/icons/icon_plot_name_lock" }, { "predicate": { "custom_model_data": 8221 }, "model": "hyparia:gui/ui/icons/icon_more_lock" }, { "predicate": { "custom_model_data": 8222 }, "model": "hyparia:gui/ui/icons/icon_less_lock" }, { "predicate": { "custom_model_data": 8900 }, "model": "hyparia:gui/ui/icons/icon_padlock_open" }, { "predicate": { "custom_model_data": 8901 }, "model": "hyparia:gui/ui/icons/icon_padlock_close" }, { "predicate": { "custom_model_data": 8902 }, "model": "hyparia:gui/ui/icons/icon_white_question" }, { "predicate": { "custom_model_data": 8903 }, "model": "hyparia:gui/ui/icons/icon_white_likes_weekly" }, { "predicate": { "custom_model_data": 8904 }, "model": "hyparia:gui/ui/icons/icon_white_likes_global" }, { "predicate": { "custom_model_data": 8905 }, "model": "hyparia:gui/ui/icons/icon_question_gray" }, { "predicate": { "custom_model_data": 8906 }, "model": "hyparia:gui/ui/icons/icon_coins" }, { "predicate": { "custom_model_data": 8907 }, "model": "hyparia:gui/ui/icons/icon_top" }, { "predicate": { "custom_model_data": 8908 }, "model": "hyparia:gui/ui/icons/icon_white_level_up" }, { "predicate": { "custom_model_data": 8909 }, "model": "hyparia:gui/ui/icons/icon_white_time" }, { "predicate": { "custom_model_data": 8910 }, "model": "hyparia:gui/ui/icons/icon_empty" }, { "predicate": { "custom_model_data": 8911 }, "model": "hyparia:gui/ui/icons/icon_star" }, { "predicate": { "custom_model_data": 8912 }, "model": "hyparia:gui/ui/icons/icon_star_gray" }, { "predicate": { "custom_model_data": 9000 }, "model": "hyparia:gui/cosmetics/titles/title_magenta_active" }, { "predicate": { "custom_model_data": 9001 }, "model": "hyparia:gui/cosmetics/icons/icon_active" }, { "predicate": { "custom_model_data": 9100 }, "model": "hyparia:gui/cosmetics/titles/title_magenta_inactive" }, { "predicate": { "custom_model_data": 9101 }, "model": "hyparia:gui/cosmetics/icons/icon_inactive" }, { "predicate": { "custom_model_data": 9200 }, "model": "hyparia:gui/cosmetics/titles/title_lock" }, { "predicate": { "custom_model_data": 9201 }, "model": "hyparia:gui/cosmetics/icons/icon_lock" }, { "predicate": { "custom_model_data": 10000 }, "model": "hyparia:gui/effects/absorption_active" }, { "predicate": { "custom_model_data": 10001 }, "model": "hyparia:gui/effects/blindness_active" }, { "predicate": { "custom_model_data": 10002 }, "model": "hyparia:gui/effects/conduit_power_active" }, { "predicate": { "custom_model_data": 10003 }, "model": "hyparia:gui/effects/fire_resistance_active" }, { "predicate": { "custom_model_data": 10004 }, "model": "hyparia:gui/effects/haste_active" }, { "predicate": { "custom_model_data": 10005 }, "model": "hyparia:gui/effects/health_boost_active" }, { "predicate": { "custom_model_data": 10006 }, "model": "hyparia:gui/effects/hunger_active" }, { "predicate": { "custom_model_data": 10007 }, "model": "hyparia:gui/effects/instant_damage_active" }, { "predicate": { "custom_model_data": 10008 }, "model": "hyparia:gui/effects/instant_health_active" }, { "predicate": { "custom_model_data": 10009 }, "model": "hyparia:gui/effects/invisibility_active" }, { "predicate": { "custom_model_data": 10010 }, "model": "hyparia:gui/effects/jump_active" }, { "predicate": { "custom_model_data": 10011 }, "model": "hyparia:gui/effects/levitation_active" }, { "predicate": { "custom_model_data": 10012 }, "model": "hyparia:gui/effects/luck_active" }, { "predicate": { "custom_model_data": 10013 }, "model": "hyparia:gui/effects/mining_fatigue_active" }, { "predicate": { "custom_model_data": 10014 }, "model": "hyparia:gui/effects/nausea_active" }, { "predicate": { "custom_model_data": 10015 }, "model": "hyparia:gui/effects/night_vision_active" }, { "predicate": { "custom_model_data": 10016 }, "model": "hyparia:gui/effects/poison_active" }, { "predicate": { "custom_model_data": 10017 }, "model": "hyparia:gui/effects/regeneration_active" }, { "predicate": { "custom_model_data": 10018 }, "model": "hyparia:gui/effects/resistance_active" }, { "predicate": { "custom_model_data": 10019 }, "model": "hyparia:gui/effects/saturation_active" }, { "predicate": { "custom_model_data": 10020 }, "model": "hyparia:gui/effects/slow_falling_active" }, { "predicate": { "custom_model_data": 10021 }, "model": "hyparia:gui/effects/slowness_active" }, { "predicate": { "custom_model_data": 10022 }, "model": "hyparia:gui/effects/speed_active" }, { "predicate": { "custom_model_data": 10023 }, "model": "hyparia:gui/effects/strength_active" }, { "predicate": { "custom_model_data": 10024 }, "model": "hyparia:gui/effects/unluck_active" }, { "predicate": { "custom_model_data": 10025 }, "model": "hyparia:gui/effects/water_breathing_active" }, { "predicate": { "custom_model_data": 10026 }, "model": "hyparia:gui/effects/weakness_active" }, { "predicate": { "custom_model_data": 10027 }, "model": "hyparia:gui/effects/wither_active" }, { "predicate": { "custom_model_data": 10100 }, "model": "hyparia:gui/effects/absorption_inactive" }, { "predicate": { "custom_model_data": 10101 }, "model": "hyparia:gui/effects/blindness_inactive" }, { "predicate": { "custom_model_data": 10102 }, "model": "hyparia:gui/effects/conduit_power_inactive" }, { "predicate": { "custom_model_data": 10103 }, "model": "hyparia:gui/effects/fire_resistance_inactive" }, { "predicate": { "custom_model_data": 10104 }, "model": "hyparia:gui/effects/haste_inactive" }, { "predicate": { "custom_model_data": 10105 }, "model": "hyparia:gui/effects/health_boost_inactive" }, { "predicate": { "custom_model_data": 10106 }, "model": "hyparia:gui/effects/hunger_inactive" }, { "predicate": { "custom_model_data": 10107 }, "model": "hyparia:gui/effects/instant_damage_inactive" }, { "predicate": { "custom_model_data": 10108 }, "model": "hyparia:gui/effects/instant_health_inactive" }, { "predicate": { "custom_model_data": 10109 }, "model": "hyparia:gui/effects/invisibility_inactive" }, { "predicate": { "custom_model_data": 10110 }, "model": "hyparia:gui/effects/jump_inactive" }, { "predicate": { "custom_model_data": 10111 }, "model": "hyparia:gui/effects/levitation_inactive" }, { "predicate": { "custom_model_data": 10112 }, "model": "hyparia:gui/effects/luck_inactive" }, { "predicate": { "custom_model_data": 10113 }, "model": "hyparia:gui/effects/mining_fatigue_inactive" }, { "predicate": { "custom_model_data": 10114 }, "model": "hyparia:gui/effects/nausea_inactive" }, { "predicate": { "custom_model_data": 10115 }, "model": "hyparia:gui/effects/night_vision_inactive" }, { "predicate": { "custom_model_data": 10116 }, "model": "hyparia:gui/effects/poison_inactive" }, { "predicate": { "custom_model_data": 10117 }, "model": "hyparia:gui/effects/regeneration_inactive" }, { "predicate": { "custom_model_data": 10118 }, "model": "hyparia:gui/effects/resistance_inactive" }, { "predicate": { "custom_model_data": 10119 }, "model": "hyparia:gui/effects/saturation_inactive" }, { "predicate": { "custom_model_data": 10120 }, "model": "hyparia:gui/effects/slow_falling_inactive" }, { "predicate": { "custom_model_data": 10121 }, "model": "hyparia:gui/effects/slowness_inactive" }, { "predicate": { "custom_model_data": 10122 }, "model": "hyparia:gui/effects/speed_inactive" }, { "predicate": { "custom_model_data": 10123 }, "model": "hyparia:gui/effects/strength_inactive" }, { "predicate": { "custom_model_data": 10124 }, "model": "hyparia:gui/effects/unluck_inactive" }, { "predicate": { "custom_model_data": 10125 }, "model": "hyparia:gui/effects/water_breathing_inactive" }, { "predicate": { "custom_model_data": 10126 }, "model": "hyparia:gui/effects/weakness_inactive" }, { "predicate": { "custom_model_data": 10127 }, "model": "hyparia:gui/effects/wither_inactive" }, { "predicate": { "custom_model_data": 11000 }, "model": "hyparia:gui/actions/clear_inventory_active" }, { "predicate": { "custom_model_data": 11001 }, "model": "hyparia:gui/actions/clear_effects_active" }, { "predicate": { "custom_model_data": 11002 }, "model": "hyparia:gui/actions/effects_active" }, { "predicate": { "custom_model_data": 11003 }, "model": "hyparia:gui/actions/feed_active" }, { "predicate": { "custom_model_data": 11004 }, "model": "hyparia:gui/actions/heal_active" }, { "predicate": { "custom_model_data": 11005 }, "model": "hyparia:gui/actions/kill_active" }, { "predicate": { "custom_model_data": 11006 }, "model": "hyparia:gui/actions/messages_active" }, { "predicate": { "custom_model_data": 11007 }, "model": "hyparia:gui/actions/plot_active" }, { "predicate": { "custom_model_data": 11008 }, "model": "hyparia:gui/actions/timer_start_active" }, { "predicate": { "custom_model_data": 11009 }, "model": "hyparia:gui/actions/timer_stop_active" }, { "predicate": { "custom_model_data": 11010 }, "model": "hyparia:gui/actions/titles_active" }, { "predicate": { "custom_model_data": 11011 }, "model": "hyparia:gui/actions/gamemode_active" }, { "predicate": { "custom_model_data": 11100 }, "model": "hyparia:gui/actions/clear_inventory_inactive" }, { "predicate": { "custom_model_data": 11101 }, "model": "hyparia:gui/actions/clear_effects_inactive" }, { "predicate": { "custom_model_data": 11102 }, "model": "hyparia:gui/actions/effects_inactive" }, { "predicate": { "custom_model_data": 11103 }, "model": "hyparia:gui/actions/feed_inactive" }, { "predicate": { "custom_model_data": 11104 }, "model": "hyparia:gui/actions/heal_inactive" }, { "predicate": { "custom_model_data": 11105 }, "model": "hyparia:gui/actions/kill_inactive" }, { "predicate": { "custom_model_data": 11106 }, "model": "hyparia:gui/actions/messages_inactive" }, { "predicate": { "custom_model_data": 11107 }, "model": "hyparia:gui/actions/plot_inactive" }, { "predicate": { "custom_model_data": 11108 }, "model": "hyparia:gui/actions/timer_start_inactive" }, { "predicate": { "custom_model_data": 11109 }, "model": "hyparia:gui/actions/timer_stop_inactive" }, { "predicate": { "custom_model_data": 11110 }, "model": "hyparia:gui/actions/titles_inactive" }, { "predicate": { "custom_model_data": 11111 }, "model": "hyparia:gui/actions/gamemode_inactive" }, { "predicate": { "custom_model_data": 11200 }, "model": "hyparia:gui/actions/clear_inventory_lock" }, { "predicate": { "custom_model_data": 11201 }, "model": "hyparia:gui/actions/clear_effects_lock" }, { "predicate": { "custom_model_data": 11202 }, "model": "hyparia:gui/actions/effects_lock" }, { "predicate": { "custom_model_data": 11203 }, "model": "hyparia:gui/actions/feed_lock" }, { "predicate": { "custom_model_data": 11204 }, "model": "hyparia:gui/actions/heal_lock" }, { "predicate": { "custom_model_data": 11205 }, "model": "hyparia:gui/actions/kill_lock" }, { "predicate": { "custom_model_data": 11206 }, "model": "hyparia:gui/actions/messages_lock" }, { "predicate": { "custom_model_data": 11207 }, "model": "hyparia:gui/actions/plot_lock" }, { "predicate": { "custom_model_data": 11208 }, "model": "hyparia:gui/actions/timer_start_lock" }, { "predicate": { "custom_model_data": 11209 }, "model": "hyparia:gui/actions/timer_stop_lock" }, { "predicate": { "custom_model_data": 11210 }, "model": "hyparia:gui/actions/titles_lock" }, { "predicate": { "custom_model_data": 11211 }, "model": "hyparia:gui/actions/gamemode_lock" }, { "predicate": { "custom_model_data": 12000 }, "model": "hyparia:gui/items/paper_active" }, { "predicate": { "custom_model_data": 12001 }, "model": "hyparia:gui/items/totem_of_undying_active" }, { "predicate": { "custom_model_data": 12002 }, "model": "hyparia:gui/items/red_potion_active" }, { "predicate": { "custom_model_data": 12003 }, "model": "hyparia:gui/items/item_frame_active" }, { "predicate": { "custom_model_data": 12004 }, "model": "hyparia:gui/items/saddle_active" }, { "predicate": { "custom_model_data": 12005 }, "model": "hyparia:gui/items/enchanted_golden_apple_active" }, { "predicate": { "custom_model_data": 12006 }, "model": "hyparia:gui/items/name_tag_active" }, { "predicate": { "custom_model_data": 12007 }, "model": "hyparia:gui/items/shears_active" }, { "predicate": { "custom_model_data": 12008 }, "model": "hyparia:gui/items/red_splash_potion_active" }, { "predicate": { "custom_model_data": 12009 }, "model": "hyparia:gui/items/firework_rocket_active" }, { "predicate": { "custom_model_data": 12010 }, "model": "hyparia:gui/items/red_bed_active" }, { "predicate": { "custom_model_data": 12011 }, "model": "hyparia:gui/items/pig_egg_active" }, { "predicate": { "custom_model_data": 12012 }, "model": "hyparia:gui/items/elytra_active" }, { "predicate": { "custom_model_data": 12013 }, "model": "hyparia:gui/items/compass_active" }, { "predicate": { "custom_model_data": 12014 }, "model": "hyparia:gui/items/knowledge_book_active" }, { "predicate": { "custom_model_data": 12015 }, "model": "hyparia:gui/items/ender_pearl_active" }, { "predicate": { "custom_model_data": 12016 }, "model": "hyparia:gui/items/lava_bucket_active" }, { "predicate": { "custom_model_data": 12022 }, "model": "hyparia:gui/items/hopper_active" }, { "predicate": { "custom_model_data": 12023 }, "model": "hyparia:gui/items/minecart_active" }, { "predicate": { "custom_model_data": 12025 }, "model": "hyparia:gui/items/oak_door_active" }, { "predicate": { "custom_model_data": 12029 }, "model": "hyparia:gui/items/armor_stand_active" }, { "predicate": { "custom_model_data": 12030 }, "model": "hyparia:gui/items/oak_fence_gate_active" }, { "predicate": { "custom_model_data": 12032 }, "model": "hyparia:gui/items/pig_head_active" }, { "predicate": { "custom_model_data": 12033 }, "model": "hyparia:gui/items/zombie_head_active" }, { "predicate": { "custom_model_data": 12034 }, "model": "hyparia:gui/items/villager_head_active" }, { "predicate": { "custom_model_data": 12035 }, "model": "hyparia:gui/items/player_head_active" }, { "predicate": { "custom_model_data": 12100 }, "model": "hyparia:gui/items/paper_inactive" }, { "predicate": { "custom_model_data": 12101 }, "model": "hyparia:gui/items/totem_of_undying_inactive" }, { "predicate": { "custom_model_data": 12102 }, "model": "hyparia:gui/items/red_potion_inactive" }, { "predicate": { "custom_model_data": 12103 }, "model": "hyparia:gui/items/item_frame_inactive" }, { "predicate": { "custom_model_data": 12104 }, "model": "hyparia:gui/items/saddle_inactive" }, { "predicate": { "custom_model_data": 12105 }, "model": "hyparia:gui/items/enchanted_golden_apple_inactive" }, { "predicate": { "custom_model_data": 12106 }, "model": "hyparia:gui/items/name_tag_inactive" }, { "predicate": { "custom_model_data": 12107 }, "model": "hyparia:gui/items/shears_inactive" }, { "predicate": { "custom_model_data": 12108 }, "model": "hyparia:gui/items/red_splash_potion_inactive" }, { "predicate": { "custom_model_data": 12109 }, "model": "hyparia:gui/items/firework_rocket_inactive" }, { "predicate": { "custom_model_data": 12110 }, "model": "hyparia:gui/items/red_bed_inactive" }, { "predicate": { "custom_model_data": 12111 }, "model": "hyparia:gui/items/pig_egg_inactive" }, { "predicate": { "custom_model_data": 12112 }, "model": "hyparia:gui/items/elytra_inactive" }, { "predicate": { "custom_model_data": 12113 }, "model": "hyparia:gui/items/compass_inactive" }, { "predicate": { "custom_model_data": 12114 }, "model": "hyparia:gui/items/knowledge_book_inactive" }, { "predicate": { "custom_model_data": 12115 }, "model": "hyparia:gui/items/ender_pearl_inactive" }, { "predicate": { "custom_model_data": 12116 }, "model": "hyparia:gui/items/lava_bucket_inactive" }, { "predicate": { "custom_model_data": 12117 }, "model": "hyparia:gui/items/fantasy_egg_inactive" }, { "predicate": { "custom_model_data": 12118 }, "model": "hyparia:gui/items/bell_inactive" }, { "predicate": { "custom_model_data": 12119 }, "model": "hyparia:gui/items/brewing_stand_inactive" }, { "predicate": { "custom_model_data": 12120 }, "model": "hyparia:gui/items/campfire_inactive" }, { "predicate": { "custom_model_data": 12121 }, "model": "hyparia:gui/items/comparator_inactive" }, { "predicate": { "custom_model_data": 12122 }, "model": "hyparia:gui/items/hopper_inactive" }, { "predicate": { "custom_model_data": 12123 }, "model": "hyparia:gui/items/minecart_inactive" }, { "predicate": { "custom_model_data": 12124 }, "model": "hyparia:gui/items/oak_boat_inactive" }, { "predicate": { "custom_model_data": 12125 }, "model": "hyparia:gui/items/oak_door_inactive" }, { "predicate": { "custom_model_data": 12126 }, "model": "hyparia:gui/items/oak_sign_inactive" }, { "predicate": { "custom_model_data": 12127 }, "model": "hyparia:gui/items/painting_inactive" }, { "predicate": { "custom_model_data": 12128 }, "model": "hyparia:gui/items/villager_egg_inactive" }, { "predicate": { "custom_model_data": 12129 }, "model": "hyparia:gui/items/armor_stand_inactive" }, { "predicate": { "custom_model_data": 12130 }, "model": "hyparia:gui/items/oak_fence_gate_inactive" }, { "predicate": { "custom_model_data": 12131 }, "model": "hyparia:gui/items/red_banner_inactive" }, { "predicate": { "custom_model_data": 12132 }, "model": "hyparia:gui/items/pig_head_inactive" }, { "predicate": { "custom_model_data": 12133 }, "model": "hyparia:gui/items/zombie_head_inactive" }, { "predicate": { "custom_model_data": 12134 }, "model": "hyparia:gui/items/villager_head_inactive" }, { "predicate": { "custom_model_data": 12135 }, "model": "hyparia:gui/items/player_head_inactive" }, { "predicate": { "custom_model_data": 12200 }, "model": "hyparia:gui/items/paper_lock" }, { "predicate": { "custom_model_data": 12201 }, "model": "hyparia:gui/items/totem_of_undying_lock" }, { "predicate": { "custom_model_data": 12202 }, "model": "hyparia:gui/items/red_potion_lock" }, { "predicate": { "custom_model_data": 12203 }, "model": "hyparia:gui/items/item_frame_lock" }, { "predicate": { "custom_model_data": 12204 }, "model": "hyparia:gui/items/saddle_lock" }, { "predicate": { "custom_model_data": 12205 }, "model": "hyparia:gui/items/enchanted_golden_apple_lock" }, { "predicate": { "custom_model_data": 12206 }, "model": "hyparia:gui/items/name_tag_lock" }, { "predicate": { "custom_model_data": 12207 }, "model": "hyparia:gui/items/shears_lock" }, { "predicate": { "custom_model_data": 12208 }, "model": "hyparia:gui/items/red_splash_potion_lock" }, { "predicate": { "custom_model_data": 12209 }, "model": "hyparia:gui/items/firework_rocket_lock" }, { "predicate": { "custom_model_data": 12210 }, "model": "hyparia:gui/items/red_bed_lock" }, { "predicate": { "custom_model_data": 12211 }, "model": "hyparia:gui/items/pig_egg_lock" }, { "predicate": { "custom_model_data": 12212 }, "model": "hyparia:gui/items/elytra_lock" }, { "predicate": { "custom_model_data": 12213 }, "model": "hyparia:gui/items/compass_lock" }, { "predicate": { "custom_model_data": 12214 }, "model": "hyparia:gui/items/knowledge_book_lock" }, { "predicate": { "custom_model_data": 12215 }, "model": "hyparia:gui/items/ender_pearl_lock" }, { "predicate": { "custom_model_data": 12216 }, "model": "hyparia:gui/items/lava_bucket_lock" }, { "predicate": { "custom_model_data": 12222 }, "model": "hyparia:gui/items/hopper_lock" }, { "predicate": { "custom_model_data": 12223 }, "model": "hyparia:gui/items/minecart_lock" }, { "predicate": { "custom_model_data": 12225 }, "model": "hyparia:gui/items/oak_door_lock" }, { "predicate": { "custom_model_data": 12229 }, "model": "hyparia:gui/items/armor_stand_lock" }, { "predicate": { "custom_model_data": 12230 }, "model": "hyparia:gui/items/oak_fence_gate_lock" }, { "predicate": { "custom_model_data": 12232 }, "model": "hyparia:gui/items/pig_head_lock" }, { "predicate": { "custom_model_data": 12233 }, "model": "hyparia:gui/items/zombie_head_lock" }, { "predicate": { "custom_model_data": 12234 }, "model": "hyparia:gui/items/villager_head_lock" }, { "predicate": { "custom_model_data": 12235 }, "model": "hyparia:gui/items/player_head_lock" }, { "predicate": { "custom_model_data": 13005 }, "model": "hyparia:gui/blocks/target_active" }, { "predicate": { "custom_model_data": 13006 }, "model": "hyparia:gui/blocks/shulker_box_active" }, { "predicate": { "custom_model_data": 13010 }, "model": "hyparia:gui/blocks/anvil_active" }, { "predicate": { "custom_model_data": 13012 }, "model": "hyparia:gui/blocks/chest_active" }, { "predicate": { "custom_model_data": 13014 }, "model": "hyparia:gui/blocks/crafting_table_active" }, { "predicate": { "custom_model_data": 13020 }, "model": "hyparia:gui/blocks/ender_chest_active" }, { "predicate": { "custom_model_data": 13022 }, "model": "hyparia:gui/blocks/grass_block_active" }, { "predicate": { "custom_model_data": 13023 }, "model": "hyparia:gui/blocks/shulker_box_active" }, { "predicate": { "custom_model_data": 13024 }, "model": "hyparia:gui/blocks/scaffolding_active" }, { "predicate": { "custom_model_data": 13100 }, "model": "hyparia:gui/blocks/beehive_inactive" }, { "predicate": { "custom_model_data": 13102 }, "model": "hyparia:gui/blocks/observer_inactive" }, { "predicate": { "custom_model_data": 13103 }, "model": "hyparia:gui/blocks/piston_inactive" }, { "predicate": { "custom_model_data": 13104 }, "model": "hyparia:gui/blocks/smoker_inactive" }, { "predicate": { "custom_model_data": 13105 }, "model": "hyparia:gui/blocks/target_inactive" }, { "predicate": { "custom_model_data": 13106 }, "model": "hyparia:gui/blocks/shulker_box_inactive" }, { "predicate": { "custom_model_data": 13107 }, "model": "hyparia:gui/blocks/jukebox_inactive" }, { "predicate": { "custom_model_data": 13108 }, "model": "hyparia:gui/blocks/lectern_inactive" }, { "predicate": { "custom_model_data": 13109 }, "model": "hyparia:gui/blocks/spawner_inactive" }, { "predicate": { "custom_model_data": 13110 }, "model": "hyparia:gui/blocks/anvil_inactive" }, { "predicate": { "custom_model_data": 13111 }, "model": "hyparia:gui/blocks/beacon_inactive" }, { "predicate": { "custom_model_data": 13112 }, "model": "hyparia:gui/blocks/chest_inactive" }, { "predicate": { "custom_model_data": 13113 }, "model": "hyparia:gui/blocks/conduit_inactive" }, { "predicate": { "custom_model_data": 13114 }, "model": "hyparia:gui/blocks/crafting_table_inactive" }, { "predicate": { "custom_model_data": 13115 }, "model": "hyparia:gui/blocks/daylight_detector_inactive" }, { "predicate": { "custom_model_data": 13116 }, "model": "hyparia:gui/blocks/dispenser_inactive" }, { "predicate": { "custom_model_data": 13117 }, "model": "hyparia:gui/blocks/dropper_inactive" }, { "predicate": { "custom_model_data": 13118 }, "model": "hyparia:gui/blocks/enchanting_table_inactive" }, { "predicate": { "custom_model_data": 13119 }, "model": "hyparia:gui/blocks/end_portal_frame_inactive" }, { "predicate": { "custom_model_data": 13120 }, "model": "hyparia:gui/blocks/ender_chest_inactive" }, { "predicate": { "custom_model_data": 13121 }, "model": "hyparia:gui/blocks/furnace_inactive" }, { "predicate": { "custom_model_data": 13122 }, "model": "hyparia:gui/blocks/grass_block_inactive" }, { "predicate": { "custom_model_data": 13123 }, "model": "hyparia:gui/blocks/shulker_box_inactive" }, { "predicate": { "custom_model_data": 13124 }, "model": "hyparia:gui/blocks/scaffolding_inactive" }, { "predicate": { "custom_model_data": 13205 }, "model": "hyparia:gui/blocks/target_lock" }, { "predicate": { "custom_model_data": 13206 }, "model": "hyparia:gui/blocks/shulker_box_lock" }, { "predicate": { "custom_model_data": 13210 }, "model": "hyparia:gui/blocks/anvil_lock" }, { "predicate": { "custom_model_data": 13212 }, "model": "hyparia:gui/blocks/chest_lock" }, { "predicate": { "custom_model_data": 13214 }, "model": "hyparia:gui/blocks/crafting_table_lock" }, { "predicate": { "custom_model_data": 13220 }, "model": "hyparia:gui/blocks/ender_chest_lock" }, { "predicate": { "custom_model_data": 13222 }, "model": "hyparia:gui/blocks/grass_block_lock" }, { "predicate": { "custom_model_data": 14100 }, "model": "hyparia:gui/customfurnitures/furnitures_inactive" }, { "predicate": { "custom_model_data": 14101 }, "model": "hyparia:gui/customfurnitures/food_inactive" }, { "predicate": { "custom_model_data": 14102 }, "model": "hyparia:gui/customfurnitures/misc_inactive" }, { "predicate": { "custom_model_data": 14103 }, "model": "hyparia:gui/customfurnitures/decoration_inactive" }, { "predicate": { "custom_model_data": 14104 }, "model": "hyparia:gui/customfurnitures/tools_inactive" }, { "predicate": { "custom_model_data": 14105 }, "model": "hyparia:gui/customfurnitures/banners_inactive" }] }