{ "parent": "item/handheld", "textures": { "layer0": "item/stick" }, "overrides": [{ "predicate": { "custom_model_data": 1 }, "model": "hyparia:furniture/apiary" }, { "predicate": { "custom_model_data": 2 }, "model": "hyparia:furniture/axe" }, { "predicate": { "custom_model_data": 3 }, "model": "hyparia:furniture/banner_hanging_red" }, { "predicate": { "custom_model_data": 4 }, "model": "hyparia:furniture/banner_pirate" }, { "predicate": { "custom_model_data": 5 }, "model": "hyparia:furniture/banner_simple_black" }, { "predicate": { "custom_model_data": 6 }, "model": "hyparia:furniture/banner_simple_blue" }, { "predicate": { "custom_model_data": 7 }, "model": "hyparia:furniture/banner_simple_brown" }, { "predicate": { "custom_model_data": 8 }, "model": "hyparia:furniture/banner_simple_cyan" }, { "predicate": { "custom_model_data": 9 }, "model": "hyparia:furniture/banner_simple_green" }, { "predicate": { "custom_model_data": 10 }, "model": "hyparia:furniture/banner_simple_grey" }, { "predicate": { "custom_model_data": 11 }, "model": "hyparia:furniture/banner_simple_lightblue" }, { "predicate": { "custom_model_data": 12 }, "model": "hyparia:furniture/banner_simple_lightgrey" }, { "predicate": { "custom_model_data": 13 }, "model": "hyparia:furniture/banner_simple_lime" }, { "predicate": { "custom_model_data": 14 }, "model": "hyparia:furniture/banner_simple_magenta" }, { "predicate": { "custom_model_data": 15 }, "model": "hyparia:furniture/banner_simple_orange" }, { "predicate": { "custom_model_data": 16 }, "model": "hyparia:furniture/banner_simple_pink" }, { "predicate": { "custom_model_data": 17 }, "model": "hyparia:furniture/banner_simple_purple" }, { "predicate": { "custom_model_data": 18 }, "model": "hyparia:furniture/banner_simple_red" }, { "predicate": { "custom_model_data": 19 }, "model": "hyparia:furniture/banner_simple_white" }, { "predicate": { "custom_model_data": 20 }, "model": "hyparia:furniture/banner_simple_yellow" }, { "predicate": { "custom_model_data": 21 }, "model": "hyparia:furniture/basket_corn_empty" }, { "predicate": { "custom_model_data": 22 }, "model": "hyparia:furniture/basket_corn" }, { "predicate": { "custom_model_data": 23 }, "model": "hyparia:furniture/bedroll_rolled" }, { "predicate": { "custom_model_data": 24 }, "model": "hyparia:furniture/block_dark" }, { "predicate": { "custom_model_data": 25 }, "model": "hyparia:furniture/block_dirty" }, { "predicate": { "custom_model_data": 26 }, "model": "hyparia:furniture/block_light" }, { "predicate": { "custom_model_data": 27 }, "model": "hyparia:furniture/block" }, { "predicate": { "custom_model_data": 28 }, "model": "hyparia:furniture/manacled_skeleton" }, { "predicate": { "custom_model_data": 29 }, "model": "hyparia:furniture/manacles" }, { "predicate": { "custom_model_data": 30 }, "model": "hyparia:furniture/bookrest" }, { "predicate": { "custom_model_data": 31 }, "model": "hyparia:furniture/books_red" }, { "predicate": { "custom_model_data": 32 }, "model": "hyparia:furniture/books_row" }, { "predicate": { "custom_model_data": 33 }, "model": "hyparia:furniture/bottle_1" }, { "predicate": { "custom_model_data": 34 }, "model": "hyparia:furniture/bottle_2" }, { "predicate": { "custom_model_data": 35 }, "model": "hyparia:furniture/bottle_wine" }, { "predicate": { "custom_model_data": 36 }, "model": "hyparia:furniture/box_grapes" }, { "predicate": { "custom_model_data": 37 }, "model": "hyparia:furniture/box_oranges" }, { "predicate": { "custom_model_data": 38 }, "model": "hyparia:furniture/box_peaches" }, { "predicate": { "custom_model_data": 39 }, "model": "hyparia:furniture/box_plums" }, { "predicate": { "custom_model_data": 40 }, "model": "hyparia:furniture/box_tangerines" }, { "predicate": { "custom_model_data": 41 }, "model": "hyparia:furniture/box" }, { "predicate": { "custom_model_data": 42 }, "model": "hyparia:furniture/brick_pile" }, { "predicate": { "custom_model_data": 43 }, "model": "hyparia:furniture/broom" }, { "predicate": { "custom_model_data": 44 }, "model": "hyparia:furniture/bucket_large" }, { "predicate": { "custom_model_data": 45 }, "model": "hyparia:furniture/bucket_rope" }, { "predicate": { "custom_model_data": 46 }, "model": "hyparia:furniture/bucket" }, { "predicate": { "custom_model_data": 47 }, "model": "hyparia:furniture/cage_horizontal" }, { "predicate": { "custom_model_data": 48 }, "model": "hyparia:furniture/cage_vertical" }, { "predicate": { "custom_model_data": 49 }, "model": "hyparia:furniture/candle_candelabra_gold" }, { "predicate": { "custom_model_data": 50 }, "model": "hyparia:furniture/candle_candelabra_iron" }, { "predicate": { "custom_model_data": 51 }, "model": "hyparia:furniture/candle_candlestick_gold" }, { "predicate": { "custom_model_data": 52 }, "model": "hyparia:furniture/candle_candlestick_iron" }, { "predicate": { "custom_model_data": 53 }, "model": "hyparia:furniture/candle_chamberstick" }, { "predicate": { "custom_model_data": 54 }, "model": "hyparia:furniture/candle_large" }, { "predicate": { "custom_model_data": 55 }, "model": "hyparia:furniture/candle_skull" }, { "predicate": { "custom_model_data": 56 }, "model": "hyparia:furniture/candle_small" }, { "predicate": { "custom_model_data": 57 }, "model": "hyparia:furniture/candles_ritual" }, { "predicate": { "custom_model_data": 58 }, "model": "hyparia:furniture/carcass_deer" }, { "predicate": { "custom_model_data": 59 }, "model": "hyparia:furniture/carrots" }, { "predicate": { "custom_model_data": 60 }, "model": "hyparia:furniture/chalice_gold_full" }, { "predicate": { "custom_model_data": 61 }, "model": "hyparia:furniture/chandelier_iron" }, { "predicate": { "custom_model_data": 62 }, "model": "hyparia:furniture/chandelier_wood" }, { "predicate": { "custom_model_data": 63 }, "model": "hyparia:furniture/clothesline_large" }, { "predicate": { "custom_model_data": 64 }, "model": "hyparia:furniture/clothesline_post" }, { "predicate": { "custom_model_data": 65 }, "model": "hyparia:furniture/clothesline_small" }, { "predicate": { "custom_model_data": 66 }, "model": "hyparia:furniture/cocoon_human" }, { "predicate": { "custom_model_data": 67 }, "model": "hyparia:furniture/cocoon_skeleton" }, { "predicate": { "custom_model_data": 68 }, "model": "hyparia:furniture/coffin_stone_lid" }, { "predicate": { "custom_model_data": 69 }, "model": "hyparia:furniture/coffin_stone" }, { "predicate": { "custom_model_data": 70 }, "model": "hyparia:furniture/coffin_wood_lid" }, { "predicate": { "custom_model_data": 71 }, "model": "hyparia:furniture/coffin_wood" }, { "predicate": { "custom_model_data": 72 }, "model": "hyparia:furniture/coin_pile" }, { "predicate": { "custom_model_data": 73 }, "model": "hyparia:furniture/coin_stack" }, { "predicate": { "custom_model_data": 74 }, "model": "hyparia:furniture/coin" }, { "predicate": { "custom_model_data": 75 }, "model": "hyparia:furniture/dummy_post" }, { "predicate": { "custom_model_data": 76 }, "model": "hyparia:furniture/dummy_sitting" }, { "predicate": { "custom_model_data": 77 }, "model": "hyparia:furniture/dummy_target" }, { "predicate": { "custom_model_data": 78 }, "model": "hyparia:furniture/firepit" }, { "predicate": { "custom_model_data": 79 }, "model": "hyparia:furniture/firewood" }, { "predicate": { "custom_model_data": 80 }, "model": "hyparia:furniture/fish_large" }, { "predicate": { "custom_model_data": 81 }, "model": "hyparia:furniture/fishing_pole" }, { "predicate": { "custom_model_data": 82 }, "model": "hyparia:furniture/fishing_rack" }, { "predicate": { "custom_model_data": 83 }, "model": "hyparia:furniture/fishing_spear" }, { "predicate": { "custom_model_data": 84 }, "model": "hyparia:furniture/flaming_oil" }, { "predicate": { "custom_model_data": 85 }, "model": "hyparia:furniture/gem_calipers_1" }, { "predicate": { "custom_model_data": 86 }, "model": "hyparia:furniture/gem_calipers_2" }, { "predicate": { "custom_model_data": 87 }, "model": "hyparia:furniture/gong" }, { "predicate": { "custom_model_data": 88 }, "model": "hyparia:furniture/hammer_small" }, { "predicate": { "custom_model_data": 89 }, "model": "hyparia:furniture/hammer" }, { "predicate": { "custom_model_data": 90 }, "model": "hyparia:furniture/hatchet" }, { "predicate": { "custom_model_data": 91 }, "model": "hyparia:furniture/hay_pile" }, { "predicate": { "custom_model_data": 92 }, "model": "hyparia:furniture/hourglass" }, { "predicate": { "custom_model_data": 93 }, "model": "hyparia:furniture/knife_butcher" }, { "predicate": { "custom_model_data": 94 }, "model": "hyparia:furniture/knife_carving" }, { "predicate": { "custom_model_data": 95 }, "model": "hyparia:furniture/lantern_1" }, { "predicate": { "custom_model_data": 96 }, "model": "hyparia:furniture/lantern_2" }, { "predicate": { "custom_model_data": 97 }, "model": "hyparia:furniture/lantern_3" }, { "predicate": { "custom_model_data": 98 }, "model": "hyparia:furniture/letter" }, { "predicate": { "custom_model_data": 99 }, "model": "hyparia:furniture/lockbox" }, { "predicate": { "custom_model_data": 100 }, "model": "hyparia:furniture/map_hanging" }, { "predicate": { "custom_model_data": 101 }, "model": "hyparia:furniture/mat_reeds_rolled" }, { "predicate": { "custom_model_data": 102 }, "model": "hyparia:furniture/mat_reeds" }, { "predicate": { "custom_model_data": 103 }, "model": "hyparia:furniture/message_board" }, { "predicate": { "custom_model_data": 104 }, "model": "hyparia:furniture/minecart_coal" }, { "predicate": { "custom_model_data": 105 }, "model": "hyparia:furniture/minecart" }, { "predicate": { "custom_model_data": 106 }, "model": "hyparia:furniture/papers_stack" }, { "predicate": { "custom_model_data": 107 }, "model": "hyparia:furniture/pitchfork" }, { "predicate": { "custom_model_data": 108 }, "model": "hyparia:furniture/plaque_deer" }, { "predicate": { "custom_model_data": 109 }, "model": "hyparia:furniture/plaque_fish_large" }, { "predicate": { "custom_model_data": 110 }, "model": "hyparia:furniture/lettuce" }, { "predicate": { "custom_model_data": 111 }, "model": "hyparia:furniture/podium_stone" }, { "predicate": { "custom_model_data": 112 }, "model": "hyparia:furniture/scale_left" }, { "predicate": { "custom_model_data": 113 }, "model": "hyparia:furniture/scale_right" }, { "predicate": { "custom_model_data": 114 }, "model": "hyparia:furniture/scale" }, { "predicate": { "custom_model_data": 115 }, "model": "hyparia:furniture/scroll" }, { "predicate": { "custom_model_data": 116 }, "model": "hyparia:furniture/scythe" }, { "predicate": { "custom_model_data": 117 }, "model": "hyparia:furniture/seal_stone" }, { "predicate": { "custom_model_data": 119 }, "model": "hyparia:furniture/skull_ram" }, { "predicate": { "custom_model_data": 121 }, "model": "hyparia:furniture/station_portable_enchanting" }, { "predicate": { "custom_model_data": 122 }, "model": "hyparia:furniture/station_portable_smithing" }, { "predicate": { "custom_model_data": 123 }, "model": "hyparia:furniture/station_provisioning" }, { "predicate": { "custom_model_data": 124 }, "model": "hyparia:furniture/station" }, { "predicate": { "custom_model_data": 125 }, "model": "hyparia:furniture/streetlight_1" }, { "predicate": { "custom_model_data": 126 }, "model": "hyparia:furniture/streetlight_2" }, { "predicate": { "custom_model_data": 127 }, "model": "hyparia:furniture/streetlight_3" }, { "predicate": { "custom_model_data": 128 }, "model": "hyparia:furniture/streetlight_4" }, { "predicate": { "custom_model_data": 145 }, "model": "hyparia:furniture/tongs" }, { "predicate": { "custom_model_data": 146 }, "model": "hyparia:furniture/torch_cluster" }, { "predicate": { "custom_model_data": 147 }, "model": "hyparia:furniture/torch_skeleton" }, { "predicate": { "custom_model_data": 148 }, "model": "hyparia:furniture/torch" }, { "predicate": { "custom_model_data": 149 }, "model": "hyparia:furniture/tray" }, { "predicate": { "custom_model_data": 150 }, "model": "hyparia:furniture/trough_water" }, { "predicate": { "custom_model_data": 151 }, "model": "hyparia:furniture/trough_wheat" }, { "predicate": { "custom_model_data": 152 }, "model": "hyparia:furniture/trough" }, { "predicate": { "custom_model_data": 153 }, "model": "hyparia:furniture/trunk_closed" }, { "predicate": { "custom_model_data": 154 }, "model": "hyparia:furniture/trunk_open" }, { "predicate": { "custom_model_data": 158 }, "model": "hyparia:furniture/washtub" }, { "predicate": { "custom_model_data": 159 }, "model": "hyparia:furniture/wheel_ship" }, { "predicate": { "custom_model_data": 160 }, "model": "hyparia:furniture/winch" }, { "predicate": { "custom_model_data": 161 }, "model": "hyparia:furniture/apple" }, { "predicate": { "custom_model_data": 162 }, "model": "hyparia:furniture/beet" }, { "predicate": { "custom_model_data": 163 }, "model": "hyparia:furniture/bread_1" }, { "predicate": { "custom_model_data": 164 }, "model": "hyparia:furniture/garlic_string" }, { "predicate": { "custom_model_data": 165 }, "model": "hyparia:furniture/garlic" }, { "predicate": { "custom_model_data": 166 }, "model": "hyparia:furniture/grapes_green" }, { "predicate": { "custom_model_data": 167 }, "model": "hyparia:furniture/grapes_purple" }, { "predicate": { "custom_model_data": 168 }, "model": "hyparia:furniture/meat_drumstick" }, { "predicate": { "custom_model_data": 169 }, "model": "hyparia:furniture/meat_ham" }, { "predicate": { "custom_model_data": 170 }, "model": "hyparia:furniture/meat_hunk" }, { "predicate": { "custom_model_data": 171 }, "model": "hyparia:furniture/orange_bunch" }, { "predicate": { "custom_model_data": 172 }, "model": "hyparia:furniture/orange" }, { "predicate": { "custom_model_data": 173 }, "model": "hyparia:furniture/peach" }, { "predicate": { "custom_model_data": 174 }, "model": "hyparia:furniture/plum" }, { "predicate": { "custom_model_data": 175 }, "model": "hyparia:furniture/potato" }, { "predicate": { "custom_model_data": 176 }, "model": "hyparia:furniture/pumpkin_large" }, { "predicate": { "custom_model_data": 177 }, "model": "hyparia:furniture/pumpkin_small" }, { "predicate": { "custom_model_data": 178 }, "model": "hyparia:furniture/tangerine" }, { "predicate": { "custom_model_data": 179 }, "model": "hyparia:furniture/backpack_closed" }, { "predicate": { "custom_model_data": 180 }, "model": "hyparia:furniture/backpack_open" }, { "predicate": { "custom_model_data": 181 }, "model": "hyparia:furniture/barrel_rope" }, { "predicate": { "custom_model_data": 182 }, "model": "hyparia:furniture/barrel" }, { "predicate": { "custom_model_data": 183 }, "model": "hyparia:furniture/basket_wooden" }, { "predicate": { "custom_model_data": 184 }, "model": "hyparia:furniture/bin" }, { "predicate": { "custom_model_data": 185 }, "model": "hyparia:furniture/carton" }, { "predicate": { "custom_model_data": 186 }, "model": "hyparia:furniture/crate_lid" }, { "predicate": { "custom_model_data": 187 }, "model": "hyparia:furniture/crate_open" }, { "predicate": { "custom_model_data": 188 }, "model": "hyparia:furniture/crate" }, { "predicate": { "custom_model_data": 189 }, "model": "hyparia:furniture/sack" }, { "predicate": { "custom_model_data": 190 }, "model": "hyparia:furniture/bookshelf_ornate" }, { "predicate": { "custom_model_data": 191 }, "model": "hyparia:furniture/bookshelf" }, { "predicate": { "custom_model_data": 192 }, "model": "hyparia:furniture/mirror" }, { "predicate": { "custom_model_data": 193 }, "model": "hyparia:furniture/pillow_throw_blue" }, { "predicate": { "custom_model_data": 194 }, "model": "hyparia:furniture/bench" }, { "predicate": { "custom_model_data": 195 }, "model": "hyparia:furniture/chair" }, { "predicate": { "custom_model_data": 196 }, "model": "hyparia:furniture/stool" }, { "predicate": { "custom_model_data": 197 }, "model": "hyparia:furniture/throne_stone" }, { "predicate": { "custom_model_data": 198 }, "model": "hyparia:furniture/table_tea" }, { "predicate": { "custom_model_data": 199 }, "model": "hyparia:furniture/table" }, { "predicate": { "custom_model_data": 200 }, "model": "hyparia:furniture/anvil" }, { "predicate": { "custom_model_data": 201 }, "model": "hyparia:furniture/sitting_skeleton" }] }