{"textures":{"0":"modelengine:entity/haunted_knight"},"elements":[{"name":"cube","from":[3.1999998,8.0,3.1999998],"to":[12.8,9.2,12.8],"rotation":{"angle":0.0,"axis":"x","origin":[8.0,8.0,8.0]},"faces":{"down":{"uv":[2.0,2.0,0.0,4.0],"rotation":0,"texture":"#0","tintindex":0},"east":{"uv":[6.25,1.625,8.25,1.875],"rotation":0,"texture":"#0","tintindex":0},"north":{"uv":[5.875,6.125,7.875,6.375],"rotation":0,"texture":"#0","tintindex":0},"south":{"uv":[6.25,1.875,8.25,2.125],"rotation":0,"texture":"#0","tintindex":0},"up":{"uv":[2.0,2.0,0.0,0.0],"rotation":0,"texture":"#0","tintindex":0},"west":{"uv":[6.25,2.125,8.25,2.375],"rotation":0,"texture":"#0","tintindex":0}}}],"display":{"head":{"translation":[0.0,-6.4,0.0],"rotation":[0.0,0.0,0.0],"scale":[3.8095,3.8095,3.8095]}}}