{"textures":{"0":"modelengine:entity/haunted_knight"},"elements":[{"name":"cube","from":[5.6,6.8745584,5.095147],"to":[10.4,9.274559,8.6951475],"rotation":{"angle":0.0,"axis":"x","origin":[8.0,9.8,8.6]},"faces":{"down":{"uv":[5.125,5.375,4.125,6.125],"rotation":0,"texture":"#0","tintindex":0},"east":{"uv":[4.75,6.75,5.5,7.25],"rotation":0,"texture":"#0","tintindex":0},"north":{"uv":[4.75,6.25,5.75,6.75],"rotation":0,"texture":"#0","tintindex":0},"south":{"uv":[6.375,0.75,7.375,1.25],"rotation":0,"texture":"#0","tintindex":0},"up":{"uv":[6.25,2.5,5.25,1.75],"rotation":0,"texture":"#0","tintindex":0},"west":{"uv":[6.875,6.375,7.625,6.875],"rotation":0,"texture":"#0","tintindex":0}}},{"name":"cube","from":[6.2,6.8745584,5.6951475],"to":[9.8,11.674559,9.895147],"rotation":{"angle":0.0,"axis":"x","origin":[8.0,9.8,8.6]},"faces":{"down":{"uv":[2.25,5.5,1.5,6.375],"rotation":0,"texture":"#0","tintindex":0},"east":{"uv":[4.0,2.5,4.875,3.5],"rotation":0,"texture":"#0","tintindex":0},"north":{"uv":[0.75,5.125,1.5,6.125],"rotation":0,"texture":"#0","tintindex":0},"south":{"uv":[3.375,5.375,4.125,6.375],"rotation":0,"texture":"#0","tintindex":0},"up":{"uv":[5.875,6.25,5.125,5.375],"rotation":0,"texture":"#0","tintindex":0},"west":{"uv":[2.5,4.625,3.375,5.625],"rotation":0,"texture":"#0","tintindex":0}}},{"name":"cube","from":[6.2,8.524558,5.995147],"to":[9.8,10.324558,5.995147],"rotation":{"angle":0.0,"axis":"x","origin":[8.0,9.8,8.6]},"faces":{"down":{"uv":[2.25,5.5,1.5,6.375],"rotation":0,"texture":"#0","tintindex":0},"east":{"uv":[4.0,2.5,4.875,3.5],"rotation":0,"texture":"#0","tintindex":0},"north":{"uv":[0.0,8.0,1.25,8.875],"rotation":0,"texture":"#0","tintindex":0},"south":{"uv":[3.375,5.375,4.125,6.375],"rotation":0,"texture":"#0","tintindex":0},"up":{"uv":[5.875,6.25,5.125,5.375],"rotation":0,"texture":"#0","tintindex":0},"west":{"uv":[2.5,4.625,3.375,5.625],"rotation":0,"texture":"#0","tintindex":0}}},{"name":"cube","from":[5.6,9.274559,7.495147],"to":[10.4,10.474558,8.6951475],"rotation":{"angle":0.0,"axis":"x","origin":[8.0,9.8,8.6]},"faces":{"down":{"uv":[8.125,3.0,7.125,3.25],"rotation":0,"texture":"#0","tintindex":0},"east":{"uv":[4.5,3.5,4.75,3.75],"rotation":0,"texture":"#0","tintindex":0},"north":{"uv":[2.5,3.5,3.5,3.75],"rotation":0,"texture":"#0","tintindex":0},"south":{"uv":[7.0,2.75,8.0,3.0],"rotation":0,"texture":"#0","tintindex":0},"up":{"uv":[8.0,6.125,7.0,5.875],"rotation":0,"texture":"#0","tintindex":0},"west":{"uv":[5.625,5.125,5.875,5.375],"rotation":0,"texture":"#0","tintindex":0}}},{"name":"cube","from":[7.4,10.453453,7.00537],"to":[8.6,12.853454,8.80537],"rotation":{"angle":45.0,"axis":"x","origin":[8.0,9.8,8.6]},"faces":{"down":{"uv":[2.625,7.375,2.375,7.75],"rotation":0,"texture":"#0","tintindex":0},"east":{"uv":[3.0,5.625,3.375,6.125],"rotation":0,"texture":"#0","tintindex":0},"north":{"uv":[6.625,7.25,6.875,7.75],"rotation":0,"texture":"#0","tintindex":0},"south":{"uv":[1.875,7.375,2.125,7.875],"rotation":0,"texture":"#0","tintindex":0},"up":{"uv":[2.375,7.75,2.125,7.375],"rotation":0,"texture":"#0","tintindex":0},"west":{"uv":[1.5,7.125,1.875,7.625],"rotation":0,"texture":"#0","tintindex":0}}},{"name":"cube","from":[7.1,8.074558,9.895147],"to":[8.9,12.274558,11.6951475],"rotation":{"angle":0.0,"axis":"x","origin":[8.0,9.8,8.6]},"faces":{"down":{"uv":[1.875,5.125,1.5,5.5],"rotation":0,"texture":"#0","tintindex":0},"east":{"uv":[2.875,7.0,3.25,7.875],"rotation":0,"texture":"#0","tintindex":0},"north":{"uv":[3.75,6.375,4.125,7.25],"rotation":0,"texture":"#0","tintindex":0},"south":{"uv":[3.25,7.0,3.625,7.875],"rotation":0,"texture":"#0","tintindex":0},"up":{"uv":[1.125,5.125,0.75,4.75],"rotation":0,"texture":"#0","tintindex":0},"west":{"uv":[7.0,3.75,7.375,4.625],"rotation":0,"texture":"#0","tintindex":0}}}],"display":{"head":{"translation":[0.0,-6.4,0.0],"rotation":[0.0,0.0,0.0],"scale":[3.8095,3.8095,3.8095]}}}