{"textures":{"0":"modelengine:entity/haunted_knight"},"elements":[{"name":"cube","from":[4.7,9.8,5.8999996],"to":[11.900001,14.0,10.1],"rotation":{"angle":0.0,"axis":"x","origin":[10.1,-3.4000006,5.3]},"faces":{"down":{"uv":[3.5,2.625,2.0,3.5],"rotation":0,"texture":"#0","tintindex":0},"east":{"uv":[4.75,0.0,5.625,0.875],"rotation":0,"texture":"#0","tintindex":0},"north":{"uv":[2.0,0.0,3.5,0.875],"rotation":0,"texture":"#0","tintindex":0},"south":{"uv":[2.0,0.875,3.5,1.75],"rotation":0,"texture":"#0","tintindex":0},"up":{"uv":[3.5,2.625,2.0,1.75],"rotation":0,"texture":"#0","tintindex":0},"west":{"uv":[4.75,0.875,5.625,1.75],"rotation":0,"texture":"#0","tintindex":0}}},{"name":"cube","from":[5.3,6.2,5.8999996],"to":[11.3,9.8,10.1],"rotation":{"angle":0.0,"axis":"x","origin":[10.1,-3.4000006,5.3]},"faces":{"down":{"uv":[4.75,0.875,3.5,1.75],"rotation":0,"texture":"#0","tintindex":0},"east":{"uv":[5.5,3.5,6.375,4.25],"rotation":0,"texture":"#0","tintindex":0},"north":{"uv":[0.0,4.0,1.25,4.75],"rotation":0,"texture":"#0","tintindex":0},"south":{"uv":[4.0,1.75,5.25,2.5],"rotation":0,"texture":"#0","tintindex":0},"up":{"uv":[4.75,0.875,3.5,0.0],"rotation":0,"texture":"#0","tintindex":0},"west":{"uv":[5.625,0.0,6.5,0.75],"rotation":0,"texture":"#0","tintindex":0}}},{"name":"cube","from":[7.1,-2.8000002,3.4999998],"to":[9.5,6.8,4.1],"rotation":{"angle":0.0,"axis":"x","origin":[10.1,-3.4000006,5.3]},"faces":{"down":{"uv":[6.125,1.625,5.625,1.75],"rotation":0,"texture":"#0","tintindex":0},"east":{"uv":[5.5,6.75,5.625,8.75],"rotation":0,"texture":"#0","tintindex":0},"north":{"uv":[3.5,1.75,4.0,3.75],"rotation":0,"texture":"#0","tintindex":0},"south":{"uv":[2.0,3.5,2.5,5.5],"rotation":0,"texture":"#0","tintindex":0},"up":{"uv":[5.25,4.625,4.75,4.5],"rotation":0,"texture":"#0","tintindex":0},"west":{"uv":[5.625,6.75,5.75,8.75],"rotation":0,"texture":"#0","tintindex":0}}},{"name":"cube","from":[5.8999996,6.8,3.4999998],"to":[10.700001,8.0,4.1],"rotation":{"angle":0.0,"axis":"x","origin":[10.1,-3.4000006,5.3]},"faces":{"down":{"uv":[8.375,3.875,7.375,4.0],"rotation":0,"texture":"#0","tintindex":0},"east":{"uv":[1.125,4.75,1.25,5.0],"rotation":0,"texture":"#0","tintindex":0},"north":{"uv":[7.125,3.25,8.125,3.5],"rotation":0,"texture":"#0","tintindex":0},"south":{"uv":[7.125,3.5,8.125,3.75],"rotation":0,"texture":"#0","tintindex":0},"up":{"uv":[8.375,3.875,7.375,3.75],"rotation":0,"texture":"#0","tintindex":0},"west":{"uv":[1.875,5.125,2.0,5.375],"rotation":0,"texture":"#0","tintindex":0}}},{"name":"cube","from":[7.7,8.0,3.4999998],"to":[8.9,11.6,4.1],"rotation":{"angle":0.0,"axis":"x","origin":[10.1,-3.4000006,5.3]},"faces":{"down":{"uv":[2.5,5.5,2.25,5.625],"rotation":0,"texture":"#0","tintindex":0},"east":{"uv":[7.375,6.875,7.5,7.625],"rotation":0,"texture":"#0","tintindex":0},"north":{"uv":[3.625,7.25,3.875,8.0],"rotation":0,"texture":"#0","tintindex":0},"south":{"uv":[3.875,7.25,4.125,8.0],"rotation":0,"texture":"#0","tintindex":0},"up":{"uv":[5.5,4.625,5.25,4.5],"rotation":0,"texture":"#0","tintindex":0},"west":{"uv":[7.5,0.0,7.625,0.75],"rotation":0,"texture":"#0","tintindex":0}}},{"name":"cube","from":[11.3,3.7999997,5.3],"to":[11.900001,7.4,10.700001],"rotation":{"angle":22.5,"axis":"z","origin":[11.0,5.6,8.0]},"faces":{"down":{"uv":[6.625,7.25,6.5,8.375],"rotation":0,"texture":"#0","tintindex":0},"east":{"uv":[3.375,4.625,4.5,5.375],"rotation":0,"texture":"#0","tintindex":0},"north":{"uv":[2.625,7.375,2.75,8.125],"rotation":0,"texture":"#0","tintindex":0},"south":{"uv":[2.75,7.375,2.875,8.125],"rotation":0,"texture":"#0","tintindex":0},"up":{"uv":[6.5,8.375,6.375,7.25],"rotation":0,"texture":"#0","tintindex":0},"west":{"uv":[4.5,4.625,5.625,5.375],"rotation":0,"texture":"#0","tintindex":0}}},{"name":"cube","from":[4.7,3.7999997,5.3],"to":[5.3,7.4,10.700001],"rotation":{"angle":-22.5,"axis":"z","origin":[5.6,5.6,8.0]},"faces":{"down":{"uv":[6.5,7.25,6.625,8.375],"rotation":0,"texture":"#0","tintindex":0},"east":{"uv":[5.625,4.625,4.5,5.375],"rotation":0,"texture":"#0","tintindex":0},"north":{"uv":[2.75,7.375,2.625,8.125],"rotation":0,"texture":"#0","tintindex":0},"south":{"uv":[2.875,7.375,2.75,8.125],"rotation":0,"texture":"#0","tintindex":0},"up":{"uv":[6.375,8.375,6.5,7.25],"rotation":0,"texture":"#0","tintindex":0},"west":{"uv":[4.5,4.625,3.375,5.375],"rotation":0,"texture":"#0","tintindex":0}}}],"display":{"head":{"translation":[0.0,-6.4,0.0],"rotation":[0.0,0.0,0.0],"scale":[3.8095,3.8095,3.8095]}}}