{"textures":{"0":"modelengine:entity/haunted_knight"},"elements":[{"name":"cube","from":[6.5,3.1999998,4.3999996],"to":[9.5,8.0,8.0],"rotation":{"angle":0.0,"axis":"x","origin":[11.3,-4.6000004,3.4999998]},"faces":{"down":{"uv":[6.375,2.375,7.0,3.125],"rotation":0,"texture":"#0","tintindex":0},"east":{"uv":[5.625,2.5,4.875,3.5],"rotation":0,"texture":"#0","tintindex":0},"north":{"uv":[0.625,5.875,0.0,6.875],"rotation":0,"texture":"#0","tintindex":0},"south":{"uv":[6.5,5.125,5.875,6.125],"rotation":0,"texture":"#0","tintindex":0},"up":{"uv":[1.25,7.125,1.875,6.375],"rotation":0,"texture":"#0","tintindex":0},"west":{"uv":[5.5,3.5,4.75,4.5],"rotation":0,"texture":"#0","tintindex":0}}},{"name":"cube","from":[6.5,0.19999981,4.1],"to":[8.9,3.1999998,7.7],"rotation":{"angle":-45.0,"axis":"y","origin":[7.7,1.9999998,5.8999996]},"faces":{"down":{"uv":[6.5,5.375,7.0,6.125],"rotation":0,"texture":"#0","tintindex":0},"east":{"uv":[7.125,3.125,6.375,3.75],"rotation":0,"texture":"#0","tintindex":0},"north":{"uv":[4.625,7.0,4.125,7.625],"rotation":0,"texture":"#0","tintindex":0},"south":{"uv":[7.5,4.625,7.0,5.25],"rotation":0,"texture":"#0","tintindex":0},"up":{"uv":[6.5,0.75,7.0,0.0],"rotation":0,"texture":"#0","tintindex":0},"west":{"uv":[3.75,6.375,3.0,7.0],"rotation":0,"texture":"#0","tintindex":0}}}],"display":{"head":{"translation":[0.0,-6.4,0.0],"rotation":[0.0,0.0,0.0],"scale":[3.8095,3.8095,3.8095]}}}