{"textures":{"0":"modelengine:entity/haunted_knight"},"elements":[{"name":"cube","from":[4.3999996,6.2,5.0],"to":[8.0,10.4,10.4],"rotation":{"angle":0.0,"axis":"x","origin":[9.8,-8.200001,5.0]},"faces":{"down":{"uv":[0.0,4.75,0.75,5.875],"rotation":0,"texture":"#0","tintindex":0},"east":{"uv":[4.75,3.75,3.625,4.625],"rotation":0,"texture":"#0","tintindex":0},"north":{"uv":[6.375,2.5,5.625,3.375],"rotation":0,"texture":"#0","tintindex":0},"south":{"uv":[6.375,4.25,5.625,5.125],"rotation":0,"texture":"#0","tintindex":0},"up":{"uv":[1.25,5.125,2.0,4.0],"rotation":0,"texture":"#0","tintindex":0},"west":{"uv":[3.625,3.75,2.5,4.625],"rotation":0,"texture":"#0","tintindex":0}}},{"name":"cube","from":[5.0,4.3999996,5.6],"to":[8.0,6.2,9.8],"rotation":{"angle":0.0,"axis":"x","origin":[9.8,-8.200001,5.0]},"faces":{"down":{"uv":[4.125,6.125,4.75,7.0],"rotation":0,"texture":"#0","tintindex":0},"east":{"uv":[7.875,2.375,7.0,2.75],"rotation":0,"texture":"#0","tintindex":0},"north":{"uv":[6.375,7.125,5.75,7.5],"rotation":0,"texture":"#0","tintindex":0},"south":{"uv":[7.875,1.25,7.25,1.625],"rotation":0,"texture":"#0","tintindex":0},"up":{"uv":[0.625,7.0,1.25,6.125],"rotation":0,"texture":"#0","tintindex":0},"west":{"uv":[7.25,1.25,6.375,1.625],"rotation":0,"texture":"#0","tintindex":0}}}],"display":{"head":{"translation":[0.0,-6.4,0.0],"rotation":[0.0,0.0,0.0],"scale":[3.8095,3.8095,3.8095]}}}