{"textures":{"0":"modelengine:entity/haunted_knight"},"elements":[{"name":"cube","from":[6.8,4.3999996,8.0],"to":[9.2,8.0,11.0],"rotation":{"angle":0.0,"axis":"x","origin":[8.0,2.6,6.8]},"faces":{"down":{"uv":[1.5,7.125,1.0,7.75],"rotation":0,"texture":"#0","tintindex":0},"east":{"uv":[6.375,3.75,7.0,4.5],"rotation":0,"texture":"#0","tintindex":0},"north":{"uv":[7.0,0.0,7.5,0.75],"rotation":0,"texture":"#0","tintindex":0},"south":{"uv":[0.5,7.0,1.0,7.75],"rotation":0,"texture":"#0","tintindex":0},"up":{"uv":[7.5,5.875,7.0,5.25],"rotation":0,"texture":"#0","tintindex":0},"west":{"uv":[5.75,6.375,6.375,7.125],"rotation":0,"texture":"#0","tintindex":0}}},{"name":"cube","from":[6.8,3.1999998,6.8],"to":[9.2,4.3999996,11.0],"rotation":{"angle":0.0,"axis":"x","origin":[8.0,2.6,6.8]},"faces":{"down":{"uv":[7.0,4.5,6.5,5.375],"rotation":0,"texture":"#0","tintindex":0},"east":{"uv":[4.625,7.25,5.5,7.5],"rotation":0,"texture":"#0","tintindex":0},"north":{"uv":[4.0,3.5,4.5,3.75],"rotation":0,"texture":"#0","tintindex":0},"south":{"uv":[7.375,1.0,7.875,1.25],"rotation":0,"texture":"#0","tintindex":0},"up":{"uv":[2.875,7.375,2.375,6.5],"rotation":0,"texture":"#0","tintindex":0},"west":{"uv":[7.375,0.75,8.25,1.0],"rotation":0,"texture":"#0","tintindex":0}}}],"display":{"head":{"translation":[0.0,-6.4,0.0],"rotation":[0.0,0.0,0.0],"scale":[3.8095,3.8095,3.8095]}}}