{ "credit": "Model by Elsweyr, forked by HypariaMC", "textures": { "particle": "hyparia:furniture/anvil", "texture": "hyparia:furniture/anvil" }, "elements": [{ "__comment": "Base", "from": [4, 0, 4], "to": [12, 3, 12], "faces": { "down": { "uv": [12, 10.5, 16, 14.5], "texture": "#texture" }, "up": { "uv": [12, 10.5, 16, 14.5], "texture": "#texture" }, "north": { "uv": [12, 14.5, 16, 16], "texture": "#texture" }, "south": { "uv": [12, 14.5, 16, 16], "texture": "#texture" }, "west": { "uv": [12, 14.5, 16, 16], "texture": "#texture" }, "east": { "uv": [12, 14.5, 16, 16], "texture": "#texture" } } }, { "__comment": "Neck", "from": [5.5, 3, 5.5], "to": [10.5, 11, 10.5], "faces": { "down": { "uv": [0, 9.5, 2.5, 12], "texture": "#texture" }, "up": { "uv": [0, 9.5, 2.5, 12], "texture": "#texture" }, "north": { "uv": [0, 12, 2.5, 16], "texture": "#texture" }, "south": { "uv": [0, 12, 2.5, 16], "texture": "#texture" }, "west": { "uv": [0, 12, 2.5, 16], "texture": "#texture" }, "east": { "uv": [0, 12, 2.5, 16], "texture": "#texture" } } }, { "__comment": "Anvil L 1", "from": [1.5, 6.5, 6], "to": [5.5, 10.5, 10], "faces": { "down": { "uv": [10, 0, 12, 2], "texture": "#texture" }, "up": { "uv": [12, 0, 14, 2], "texture": "#texture" }, "north": { "uv": [14, 0, 16, 2], "texture": "#texture" }, "south": { "uv": [14, 0, 16, 2], "texture": "#texture" }, "west": { "uv": [14, 0, 16, 2], "texture": "#texture" }, "east": { "uv": [14, 0, 16, 2], "texture": "#texture" } } }, { "__comment": "Anvil L 2", "from": [-1.5, 7.5, 6.5], "to": [1.5, 10.5, 9.5], "faces": { "down": { "uv": [11.5, 2, 13, 3.5], "texture": "#texture" }, "up": { "uv": [13, 2, 14.5, 3.5], "texture": "#texture" }, "north": { "uv": [14.5, 2, 16, 3.5], "texture": "#texture" }, "south": { "uv": [14.5, 2, 16, 3.5], "texture": "#texture" }, "west": { "uv": [14.5, 2, 16, 3.5], "texture": "#texture" }, "east": { "uv": [14.5, 2, 16, 3.5], "texture": "#texture" } } }, { "__comment": "Anvil L 3", "from": [-3.5, 8.5, 7], "to": [-1.5, 10.5, 9], "faces": { "down": { "uv": [13, 3.5, 14, 4.5], "texture": "#texture" }, "up": { "uv": [14, 3.5, 15, 4.5], "texture": "#texture" }, "north": { "uv": [15, 3.5, 16, 4.5], "texture": "#texture" }, "south": { "uv": [15, 3.5, 16, 4.5], "texture": "#texture" }, "west": { "uv": [15, 3.5, 16, 4.5], "texture": "#texture" }, "east": { "uv": [15, 3.5, 16, 4.5], "texture": "#texture" } } }, { "__comment": "Anvil L 1", "from": [10.5, 6.5, 6], "to": [14.5, 10.5, 10], "faces": { "down": { "uv": [10, 0, 12, 2], "texture": "#texture" }, "up": { "uv": [12, 0, 14, 2], "texture": "#texture" }, "north": { "uv": [14, 0, 16, 2], "texture": "#texture" }, "south": { "uv": [14, 0, 16, 2], "texture": "#texture" }, "west": { "uv": [14, 0, 16, 2], "texture": "#texture" }, "east": { "uv": [14, 0, 16, 2], "texture": "#texture" } } }, { "__comment": "Anvil L 2", "from": [14.5, 7.5, 6.5], "to": [17.5, 10.5, 9.5], "faces": { "down": { "uv": [11.5, 2, 13, 3.5], "texture": "#texture" }, "up": { "uv": [13, 2, 14.5, 3.5], "texture": "#texture" }, "north": { "uv": [14.5, 2, 16, 3.5], "texture": "#texture" }, "south": { "uv": [14.5, 2, 16, 3.5], "texture": "#texture" }, "west": { "uv": [14.5, 2, 16, 3.5], "texture": "#texture" }, "east": { "uv": [14.5, 2, 16, 3.5], "texture": "#texture" } } }, { "__comment": "Anvil L 3", "from": [17.5, 8.5, 7], "to": [19.5, 10.5, 9], "faces": { "down": { "uv": [13, 3.5, 14, 4.5], "texture": "#texture" }, "up": { "uv": [14, 3.5, 15, 4.5], "texture": "#texture" }, "north": { "uv": [15, 3.5, 16, 4.5], "texture": "#texture" }, "south": { "uv": [15, 3.5, 16, 4.5], "texture": "#texture" }, "west": { "uv": [15, 3.5, 16, 4.5], "texture": "#texture" }, "east": { "uv": [15, 3.5, 16, 4.5], "texture": "#texture" } } }], "display": { "thirdperson_righthand": { "translation": [0, 3.0108, 0], "scale": [0.5, 0.5, 0.5] }, "thirdperson_lefthand": { "translation": [0, 3.0108, 0], "scale": [0.5, 0.5, 0.5] }, "firstperson_righthand": { "translation": [0, 1.9184, 0], "scale": [0.5, 0.5, 0.5] }, "firstperson_lefthand": { "translation": [0, 1.9184, 0], "scale": [0.5, 0.5, 0.5] }, "gui": { "rotation": [22, -25, 0], "scale": [0.5, 0.5, 0.5] }, "head": { "translation": [0, -30.04, 0], "scale": [1.65, 1.65, 1.65] }, "ground": { "translation": [0, 3.5326, 0], "scale": [0.5, 0.5, 0.5] } } }