{ "credit": "Model by Elsweyr, forked by HypariaMC", "textures": { "particle": "hyparia:furniture/apiary", "texture": "hyparia:furniture/apiary" }, "elements": [{ "name": "Side", "from": [11.99916, -0.00017, -1.74972], "to": [19.99916, 13.99983, 0.25028], "rotation": { "angle": -45, "axis": "y", "origin": [12, 0, -1.75] }, "faces": { "north": { "uv": [12, 12.5, 14, 16], "texture": "#texture" }, "east": { "uv": [11.5, 12.5, 12, 16], "texture": "#texture" }, "south": { "uv": [12, 12.5, 14, 16], "texture": "#texture" }, "west": { "uv": [11.5, 12.5, 12, 16], "texture": "#texture" }, "up": { "uv": [12, 12, 14, 12.5], "texture": "#texture" }, "down": { "uv": [12, 12, 14, 12.5], "texture": "#texture" } } }, { "name": "Side", "from": [3.96788, -0.00048, 7.53285], "to": [11.96788, 13.99952, 9.53285], "rotation": { "angle": 45, "axis": "y", "origin": [17.625, 0, 3.875] }, "faces": { "north": { "uv": [12, 12.5, 14, 16], "texture": "#texture" }, "east": { "uv": [11.5, 12.5, 12, 16], "texture": "#texture" }, "south": { "uv": [12, 12.5, 14, 16], "texture": "#texture" }, "west": { "uv": [11.5, 12.5, 12, 16], "texture": "#texture" }, "up": { "uv": [12, 12, 14, 12.5], "rotation": 180, "texture": "#texture" }, "down": { "uv": [12, 12, 14, 12.5], "rotation": 180, "texture": "#texture" } } }, { "name": "Side", "from": [4.03242, -0.0004, 6.21733], "to": [12.03242, 13.9996, 8.21733], "rotation": { "angle": 45, "axis": "y", "origin": [-1.625, 0, 11.875] }, "faces": { "north": { "uv": [12, 12.5, 14, 16], "texture": "#texture" }, "east": { "uv": [11.5, 12.5, 12, 16], "texture": "#texture" }, "south": { "uv": [12, 12.5, 14, 16], "texture": "#texture" }, "west": { "uv": [11.5, 12.5, 12, 16], "texture": "#texture" }, "up": { "uv": [12, 12, 14, 12.5], "texture": "#texture" }, "down": { "uv": [12, 12, 14, 12.5], "texture": "#texture" } } }, { "name": "Side", "from": [6.34287, -0.00015, 3.84296], "to": [8.34287, 13.99985, 11.84296], "rotation": { "angle": 45, "axis": "y", "origin": [12, 0, 17.5] }, "faces": { "north": { "uv": [11.5, 12.5, 12, 16], "texture": "#texture" }, "east": { "uv": [12, 12.5, 14, 16], "texture": "#texture" }, "south": { "uv": [11.5, 12.5, 12, 16], "texture": "#texture" }, "west": { "uv": [12, 12.5, 14, 16], "texture": "#texture" }, "up": { "uv": [12, 12, 14, 12.5], "rotation": 270, "texture": "#texture" }, "down": { "uv": [12, 12, 14, 12.5], "rotation": 90, "texture": "#texture" } } }, { "name": "Leg 1", "from": [1.99933, -6.49902, 1.99979], "to": [3.99933, 1.50098, 3.99979], "faces": { "north": { "uv": [15.5, 9.5, 16, 11.5], "texture": "#texture" }, "east": { "uv": [15.5, 9.5, 16, 11.5], "texture": "#texture" }, "south": { "uv": [15.5, 9.5, 16, 11.5], "texture": "#texture" }, "west": { "uv": [15.5, 9.5, 16, 11.5], "texture": "#texture" }, "up": { "uv": [15, 11.5, 15.5, 12], "texture": "#texture" }, "down": { "uv": [15, 11.5, 15.5, 12], "texture": "#texture" } } }, { "name": "Leg 2", "from": [11.99949, -6.50042, 1.99923], "to": [13.99949, 1.49958, 3.99923], "faces": { "north": { "uv": [15.5, 9.5, 16, 11.5], "texture": "#texture" }, "east": { "uv": [15.5, 9.5, 16, 11.5], "texture": "#texture" }, "south": { "uv": [15.5, 9.5, 16, 11.5], "texture": "#texture" }, "west": { "uv": [15.5, 9.5, 16, 11.5], "texture": "#texture" }, "up": { "uv": [15, 11.5, 15.5, 12], "texture": "#texture" }, "down": { "uv": [15, 11.5, 15.5, 12], "texture": "#texture" } } }, { "name": "Leg 3", "from": [11.99958, -6.50062, 12.00011], "to": [13.99958, 1.49938, 14.00011], "faces": { "north": { "uv": [15.5, 9.5, 16, 11.5], "texture": "#texture" }, "east": { "uv": [15.5, 9.5, 16, 11.5], "texture": "#texture" }, "south": { "uv": [15.5, 9.5, 16, 11.5], "texture": "#texture" }, "west": { "uv": [15.5, 9.5, 16, 11.5], "texture": "#texture" }, "up": { "uv": [15, 11.5, 15.5, 12], "texture": "#texture" }, "down": { "uv": [15, 11.5, 15.5, 12], "texture": "#texture" } } }, { "name": "Leg 4", "from": [1.99994, -6.50049, 12.00072], "to": [3.99994, 1.49951, 14.00072], "faces": { "north": { "uv": [15.5, 9.5, 16, 11.5], "texture": "#texture" }, "east": { "uv": [15.5, 9.5, 16, 11.5], "texture": "#texture" }, "south": { "uv": [15.5, 9.5, 16, 11.5], "texture": "#texture" }, "west": { "uv": [15.5, 9.5, 16, 11.5], "texture": "#texture" }, "up": { "uv": [15, 11.5, 15.5, 12], "texture": "#texture" }, "down": { "uv": [15, 11.5, 15.5, 12], "texture": "#texture" } } }, { "name": "Entrance", "from": [6.00001, 2.50068, -3.00019], "to": [7.00001, 5.50069, -2.0002], "faces": { "north": { "uv": [11.25, 14.25, 11.5, 15], "texture": "#texture" }, "east": { "uv": [10, 14.25, 10.25, 15], "texture": "#texture" }, "south": { "uv": [11.25, 14.25, 11.5, 15], "texture": "#texture" }, "west": { "uv": [9.75, 14.25, 10, 15], "texture": "#texture" }, "up": { "uv": [9.75, 13.25, 10, 13.5], "texture": "#texture" }, "down": { "uv": [9.75, 13.25, 10, 13.5], "texture": "#texture" } } }, { "name": "Entrance2", "from": [6.00066, 5.5, -2.99956], "to": [10.00066, 6.5, -1.99956], "faces": { "north": { "uv": [10.5, 14, 11.5, 14.25], "texture": "#texture" }, "east": { "uv": [9.75, 14, 10, 14.25], "texture": "#texture" }, "south": { "uv": [10.5, 14, 11.5, 14.25], "texture": "#texture" }, "west": { "uv": [9.75, 14, 10, 14.25], "texture": "#texture" }, "up": { "uv": [11.5, 13.5, 10.5, 13.25], "texture": "#texture" }, "down": { "uv": [10.5, 13.5, 11.5, 13.75], "texture": "#texture" } } }, { "name": "Entrance3", "from": [5.99946, 1.50085, -4.00005], "to": [9.99946, 2.50085, -2.00005], "faces": { "north": { "uv": [10.5, 15, 11.5, 15.25], "texture": "#texture" }, "east": { "uv": [8.5, 15.75, 9, 16], "texture": "#texture" }, "south": { "uv": [10.5, 15, 11.5, 15.25], "texture": "#texture" }, "west": { "uv": [8.5, 15.75, 9, 16], "texture": "#texture" }, "up": { "uv": [10.5, 16, 11.5, 15.5], "texture": "#texture" }, "down": { "uv": [9.25, 16, 10.25, 15.5], "texture": "#texture" } } }, { "name": "Entrance", "from": [-2.50028, 2.50084, 9.00049], "to": [-1.50028, 5.50084, 10.00049], "faces": { "north": { "uv": [10, 14.25, 10.25, 15], "texture": "#texture" }, "east": { "uv": [11.25, 14.25, 11.5, 15], "texture": "#texture" }, "south": { "uv": [9.75, 14.25, 10, 15], "texture": "#texture" }, "west": { "uv": [11.25, 14.25, 11.5, 15], "texture": "#texture" }, "up": { "uv": [9.75, 13.25, 10, 13.5], "rotation": 270, "texture": "#texture" }, "down": { "uv": [9.75, 13.25, 10, 13.5], "rotation": 90, "texture": "#texture" } } }, { "name": "Entrance2", "from": [-2.50079, 5.49916, 6.00006], "to": [-1.50079, 6.49916, 10.00006], "faces": { "north": { "uv": [9.75, 14, 10, 14.25], "texture": "#texture" }, "east": { "uv": [10.5, 14, 11.5, 14.25], "texture": "#texture" }, "south": { "uv": [9.75, 14, 10, 14.25], "texture": "#texture" }, "west": { "uv": [10.5, 14, 11.5, 14.25], "texture": "#texture" }, "up": { "uv": [11.5, 13.5, 10.5, 13.25], "rotation": 270, "texture": "#texture" }, "down": { "uv": [10.5, 13.5, 11.5, 13.75], "rotation": 90, "texture": "#texture" } } }, { "name": "Entrance3", "from": [-3.49956, 1.49933, 6.00002], "to": [-1.49956, 2.49933, 10.00002], "faces": { "north": { "uv": [8.5, 15.75, 9, 16], "texture": "#texture" }, "east": { "uv": [10.5, 15, 11.5, 15.25], "texture": "#texture" }, "south": { "uv": [8.5, 15.75, 9, 16], "texture": "#texture" }, "west": { "uv": [10.5, 15, 11.5, 15.25], "texture": "#texture" }, "up": { "uv": [10.5, 16, 11.5, 15.5], "rotation": 270, "texture": "#texture" }, "down": { "uv": [9.25, 16, 10.25, 15.5], "rotation": 90, "texture": "#texture" } } }, { "name": "Entrance", "from": [9.00046, 2.49932, 17.49917], "to": [10.00046, 5.49932, 18.49917], "faces": { "north": { "uv": [11.25, 14.25, 11.5, 15], "texture": "#texture" }, "east": { "uv": [9.75, 14.25, 10, 15], "texture": "#texture" }, "south": { "uv": [11.25, 14.25, 11.5, 15], "texture": "#texture" }, "west": { "uv": [10, 14.25, 10.25, 15], "texture": "#texture" }, "up": { "uv": [9.75, 13.25, 10, 13.5], "rotation": 180, "texture": "#texture" }, "down": { "uv": [9.75, 13.25, 10, 13.5], "rotation": 180, "texture": "#texture" } } }, { "name": "Entrance2", "from": [5.99931, 5.50013, 17.49945], "to": [9.99931, 6.50013, 18.49945], "faces": { "north": { "uv": [10.5, 14, 11.5, 14.25], "texture": "#texture" }, "east": { "uv": [9.75, 14, 10, 14.25], "texture": "#texture" }, "south": { "uv": [10.5, 14, 11.5, 14.25], "texture": "#texture" }, "west": { "uv": [9.75, 14, 10, 14.25], "texture": "#texture" }, "up": { "uv": [11.5, 13.5, 10.5, 13.25], "rotation": 180, "texture": "#texture" }, "down": { "uv": [10.5, 13.5, 11.5, 13.75], "rotation": 180, "texture": "#texture" } } }, { "name": "Entrance3", "from": [6.00055, 1.49981, 17.50026], "to": [10.00055, 2.49981, 19.50026], "faces": { "north": { "uv": [10.5, 15, 11.5, 15.25], "texture": "#texture" }, "east": { "uv": [8.5, 15.75, 9, 16], "texture": "#texture" }, "south": { "uv": [10.5, 15, 11.5, 15.25], "texture": "#texture" }, "west": { "uv": [8.5, 15.75, 9, 16], "texture": "#texture" }, "up": { "uv": [10.5, 16, 11.5, 15.5], "rotation": 180, "texture": "#texture" }, "down": { "uv": [9.25, 16, 10.25, 15.5], "rotation": 180, "texture": "#texture" } } }, { "name": "Entrance", "from": [17.62506, 2.50023, 5.99963], "to": [18.62506, 5.50023, 6.99963], "faces": { "north": { "uv": [9.75, 14.25, 10, 15], "texture": "#texture" }, "east": { "uv": [11.25, 14.25, 11.5, 15], "texture": "#texture" }, "south": { "uv": [10, 14.25, 10.25, 15], "texture": "#texture" }, "west": { "uv": [11.25, 14.25, 11.5, 15], "texture": "#texture" }, "up": { "uv": [9.75, 13.25, 10, 13.5], "rotation": 90, "texture": "#texture" }, "down": { "uv": [9.75, 13.25, 10, 13.5], "rotation": 270, "texture": "#texture" } } }, { "name": "Entrance2", "from": [17.62461, 5.50017, 6.00066], "to": [18.62461, 6.50017, 10.00066], "faces": { "north": { "uv": [9.75, 14, 10, 14.25], "texture": "#texture" }, "east": { "uv": [10.5, 14, 11.5, 14.25], "texture": "#texture" }, "south": { "uv": [9.75, 14, 10, 14.25], "texture": "#texture" }, "west": { "uv": [10.5, 14, 11.5, 14.25], "texture": "#texture" }, "up": { "uv": [11.5, 13.5, 10.5, 13.25], "rotation": 90, "texture": "#texture" }, "down": { "uv": [10.5, 13.5, 11.5, 13.75], "rotation": 270, "texture": "#texture" } } }, { "name": "Entrance3", "from": [17.62514, 1.50075, 5.99946], "to": [19.62514, 2.50075, 9.99946], "faces": { "north": { "uv": [8.5, 15.75, 9, 16], "texture": "#texture" }, "east": { "uv": [10.5, 15, 11.5, 15.25], "texture": "#texture" }, "south": { "uv": [8.5, 15.75, 9, 16], "texture": "#texture" }, "west": { "uv": [10.5, 15, 11.5, 15.25], "texture": "#texture" }, "up": { "uv": [10.5, 16, 11.5, 15.5], "rotation": 90, "texture": "#texture" }, "down": { "uv": [9.25, 16, 10.25, 15.5], "rotation": 270, "texture": "#texture" } } }, { "name": "Side", "from": [4.00049, -0.00043, -1.75071], "to": [12.00048, 13.99957, 0.24929], "faces": { "north": { "uv": [14, 12.5, 16, 16], "texture": "#texture" }, "east": { "uv": [11.5, 12.5, 12, 16], "texture": "#texture" }, "south": { "uv": [14, 12.5, 16, 16], "texture": "#texture" }, "west": { "uv": [11.5, 12.5, 12, 16], "texture": "#texture" }, "up": { "uv": [14, 12, 16, 12.5], "texture": "#texture" }, "down": { "uv": [14, 12, 16, 12.5], "texture": "#texture" } } }, { "name": "Side", "from": [15.62583, -0.00086, 3.87551], "to": [17.62583, 13.99914, 11.87551], "faces": { "north": { "uv": [11.5, 12.5, 12, 16], "texture": "#texture" }, "east": { "uv": [14, 12.5, 16, 16], "texture": "#texture" }, "south": { "uv": [11.5, 12.5, 12, 16], "texture": "#texture" }, "west": { "uv": [14, 12.5, 16, 16], "texture": "#texture" }, "up": { "uv": [14, 12, 16, 12.5], "rotation": 90, "texture": "#texture" }, "down": { "uv": [14, 12, 16, 12.5], "rotation": 270, "texture": "#texture" } } }, { "name": "Side", "from": [-1.62459, -0.00097, 3.87481], "to": [0.37541, 13.99903, 11.87481], "faces": { "north": { "uv": [11.5, 12.5, 12, 16], "texture": "#texture" }, "east": { "uv": [14, 12.5, 16, 16], "texture": "#texture" }, "south": { "uv": [11.5, 12.5, 12, 16], "texture": "#texture" }, "west": { "uv": [14, 12.5, 16, 16], "texture": "#texture" }, "up": { "uv": [14, 12, 16, 12.5], "rotation": 270, "texture": "#texture" }, "down": { "uv": [14, 12, 16, 12.5], "rotation": 90, "texture": "#texture" } } }, { "name": "Side", "from": [3.99928, 0.00061, 15.50035], "to": [11.99928, 14.00062, 17.50035], "faces": { "north": { "uv": [14, 12.5, 16, 16], "texture": "#texture" }, "east": { "uv": [11.5, 12.5, 12, 16], "texture": "#texture" }, "south": { "uv": [14, 12.5, 16, 16], "texture": "#texture" }, "west": { "uv": [11.5, 12.5, 12, 16], "texture": "#texture" }, "up": { "uv": [14, 12, 16, 12.5], "rotation": 180, "texture": "#texture" }, "down": { "uv": [14, 12, 16, 12.5], "rotation": 180, "texture": "#texture" } } }, { "name": "Roof", "from": [-2.00094, 13.00007, -2.99954], "to": [17.99906, 13.00107, 13.00046], "rotation": { "angle": -45, "axis": "x", "origin": [-2, 13, -3] }, "faces": { "up": { "uv": [11, 0, 16, 4], "texture": "#texture" }, "down": { "uv": [11, 0, 16, 4], "rotation": 180, "texture": "#texture" } } }, { "name": "Roof", "from": [-2.99966, 12.99926, -2.00021], "to": [13.00034, 13.00026, 17.99979], "rotation": { "angle": 45, "axis": "z", "origin": [-3, 13, 18] }, "faces": { "up": { "uv": [11, 0, 16, 4], "rotation": 270, "texture": "#texture" }, "down": { "uv": [11, 0, 16, 4], "rotation": 270, "texture": "#texture" } } }, { "name": "Roof", "from": [-1.99995, 12.99985, 3.00094], "to": [18.00005, 13.00085, 19.00093], "rotation": { "angle": 45, "axis": "x", "origin": [18, 13, 19] }, "faces": { "up": { "uv": [11, 0, 16, 4], "rotation": 180, "texture": "#texture" }, "down": { "uv": [11, 0, 16, 4], "texture": "#texture" } } }, { "name": "Roof", "from": [3.00098, 12.99905, -1.99954], "to": [19.00098, 13.00006, 18.00046], "rotation": { "angle": -45, "axis": "z", "origin": [19, 13, -2] }, "faces": { "up": { "uv": [11, 0, 16, 4], "rotation": 90, "texture": "#texture" }, "down": { "uv": [11, 0, 16, 4], "rotation": 90, "texture": "#texture" } } }, { "name": "Entrance1", "from": [9.00043, 2.49974, -2.99982], "to": [10.00043, 5.49974, -1.99982], "faces": { "north": { "uv": [10.5, 14.25, 10.75, 15], "texture": "#texture" }, "east": { "uv": [10, 14.25, 9.75, 15], "texture": "#texture" }, "south": { "uv": [10.5, 14.25, 10.75, 15], "texture": "#texture" }, "west": { "uv": [10, 14.25, 10.25, 15], "texture": "#texture" }, "up": { "uv": [6, 13, 7, 14], "texture": "#texture" }, "down": { "uv": [6, 13, 7, 14], "texture": "#texture" } } }, { "name": "PlaneY24", "from": [-0.00091, 0.50084, -0.00033], "to": [15.99909, 0.50184, 15.99967], "faces": { "up": { "uv": [0, 12, 4, 16], "texture": "#texture" }, "down": { "uv": [0, 12, 4, 16], "texture": "#texture" } } }, { "name": "Entrance1", "from": [-2.50052, 2.49962, 5.99924], "to": [-1.50052, 5.49962, 6.99924], "faces": { "north": { "uv": [10, 14.25, 9.75, 15], "texture": "#texture" }, "east": { "uv": [10.5, 14.25, 10.75, 15], "texture": "#texture" }, "south": { "uv": [10, 14.25, 10.25, 15], "texture": "#texture" }, "west": { "uv": [10.5, 14.25, 10.75, 15], "texture": "#texture" }, "up": { "uv": [6, 13, 7, 14], "rotation": 270, "texture": "#texture" }, "down": { "uv": [6, 13, 7, 14], "rotation": 90, "texture": "#texture" } } }, { "name": "Entrance1", "from": [5.99908, 2.50013, 17.50069], "to": [6.99908, 5.50013, 18.50069], "faces": { "north": { "uv": [10.5, 14.25, 10.75, 15], "texture": "#texture" }, "east": { "uv": [10, 14.25, 10.25, 15], "texture": "#texture" }, "south": { "uv": [10.5, 14.25, 10.75, 15], "texture": "#texture" }, "west": { "uv": [10, 14.25, 9.75, 15], "texture": "#texture" }, "up": { "uv": [6, 13, 7, 14], "rotation": 180, "texture": "#texture" }, "down": { "uv": [6, 13, 7, 14], "rotation": 180, "texture": "#texture" } } }, { "name": "Entrance1", "from": [17.62533, 2.49922, 9.00032], "to": [18.62533, 5.49922, 10.00032], "faces": { "north": { "uv": [10, 14.25, 10.25, 15], "texture": "#texture" }, "east": { "uv": [10.5, 14.25, 10.75, 15], "texture": "#texture" }, "south": { "uv": [10, 14.25, 9.75, 15], "texture": "#texture" }, "west": { "uv": [10.5, 14.25, 10.75, 15], "texture": "#texture" }, "up": { "uv": [6, 13, 7, 14], "rotation": 90, "texture": "#texture" }, "down": { "uv": [6, 13, 7, 14], "rotation": 270, "texture": "#texture" } } }, { "name": "Tip", "from": [7.00004, 22.99984, 7.00048], "to": [9.00004, 25.99984, 9.00048], "faces": { "north": { "uv": [4.25, 15.25, 4.75, 16], "texture": "#texture" }, "east": { "uv": [4.25, 15.25, 4.75, 16], "texture": "#texture" }, "south": { "uv": [4.25, 15.25, 4.75, 16], "texture": "#texture" }, "west": { "uv": [4.25, 15.25, 4.75, 16], "texture": "#texture" }, "up": { "uv": [2.625, 1.125, 3.125, 1.875], "texture": "#texture" }, "down": { "uv": [14.875, 0.5, 15.375, 1], "texture": "#texture" } } }], "display": { "thirdperson_righthand": { "scale": [0.25, 0.25, 0.25] }, "thirdperson_lefthand": { "scale": [0.25, 0.25, 0.25] }, "firstperson_righthand": { "scale": [0.25, 0.25, 0.25] }, "firstperson_lefthand": { "scale": [0.25, 0.25, 0.25] }, "ground": { "translation": [0, 3.3641, 0], "scale": [0.25, 0.25, 0.25] }, "gui": { "rotation": [18, 35, 0], "scale": [0.25, 0.25, 0.25] }, "head": { "translation": [0, -21.5, 0], "scale": [1.5, 1.5, 1.5] } } }