{ "credit": "Model by Elsweyr, forked by HypariaMC", "textures": { "texture": "hyparia:furniture/broom", "particle": "hyparia:furniture/broom" }, "elements": [{ "__comment": "Handle", "from": [7.5, 11.5, 8], "to": [8.5, 31.5, 9], "faces": { "down": { "uv": [15, 5.5, 15.5, 6], "texture": "#texture" }, "up": { "uv": [15, 5.5, 15.5, 6], "texture": "#texture" }, "north": { "uv": [15.5, 6, 16, 16], "texture": "#texture" }, "south": { "uv": [15.5, 6, 16, 16], "texture": "#texture" }, "west": { "uv": [15.5, 6, 16, 16], "texture": "#texture" }, "east": { "uv": [15.5, 6, 16, 16], "texture": "#texture" } } }, { "__comment": "Binding", "from": [7, 7.5, 7.5], "to": [9, 11.5, 9.5], "faces": { "down": { "uv": [13.5, 13, 14.5, 14], "texture": "#texture" }, "up": { "uv": [13.5, 13, 14.5, 14], "texture": "#texture" }, "north": { "uv": [14.5, 14, 15.5, 16], "texture": "#texture" }, "south": { "uv": [14.5, 14, 15.5, 16], "texture": "#texture" }, "west": { "uv": [14.5, 14, 15.5, 16], "texture": "#texture" }, "east": { "uv": [14.5, 14, 15.5, 16], "texture": "#texture" } } }, { "__comment": "Broom 1", "from": [3.5, -0.75, 4], "to": [12.5, 8.25, 4.001], "rotation": { "origin": [3.5, -0.75, 4], "axis": "x", "angle": 22.5 }, "faces": { "north": { "uv": [13.5, 11.5, 9, 16], "texture": "#texture" }, "south": { "uv": [9, 11.5, 13.5, 16], "texture": "#texture" } } }, { "__comment": "Broom 2", "from": [3.5, -0.75, 13], "to": [12.5, 8.25, 13.001], "rotation": { "origin": [3.5, -0.75, 13], "axis": "x", "angle": -22.5 }, "faces": { "north": { "uv": [13.5, 11.5, 9, 16], "texture": "#texture" }, "south": { "uv": [9, 11.5, 13.5, 16], "texture": "#texture" } } }, { "__comment": "Broom 3", "from": [3.5, -0.75, 4], "to": [3.501, 8.25, 13], "rotation": { "origin": [3.5, -0.75, 4], "axis": "z", "angle": -22.5 }, "faces": { "west": { "uv": [13.5, 11.5, 9, 16], "texture": "#texture" }, "east": { "uv": [9, 11.5, 13.5, 16], "texture": "#texture" } } }, { "__comment": "Broom 4", "from": [12.5, -0.75, 4], "to": [12.501, 8.25, 13], "rotation": { "origin": [12.5, -0.75, 4], "axis": "z", "angle": 22.5 }, "faces": { "west": { "uv": [13.5, 11.5, 9, 16], "texture": "#texture" }, "east": { "uv": [9, 11.5, 13.5, 16], "texture": "#texture" } } }], "display": { "thirdperson_righthand": { "translation": [0, -9.804, 0.8668], "scale": [0.75, 0.75, 0.75] }, "thirdperson_lefthand": { "translation": [0, -9.804, 0.8668], "scale": [0.75, 0.75, 0.75] }, "firstperson_righthand": { "translation": [1.9347, -9.396, 0] }, "firstperson_lefthand": { "translation": [1.9347, -9.396, 0] }, "gui": { "rotation": [21, -32, -11], "translation": [0, -2.849, 0], "scale": [0.5, 0.5, 0.5] }, "head": { "translation": [0, -30.1, 0], "scale": [1.5, 1.5, 1.5] }, "ground": { "translation": [0, 3.6902, 0], "scale": [0.5, 0.5, 0.5] }, "fixed": { "translation": [0, -3.312, 0], "scale": [0.5, 0.5, 0.5] } } }