{ "credit": "Model by Elsweyr, forked by HypariaMC", "textures": { "texture": "hyparia:furniture/hourglass" }, "elements": [{ "__comment": "Glass Bottom", "from": [6.5, 1, 7.5], "to": [9.5, 4, 10.5], "faces": { "down": { "uv": [14.5, 14.5, 16, 16], "texture": "#texture" }, "up": { "uv": [14.5, 14.5, 16, 16], "texture": "#texture" }, "north": { "uv": [14.5, 14.5, 16, 16], "texture": "#texture" }, "south": { "uv": [14.5, 14.5, 16, 16], "texture": "#texture" }, "west": { "uv": [14.5, 14.5, 16, 16], "texture": "#texture" }, "east": { "uv": [14.5, 14.5, 16, 16], "texture": "#texture" } } }, { "__comment": "Glass Mid", "from": [7.5, 4, 8.5], "to": [8.5, 5, 9.5], "faces": { "down": { "uv": [14, 15, 14.5, 15.5], "texture": "#texture" }, "up": { "uv": [14, 15, 14.5, 15.5], "texture": "#texture" }, "north": { "uv": [14, 15.5, 14.5, 16], "texture": "#texture" }, "south": { "uv": [14, 15.5, 14.5, 16], "texture": "#texture" }, "west": { "uv": [14, 15.5, 14.5, 16], "texture": "#texture" }, "east": { "uv": [14, 15.5, 14.5, 16], "texture": "#texture" } } }, { "__comment": "Glass Top", "from": [6.5, 5, 7.5], "to": [9.5, 8, 10.5], "faces": { "down": { "uv": [14.5, 14.5, 16, 16], "texture": "#texture" }, "up": { "uv": [14.5, 14.5, 16, 16], "texture": "#texture" }, "north": { "uv": [14.5, 14.5, 16, 16], "texture": "#texture" }, "south": { "uv": [14.5, 14.5, 16, 16], "texture": "#texture" }, "west": { "uv": [14.5, 14.5, 16, 16], "texture": "#texture" }, "east": { "uv": [14.5, 14.5, 16, 16], "texture": "#texture" } } }, { "__comment": "Support", "from": [5, 1, 6], "to": [6, 8, 7], "faces": { "down": { "uv": [14, 12.5, 14.5, 13], "texture": "#texture" }, "up": { "uv": [14, 12.5, 14.5, 13], "texture": "#texture" }, "north": { "uv": [13.5, 12.5, 14, 16], "texture": "#texture" }, "south": { "uv": [13.5, 12.5, 14, 16], "texture": "#texture" }, "west": { "uv": [13.5, 12.5, 14, 16], "texture": "#texture" }, "east": { "uv": [13.5, 12.5, 14, 16], "texture": "#texture" } } }, { "__comment": "Support", "from": [10, 1, 6], "to": [11, 8, 7], "faces": { "down": { "uv": [14, 12.5, 14.5, 13], "texture": "#texture" }, "up": { "uv": [14, 12.5, 14.5, 13], "texture": "#texture" }, "north": { "uv": [13.5, 12.5, 14, 16], "texture": "#texture" }, "south": { "uv": [13.5, 12.5, 14, 16], "texture": "#texture" }, "west": { "uv": [13.5, 12.5, 14, 16], "texture": "#texture" }, "east": { "uv": [13.5, 12.5, 14, 16], "texture": "#texture" } } }, { "__comment": "Support", "from": [10, 1, 11], "to": [11, 8, 12], "faces": { "down": { "uv": [14, 12.5, 14.5, 13], "texture": "#texture" }, "up": { "uv": [14, 12.5, 14.5, 13], "texture": "#texture" }, "north": { "uv": [13.5, 12.5, 14, 16], "texture": "#texture" }, "south": { "uv": [13.5, 12.5, 14, 16], "texture": "#texture" }, "west": { "uv": [13.5, 12.5, 14, 16], "texture": "#texture" }, "east": { "uv": [13.5, 12.5, 14, 16], "texture": "#texture" } } }, { "__comment": "Support", "from": [5, 1, 11], "to": [6, 8, 12], "faces": { "down": { "uv": [14, 12.5, 14.5, 13], "texture": "#texture" }, "up": { "uv": [14, 12.5, 14.5, 13], "texture": "#texture" }, "north": { "uv": [13.5, 12.5, 14, 16], "texture": "#texture" }, "south": { "uv": [13.5, 12.5, 14, 16], "texture": "#texture" }, "west": { "uv": [13.5, 12.5, 14, 16], "texture": "#texture" }, "east": { "uv": [13.5, 12.5, 14, 16], "texture": "#texture" } } }, { "__comment": "Top", "from": [4, 8, 5], "to": [12, 9, 13], "faces": { "down": { "uv": [9, 12, 13, 16], "texture": "#texture" }, "up": { "uv": [9, 12, 13, 16], "texture": "#texture" }, "north": { "uv": [9, 11.5, 13, 12], "texture": "#texture" }, "south": { "uv": [9, 11.5, 13, 12], "texture": "#texture" }, "west": { "uv": [9, 11.5, 13, 12], "texture": "#texture" }, "east": { "uv": [9, 11.5, 13, 12], "texture": "#texture" } } }, { "__comment": "Bottom", "from": [4, 0, 5], "to": [12, 1, 13], "faces": { "down": { "uv": [9, 12, 13, 16], "texture": "#texture" }, "up": { "uv": [9, 12, 13, 16], "texture": "#texture" }, "north": { "uv": [9, 11.5, 13, 12], "texture": "#texture" }, "south": { "uv": [9, 11.5, 13, 12], "texture": "#texture" }, "west": { "uv": [9, 11.5, 13, 12], "texture": "#texture" }, "east": { "uv": [9, 11.5, 13, 12], "texture": "#texture" } } }], "display": { "thirdperson_righthand": { "translation": [0, 4.1059, 1.3478], "scale": [0.5, 0.5, 0.5] }, "thirdperson_lefthand": { "translation": [0, 4.1059, 1.3478], "scale": [0.5, 0.5, 0.5] }, "firstperson_righthand": { "translation": [0, 6.7907, 0] }, "firstperson_lefthand": { "translation": [0, 6.7907, 0] }, "gui": { "rotation": [14, -15, 0], "translation": [0, 2.288, 0] }, "head": { "translation": [0, -31.3, 0], "scale": [1.5, 1.5, 1.5] }, "ground": { "translation": [0, 3.5, 0], "scale": [0.5, 0.5, 0.5] } } }