{
    "providers": [
        { "type": "bitmap", "file": "hyparia:font/hud/skills/skills_numbers.png", "ascent": -38, "height": 3, "chars": ["\u0030\u0031\u0032\u0033\u0034\u0035\u0036\u0037\u0038\u0039\u002B\u002D\u002F"] },
        { "type": "bitmap", "file": "hyparia:font/hud/skills/skills_icons.png", "ascent": -38, "height": 3, "chars": ["\uFFF0\uFFF1\uFFF2\uFFF3\uFFF4"] },

        { "type": "bitmap", "file": "hyparia:font/hud/skills/skills_bracket_left.png", "ascent": -38, "height": 3, "chars": ["\u0028"] },
        { "type": "bitmap", "file": "hyparia:font/hud/skills/skills_bracket_right.png", "ascent": -38, "height": 3, "chars": ["\u0029"] },
        { "type": "bitmap", "file": "hyparia:font/hud/skills/skills_point.png", "ascent": -38, "height": 3, "chars": ["\u002E"] },

        { "type": "bitmap", "file": "hyparia:font/hud/money/money_numbers.png", "ascent": -16, "height": 8, "chars": ["\uFFE0\uFFE1\uFFE2\uFFE3\uFFE4\uFFE5\uFFE6\uFFE7\uFFE8\uFFE9\uFFEA"] },
        { "type": "bitmap", "file": "hyparia:font/hud/money/money_point.png", "ascent": -16, "height": 8, "chars": ["\uFFEB"] },
        { "type": "bitmap", "file": "hyparia:font/hud/money/money_icon.png", "ascent": -16, "height": 8, "chars": ["\uFFEC"] }
    ]
}