{
    "__comment": "Model by Elsweyr, forked by HypariaMC",
    "textures": {
        "texture": "hyparia:furniture/inkwell"
    },
    "elements": [{
            "__comment": "Base",
            "from": [6.5, 0, 6.5],
            "to": [9.5, 2, 9.5],
            "faces": {
                "down": { "uv": [10, 10, 16, 16], "texture": "#texture" },
                "up": { "uv": [4, 10, 10, 16], "texture": "#texture" },
                "north": { "uv": [10, 6, 16, 10], "texture": "#texture" },
                "south": { "uv": [10, 6, 16, 10], "texture": "#texture" },
                "west": { "uv": [10, 6, 16, 10], "texture": "#texture" },
                "east": { "uv": [10, 6, 16, 10], "texture": "#texture" }
            }
        },
        {
            "__comment": "Top",
            "from": [7, 2, 7],
            "to": [9, 3, 9],
            "faces": {
                "down": { "uv": [11, 0, 15, 4], "texture": "#texture" },
                "up": { "uv": [11, 0, 15, 4], "texture": "#texture" },
                "north": { "uv": [11, 4, 15, 6], "texture": "#texture" },
                "south": { "uv": [11, 4, 15, 6], "texture": "#texture" },
                "west": { "uv": [11, 4, 15, 6], "texture": "#texture" },
                "east": { "uv": [11, 4, 15, 6], "texture": "#texture" }
            }
        }
    ],
    "display": {
        "thirdperson_righthand": {
            "translation": [0, 7.6739, 0]
        },
        "thirdperson_lefthand": {
            "translation": [0, 7.6739, 0]
        },
        "firstperson_righthand": {
            "translation": [0, 7.5054, 0]
        },
        "firstperson_lefthand": {
            "translation": [0, 7.5054, 0]
        },
        "gui": {
            "rotation": [25, -16, 0],
            "translation": [0, 5.0788, 0]
        },
        "head": {
            "translation": [0, -30.88, 0],
            "scale": [1.5, 1.5, 1.5]
        },
        "ground": {
            "translation": [0, 5.2663, 0]
        }
    }
}