{
    "__comment": "Model by Elsweyr, forked by HypariaMC",
    "textures": {
        "texture": "hyparia:furniture/quill"
    },
    "elements": [{
        "__comment": "quill",
        "from": [5.5, 0.5, 3],
        "to": [10.5, 0.5010004, 13],
        "faces": {
            "down": { "uv": [16, 16, 11, 6], "texture": "#texture" },
            "up": { "uv": [16, 6, 11, 16], "texture": "#texture" }
        }
    }],
    "display": {
        "thirdperson_righthand": {
            "rotation": [70, 0, 0],
            "translation": [1.2422, 4.9401, 6.8232]
        },
        "thirdperson_lefthand": {
            "rotation": [70, 0, 0],
            "translation": [-1.45, 4.9401, 6.8232]
        },
        "firstperson_righthand": {
            "rotation": [60, -3, 0],
            "translation": [0.6684, 8.3614, 8.0407]
        },
        "firstperson_lefthand": {
            "rotation": [60, -3, 0],
            "translation": [-1.304, 8.3614, 8.0407]
        },
        "gui": {
            "rotation": [90, 2, 0],
            "translation": [0, -0.747, 0]
        },
        "head": {
            "translation": [0, -32.87, 0],
            "scale": [1.5, 1.5, 1.5]
        },
        "ground": {
            "translation": [0, 4.1413, 0]
        }
    }
}