{
	"credit": "Model by Elsweyr, forked by HypariaMC",
	"textures": {
		"particle": "hyparia:furniture/station_provisioning",
		"texture": "hyparia:furniture/station_provisioning",
		"meat": "hyparia:furniture/meat_hunk",
		"pot": "hyparia:furniture/pot"
	},
	"elements": [
		{
			"name": "Stone Big 1",
			"from": [1, 0, -3.5],
			"to": [6, 4, 2.5],
			"rotation": {"angle": -45, "axis": "y", "origin": [1, 0, -3.5]},
			"faces": {
				"north": {"uv": [13.5, 3, 16, 5], "texture": "#texture"},
				"east": {"uv": [10.5, 3, 13.5, 5], "texture": "#texture"},
				"south": {"uv": [13.5, 3, 16, 5], "texture": "#texture"},
				"west": {"uv": [10.5, 3, 13.5, 5], "texture": "#texture"},
				"up": {"uv": [13.5, 0, 16, 3], "texture": "#texture"},
				"down": {"uv": [13.5, 0, 16, 3], "texture": "#texture"}
			}
		},
		{
			"name": "Stone Med 1",
			"from": [3.5, 0, -3.5],
			"to": [7.5, 3, 0.5],
			"faces": {
				"north": {"uv": [14, 7, 16, 8.5], "texture": "#texture"},
				"east": {"uv": [12, 7, 14, 8.5], "texture": "#texture"},
				"south": {"uv": [14, 7, 16, 8.5], "texture": "#texture"},
				"west": {"uv": [12, 7, 14, 8.5], "texture": "#texture"},
				"up": {"uv": [14, 5, 16, 7], "texture": "#texture"},
				"down": {"uv": [14, 5, 16, 7], "texture": "#texture"}
			}
		},
		{
			"name": "Stone Small 1",
			"from": [8.5, 0, -3],
			"to": [11.5, 2, 0],
			"rotation": {"angle": -22.5, "axis": "y", "origin": [8.5, 0, -3]},
			"faces": {
				"north": {"uv": [14.5, 10, 16, 11], "texture": "#texture"},
				"east": {"uv": [13, 10, 14.5, 11], "texture": "#texture"},
				"south": {"uv": [14.5, 10, 16, 11], "texture": "#texture"},
				"west": {"uv": [13, 10, 14.5, 11], "texture": "#texture"},
				"up": {"uv": [14.5, 8.5, 16, 10], "texture": "#texture"},
				"down": {"uv": [14.5, 8.5, 16, 10], "texture": "#texture"}
			}
		},
		{
			"name": "Stone Big 2",
			"from": [13.5, 0, -5.5],
			"to": [18.5, 4, 0.5],
			"rotation": {"angle": 45, "axis": "y", "origin": [18.5, 0, 0.5]},
			"faces": {
				"north": {"uv": [13.5, 3, 16, 5], "texture": "#texture"},
				"east": {"uv": [10.5, 3, 13.5, 5], "texture": "#texture"},
				"south": {"uv": [13.5, 3, 16, 5], "texture": "#texture"},
				"west": {"uv": [10.5, 3, 13.5, 5], "texture": "#texture"},
				"up": {"uv": [13.5, 0, 16, 3], "rotation": 180, "texture": "#texture"},
				"down": {"uv": [13.5, 0, 16, 3], "rotation": 180, "texture": "#texture"}
			}
		},
		{
			"name": "Stone Med 2",
			"from": [16.5, 0, 4],
			"to": [20.5, 3, 8],
			"rotation": {"angle": -22.5, "axis": "y", "origin": [20, 0, 1.5]},
			"faces": {
				"north": {"uv": [12, 7, 14, 8.5], "texture": "#texture"},
				"east": {"uv": [14, 7, 16, 8.5], "texture": "#texture"},
				"south": {"uv": [12, 7, 14, 8.5], "texture": "#texture"},
				"west": {"uv": [14, 7, 16, 8.5], "texture": "#texture"},
				"up": {"uv": [14, 5, 16, 7], "rotation": 90, "texture": "#texture"},
				"down": {"uv": [14, 5, 16, 7], "rotation": 270, "texture": "#texture"}
			}
		},
		{
			"name": "Stone Small 2",
			"from": [15, 0, 7.5],
			"to": [18, 2, 10.5],
			"faces": {
				"north": {"uv": [13, 10, 14.5, 11], "texture": "#texture"},
				"east": {"uv": [14.5, 10, 16, 11], "texture": "#texture"},
				"south": {"uv": [13, 10, 14.5, 11], "texture": "#texture"},
				"west": {"uv": [14.5, 10, 16, 11], "texture": "#texture"},
				"up": {"uv": [14.5, 8.5, 16, 10], "rotation": 90, "texture": "#texture"},
				"down": {"uv": [14.5, 8.5, 16, 10], "rotation": 270, "texture": "#texture"}
			}
		},
		{
			"name": "Stone Small 3",
			"from": [4.9999, 0, 11.5002],
			"to": [7.9999, 2, 14.5002],
			"rotation": {"angle": 22.5, "axis": "y", "origin": [15, 0, 15.5]},
			"faces": {
				"north": {"uv": [14.5, 10, 16, 11], "texture": "#texture"},
				"east": {"uv": [13, 10, 14.5, 11], "texture": "#texture"},
				"south": {"uv": [14.5, 10, 16, 11], "texture": "#texture"},
				"west": {"uv": [13, 10, 14.5, 11], "texture": "#texture"},
				"up": {"uv": [14.5, 8.5, 16, 10], "rotation": 180, "texture": "#texture"},
				"down": {"uv": [14.5, 8.5, 16, 10], "rotation": 180, "texture": "#texture"}
			}
		},
		{
			"name": "Stone Big 3",
			"from": [12.5, 0, 11.5],
			"to": [17.5, 4, 17.5],
			"rotation": {"angle": -22.5, "axis": "y", "origin": [17.5, 0, 17.5]},
			"faces": {
				"north": {"uv": [13.5, 3, 16, 5], "texture": "#texture"},
				"east": {"uv": [10.5, 3, 13.5, 5], "texture": "#texture"},
				"south": {"uv": [13.5, 3, 16, 5], "texture": "#texture"},
				"west": {"uv": [10.5, 3, 13.5, 5], "texture": "#texture"},
				"up": {"uv": [13.5, 0, 16, 3], "rotation": 180, "texture": "#texture"},
				"down": {"uv": [13.5, 0, 16, 3], "rotation": 180, "texture": "#texture"}
			}
		},
		{
			"name": "Stone Med 3",
			"from": [8.5, 0, 10.5],
			"to": [12.5, 3, 14.5],
			"rotation": {"angle": 45, "axis": "y", "origin": [15, 0, 14]},
			"faces": {
				"north": {"uv": [14, 7, 16, 8.5], "texture": "#texture"},
				"east": {"uv": [12, 7, 14, 8.5], "texture": "#texture"},
				"south": {"uv": [14, 7, 16, 8.5], "texture": "#texture"},
				"west": {"uv": [12, 7, 14, 8.5], "texture": "#texture"},
				"up": {"uv": [14, 5, 16, 7], "rotation": 180, "texture": "#texture"},
				"down": {"uv": [14, 5, 16, 7], "rotation": 180, "texture": "#texture"}
			}
		},
		{
			"name": "Stone Small 4",
			"from": [-5.5002, 0, 2.4999],
			"to": [-2.5002, 2, 5.4999],
			"rotation": {"angle": -22.5, "axis": "y", "origin": [-6.5, 0, 12.5]},
			"faces": {
				"north": {"uv": [13, 10, 14.5, 11], "texture": "#texture"},
				"east": {"uv": [14.5, 10, 16, 11], "texture": "#texture"},
				"south": {"uv": [13, 10, 14.5, 11], "texture": "#texture"},
				"west": {"uv": [14.5, 10, 16, 11], "texture": "#texture"},
				"up": {"uv": [14.5, 8.5, 16, 10], "rotation": 270, "texture": "#texture"},
				"down": {"uv": [14.5, 8.5, 16, 10], "rotation": 90, "texture": "#texture"}
			}
		},
		{
			"name": "Stone Big 4",
			"from": [-3, 0, 14.5],
			"to": [2, 4, 20.5],
			"rotation": {"angle": 45, "axis": "y", "origin": [-3, 0, 14.5]},
			"faces": {
				"north": {"uv": [13.5, 3, 16, 5], "texture": "#texture"},
				"east": {"uv": [10.5, 3, 13.5, 5], "texture": "#texture"},
				"south": {"uv": [13.5, 3, 16, 5], "texture": "#texture"},
				"west": {"uv": [10.5, 3, 13.5, 5], "texture": "#texture"},
				"up": {"uv": [13.5, 0, 16, 3], "texture": "#texture"},
				"down": {"uv": [13.5, 0, 16, 3], "texture": "#texture"}
			}
		},
		{
			"name": "Stone Med 4",
			"from": [-3.5, 0, 9.4999],
			"to": [0.5, 3, 13.4999],
			"rotation": {"angle": 22.5, "axis": "y", "origin": [-6, 0, 10]},
			"faces": {
				"north": {"uv": [14, 7, 16, 8.5], "texture": "#texture"},
				"east": {"uv": [12, 7, 14, 8.5], "texture": "#texture"},
				"south": {"uv": [14, 7, 16, 8.5], "texture": "#texture"},
				"west": {"uv": [12, 7, 14, 8.5], "texture": "#texture"},
				"up": {"uv": [14, 5, 16, 7], "texture": "#texture"},
				"down": {"uv": [14, 5, 16, 7], "texture": "#texture"}
			}
		},
		{
			"name": "Coals",
			"from": [-0.5, 1.5, 0],
			"to": [15.5, 1.501, 16],
			"faces": {
				"up": {"uv": [0, 7.5, 8, 15.5], "texture": "#texture"},
				"down": {"uv": [13.5, 0, 16, 3], "texture": "#texture"}
			}
		},
		{
			"name": "Post L",
			"from": [-4, 0, 7],
			"to": [-2, 12, 9],
			"faces": {
				"north": {"uv": [0, 1.5, 1, 7.5], "texture": "#texture"},
				"east": {"uv": [0, 1.5, 1, 7.5], "texture": "#texture"},
				"south": {"uv": [0, 1.5, 1, 7.5], "texture": "#texture"},
				"west": {"uv": [0, 1.5, 1, 7.5], "texture": "#texture"},
				"up": {"uv": [1, 1.5, 2, 2.5], "texture": "#texture"},
				"down": {"uv": [1, 6.5, 2, 7.5], "texture": "#texture"}
			}
		},
		{
			"name": "Arm Small L",
			"from": [-3.5, 11, 7],
			"to": [-2.5, 15, 8],
			"rotation": {"angle": -22.5, "axis": "x", "origin": [-3.5, 11, 7]},
			"faces": {
				"north": {"uv": [2, 5.5, 2.5, 7.5], "texture": "#texture"},
				"east": {"uv": [2, 5.5, 2.5, 7.5], "texture": "#texture"},
				"south": {"uv": [2, 5.5, 2.5, 7.5], "texture": "#texture"},
				"west": {"uv": [2, 5.5, 2.5, 7.5], "texture": "#texture"},
				"up": {"uv": [2.5, 5, 3, 5.5], "texture": "#texture"},
				"down": {"uv": [2.5, 5, 3, 5.5], "texture": "#texture"}
			}
		},
		{
			"name": "Arm Large L",
			"from": [-3.5, 10.5, 8],
			"to": [-2.5, 17.5, 9],
			"rotation": {"angle": 22.5, "axis": "x", "origin": [-3.5, 10.5, 8]},
			"faces": {
				"north": {"uv": [3, 4, 3.5, 7.5], "texture": "#texture"},
				"east": {"uv": [3, 4, 3.5, 7.5], "texture": "#texture"},
				"south": {"uv": [3, 4, 3.5, 7.5], "texture": "#texture"},
				"west": {"uv": [3, 4, 3.5, 7.5], "texture": "#texture"},
				"up": {"uv": [2.5, 5, 3, 5.5], "texture": "#texture"},
				"down": {"uv": [2.5, 5, 3, 5.5], "texture": "#texture"}
			}
		},
		{
			"name": "Arm Large R",
			"from": [18.5, 10, 7],
			"to": [19.5, 17, 8],
			"rotation": {"angle": -22.5, "axis": "x", "origin": [18.5, 10, 7]},
			"faces": {
				"north": {"uv": [3, 4, 3.5, 7.5], "texture": "#texture"},
				"east": {"uv": [3, 4, 3.5, 7.5], "texture": "#texture"},
				"south": {"uv": [3, 4, 3.5, 7.5], "texture": "#texture"},
				"west": {"uv": [3, 4, 3.5, 7.5], "texture": "#texture"},
				"up": {"uv": [2.5, 5, 3, 5.5], "texture": "#texture"},
				"down": {"uv": [2.5, 5, 3, 5.5], "texture": "#texture"}
			}
		},
		{
			"name": "Post R",
			"from": [18, 0, 7],
			"to": [20, 12, 9],
			"faces": {
				"north": {"uv": [0, 1.5, 1, 7.5], "texture": "#texture"},
				"east": {"uv": [0, 1.5, 1, 7.5], "texture": "#texture"},
				"south": {"uv": [0, 1.5, 1, 7.5], "texture": "#texture"},
				"west": {"uv": [0, 1.5, 1, 7.5], "texture": "#texture"},
				"up": {"uv": [1, 1.5, 2, 2.5], "texture": "#texture"},
				"down": {"uv": [1, 6.5, 2, 7.5], "texture": "#texture"}
			}
		},
		{
			"name": "Arm Small R",
			"from": [18.5, 11, 8],
			"to": [19.5, 15, 9],
			"rotation": {"angle": 22.5, "axis": "x", "origin": [18.5, 11, 8]},
			"faces": {
				"north": {"uv": [2, 5.5, 2.5, 7.5], "texture": "#texture"},
				"east": {"uv": [2, 5.5, 2.5, 7.5], "texture": "#texture"},
				"south": {"uv": [2, 5.5, 2.5, 7.5], "texture": "#texture"},
				"west": {"uv": [2, 5.5, 2.5, 7.5], "texture": "#texture"},
				"up": {"uv": [2.5, 5, 3, 5.5], "texture": "#texture"},
				"down": {"uv": [2.5, 5, 3, 5.5], "texture": "#texture"}
			}
		},
		{
			"name": "Spit",
			"from": [-6, 12, 7.5],
			"to": [22, 13, 8.5],
			"rotation": {"angle": 0, "axis": "x", "origin": [-6, 12, 7.5]},
			"faces": {
				"north": {"uv": [0, 15.5, 14, 16], "texture": "#texture"},
				"east": {"uv": [14, 15, 14.5, 15.5], "texture": "#texture"},
				"south": {"uv": [0, 15.5, 14, 16], "texture": "#texture"},
				"west": {"uv": [14, 15, 14.5, 15.5], "texture": "#texture"},
				"up": {"uv": [0, 15.5, 14, 16], "texture": "#texture"},
				"down": {"uv": [0, 15.5, 14, 16], "texture": "#texture"}
			}
		},
		{
			"name": "Meat 1",
			"from": [3, 10, 5.5],
			"to": [9, 15, 10.5],
			"faces": {
				"north": {"uv": [0, 6, 6, 11], "texture": "#meat"},
				"east": {"uv": [6, 6, 11, 11], "texture": "#meat"},
				"south": {"uv": [0, 6, 6, 11], "texture": "#meat"},
				"west": {"uv": [6, 6, 11, 11], "texture": "#meat"},
				"up": {"uv": [6, 11, 12, 16], "texture": "#meat"},
				"down": {"uv": [0, 11, 6, 16], "texture": "#meat"}
			}
		},
		{
			"name": "Meat 2",
			"from": [9, 10.5, 6],
			"to": [13, 14.5, 10],
			"faces": {
				"north": {"uv": [12, 0, 16, 4], "texture": "#meat"},
				"east": {"uv": [12, 0, 16, 4], "texture": "#meat"},
				"south": {"uv": [12, 0, 16, 4], "texture": "#meat"},
				"west": {"uv": [12, 0, 16, 4], "texture": "#meat"},
				"up": {"uv": [8, 0, 12, 4], "texture": "#meat"},
				"down": {"uv": [12, 4, 16, 8], "texture": "#meat"}
			}
		},
		{
			"name": "Rotater",
			"from": [-7, 10, 6],
			"to": [-6, 14, 8],
			"rotation": {"angle": 22.5, "axis": "x", "origin": [-7, 10, 6]},
			"faces": {
				"north": {"uv": [9, 13.5, 9.5, 15.5], "texture": "#texture"},
				"east": {"uv": [8, 13.5, 9, 15.5], "texture": "#texture"},
				"south": {"uv": [9, 13.5, 9.5, 15.5], "texture": "#texture"},
				"west": {"uv": [8, 13.5, 9, 15.5], "texture": "#texture"},
				"up": {"uv": [8, 13, 9, 13.5], "rotation": 90, "texture": "#texture"},
				"down": {"uv": [8, 13, 9, 13.5], "rotation": 270, "texture": "#texture"}
			}
		},
		{
			"name": "Handle",
			"from": [-10, 10.25, 6.75],
			"to": [-7, 11.25, 7.75],
			"rotation": {"angle": 22.5, "axis": "x", "origin": [-10, 10.25, 6.75]},
			"faces": {
				"north": {"uv": [9.5, 15, 11, 15.5], "texture": "#texture"},
				"east": {"uv": [11, 14.5, 11.5, 15], "texture": "#texture"},
				"south": {"uv": [9.5, 15, 11, 15.5], "texture": "#texture"},
				"west": {"uv": [11, 14.5, 11.5, 15], "texture": "#texture"},
				"up": {"uv": [9.5, 15, 11, 15.5], "texture": "#texture"},
				"down": {"uv": [9.5, 15, 11, 15.5], "texture": "#texture"}
			}
		},
		{
			"name": "Log 1",
			"from": [12, -1, 5.5],
			"to": [14, 8, 7.5],
			"rotation": {"angle": 45, "axis": "z", "origin": [12, -1, 5.5]},
			"faces": {
				"north": {"uv": [3.5, 3, 4.5, 7.5], "texture": "#texture"},
				"east": {"uv": [4.5, 3, 5.5, 7.5], "texture": "#texture"},
				"south": {"uv": [3.5, 3, 4.5, 7.5], "texture": "#texture"},
				"west": {"uv": [4.5, 3, 5.5, 7.5], "texture": "#texture"},
				"up": {"uv": [3.5, 2, 4.5, 3], "texture": "#texture"},
				"down": {"uv": [3.5, 2, 4.5, 3], "texture": "#texture"}
			}
		},
		{
			"name": "Log 2",
			"from": [3, 0, 7.5],
			"to": [5, 9, 9.5],
			"rotation": {"angle": -45, "axis": "z", "origin": [3, 0, 7.5]},
			"faces": {
				"north": {"uv": [4.5, 3, 5.5, 7.5], "texture": "#texture"},
				"east": {"uv": [4.5, 3, 5.5, 7.5], "texture": "#texture"},
				"south": {"uv": [4.5, 3, 5.5, 7.5], "texture": "#texture"},
				"west": {"uv": [4.5, 3, 5.5, 7.5], "texture": "#texture"},
				"up": {"uv": [4.5, 2, 5.5, 3], "texture": "#texture"},
				"down": {"uv": [4.5, 2, 5.5, 3], "texture": "#texture"}
			}
		},
		{
			"name": "Log 3",
			"from": [7, 0, 12.5],
			"to": [9, 9, 14.5],
			"rotation": {"angle": -45, "axis": "x", "origin": [7, 0, 12.5]},
			"faces": {
				"north": {"uv": [4.5, 3, 5.5, 7.5], "texture": "#texture"},
				"east": {"uv": [5.5, 3, 6.5, 7.5], "texture": "#texture"},
				"south": {"uv": [4.5, 3, 5.5, 7.5], "texture": "#texture"},
				"west": {"uv": [5.5, 3, 6.5, 7.5], "texture": "#texture"},
				"up": {"uv": [5.5, 2, 6.5, 3], "texture": "#texture"},
				"down": {"uv": [5.5, 2, 6.5, 3], "texture": "#texture"}
			}
		},
		{
			"name": "dessous",
			"from": [20.5, 0, 7.5],
			"to": [28.5, 0, 15.5],
			"rotation": {"angle": 0, "axis": "y", "origin": [24.5, 2, 11.5]},
			"faces": {
				"north": {"uv": [9.75, 7.25, 13.875, 9], "texture": "#pot"},
				"east": {"uv": [11, 7, 13.375, 9.25], "texture": "#pot"},
				"south": {"uv": [9.375, 7.5, 13.375, 9.5], "texture": "#pot"},
				"west": {"uv": [10, 7.125, 13.75, 9.25], "texture": "#pot"},
				"up": {"uv": [0, 0, 7.875, 7.875], "texture": "#pot"},
				"down": {"uv": [9.25, 6.625, 13.875, 9.875], "texture": "#pot"}
			}
		},
		{
			"name": "int",
			"from": [20.5, 0, 7.5],
			"to": [20.5, 4, 15.5],
			"faces": {
				"north": {"uv": [9.75, 7.75, 14, 9.5], "texture": "#pot"},
				"east": {"uv": [8, 12, 16, 16], "texture": "#pot"},
				"south": {"uv": [10, 7.75, 13.75, 9.625], "texture": "#pot"},
				"west": {"uv": [10.5, 8.5, 14.125, 10.5], "texture": "#pot"},
				"up": {"uv": [10.25, 6.125, 14.25, 10.125], "texture": "#pot"},
				"down": {"uv": [9.5, 6.125, 13.625, 10.125], "texture": "#pot"}
			}
		},
		{
			"name": "int",
			"from": [20.5, 0, 15.5],
			"to": [28.5, 4, 15.5],
			"rotation": {"angle": 0, "axis": "y", "origin": [20.5, 2, 11.5]},
			"faces": {
				"north": {"uv": [8, 12, 16, 16], "texture": "#pot"},
				"east": {"uv": [10, 7.75, 13.75, 9.625], "texture": "#pot"},
				"south": {"uv": [10.5, 8.5, 14.125, 10.5], "texture": "#pot"},
				"west": {"uv": [9.75, 7.75, 14, 9.5], "texture": "#pot"},
				"up": {"uv": [10.25, 6.125, 14.25, 10.125], "rotation": 270, "texture": "#pot"},
				"down": {"uv": [9.5, 6.125, 13.625, 10.125], "rotation": 90, "texture": "#pot"}
			}
		},
		{
			"name": "int",
			"from": [28.5, 0, 7.5],
			"to": [28.5, 4, 15.5],
			"rotation": {"angle": 0, "axis": "y", "origin": [24.5, 2, 11.5]},
			"faces": {
				"north": {"uv": [10, 7.75, 13.75, 9.625], "texture": "#pot"},
				"east": {"uv": [10.5, 8.5, 14.125, 10.5], "texture": "#pot"},
				"south": {"uv": [9.75, 7.75, 14, 9.5], "texture": "#pot"},
				"west": {"uv": [8, 12, 16, 16], "texture": "#pot"},
				"up": {"uv": [10.25, 6.125, 14.25, 10.125], "rotation": 180, "texture": "#pot"},
				"down": {"uv": [9.5, 6.125, 13.625, 10.125], "rotation": 180, "texture": "#pot"}
			}
		},
		{
			"name": "int",
			"from": [20.5, 0, 7.5],
			"to": [28.5, 4, 7.5],
			"rotation": {"angle": 0, "axis": "y", "origin": [24.5, 2, 11.5]},
			"faces": {
				"north": {"uv": [10.5, 8.5, 14.125, 10.5], "texture": "#pot"},
				"east": {"uv": [9.75, 7.75, 14, 9.5], "texture": "#pot"},
				"south": {"uv": [8, 12, 16, 16], "texture": "#pot"},
				"west": {"uv": [10, 7.75, 13.75, 9.625], "texture": "#pot"},
				"up": {"uv": [10.25, 6.125, 14.25, 10.125], "rotation": 90, "texture": "#pot"},
				"down": {"uv": [9.5, 6.125, 13.625, 10.125], "rotation": 270, "texture": "#pot"}
			}
		},
		{
			"name": "Pot Base",
			"from": [20.5, 0, 7.5],
			"to": [28.5, 4, 15.5],
			"faces": {
				"north": {"uv": [8, 12, 16, 16], "texture": "#pot"},
				"east": {"uv": [8, 12, 16, 16], "texture": "#pot"},
				"south": {"uv": [8, 12, 16, 16], "texture": "#pot"},
				"west": {"uv": [8, 12, 16, 16], "texture": "#pot"},
				"up": {"uv": [8, 4, 16, 12], "texture": "#pot"},
				"down": {"uv": [0, 0, 8, 8], "texture": "#pot"}
			}
		},
		{
			"name": "int dessus",
			"from": [21, 5, 8],
			"to": [28, 5, 15],
			"faces": {
				"north": {"uv": [11.25, 9.5, 13.25, 10.125], "texture": "#pot"},
				"east": {"uv": [11, 7.375, 13.375, 8.375], "texture": "#pot"},
				"south": {"uv": [11.125, 8.75, 12.875, 9.625], "texture": "#pot"},
				"west": {"uv": [11.25, 8.25, 12.5, 9.25], "texture": "#pot"},
				"up": {"uv": [10.75, 5.375, 13.25, 10.125], "texture": "#pot"},
				"down": {"uv": [0, 8, 6.875, 15], "texture": "#pot"}
			}
		},
		{
			"name": "int",
			"from": [21, 4, 8],
			"to": [28, 5, 8],
			"faces": {
				"north": {"uv": [2.25, 10.875, 4.75, 11.875], "texture": "#pot"},
				"east": {"uv": [2.625, 11, 4.25, 11.75], "texture": "#pot"},
				"south": {"uv": [0, 15, 7, 16], "texture": "#pot"},
				"west": {"uv": [3.125, 11.625, 4.5, 12.5], "texture": "#pot"},
				"up": {"uv": [2.5, 9.75, 5.125, 13.375], "texture": "#pot"},
				"down": {"uv": [3, 11, 4, 12], "texture": "#pot"}
			}
		},
		{
			"name": "int",
			"from": [21, 4, 8],
			"to": [21, 5, 15],
			"rotation": {"angle": 0, "axis": "y", "origin": [24.5, 4.5, 8]},
			"faces": {
				"north": {"uv": [2.625, 11, 4.25, 11.75], "texture": "#pot"},
				"east": {"uv": [0, 15, 7, 16], "texture": "#pot"},
				"south": {"uv": [3.125, 11.625, 4.5, 12.5], "texture": "#pot"},
				"west": {"uv": [2.25, 10.875, 4.75, 11.875], "texture": "#pot"},
				"up": {"uv": [2.5, 9.75, 5.125, 13.375], "rotation": 270, "texture": "#pot"},
				"down": {"uv": [3, 11, 4, 12], "rotation": 90, "texture": "#pot"}
			}
		},
		{
			"name": "int",
			"from": [28, 4, 8],
			"to": [28, 5, 15],
			"rotation": {"angle": 0, "axis": "y", "origin": [25, 4.5, 11.5]},
			"faces": {
				"north": {"uv": [3.125, 11.625, 4.5, 12.5], "texture": "#pot"},
				"east": {"uv": [2.25, 10.875, 4.75, 11.875], "texture": "#pot"},
				"south": {"uv": [2.625, 11, 4.25, 11.75], "texture": "#pot"},
				"west": {"uv": [0, 15, 7, 16], "texture": "#pot"},
				"up": {"uv": [2.5, 9.75, 5.125, 13.375], "rotation": 90, "texture": "#pot"},
				"down": {"uv": [3, 11, 4, 12], "rotation": 270, "texture": "#pot"}
			}
		},
		{
			"name": "int",
			"from": [21, 4, 15],
			"to": [28, 5, 15],
			"rotation": {"angle": 0, "axis": "y", "origin": [28, 4.5, 11.5]},
			"faces": {
				"north": {"uv": [0, 15, 7, 16], "texture": "#pot"},
				"east": {"uv": [3.125, 11.625, 4.5, 12.5], "texture": "#pot"},
				"south": {"uv": [2.25, 10.875, 4.75, 11.875], "texture": "#pot"},
				"west": {"uv": [2.625, 11, 4.25, 11.75], "texture": "#pot"},
				"up": {"uv": [2.5, 9.75, 5.125, 13.375], "rotation": 180, "texture": "#pot"},
				"down": {"uv": [3, 11, 4, 12], "rotation": 180, "texture": "#pot"}
			}
		},
		{
			"name": "Pot Top",
			"from": [21, 4, 8],
			"to": [28, 5, 15],
			"faces": {
				"north": {"uv": [0, 15, 7, 16], "texture": "#pot"},
				"east": {"uv": [0, 15, 7, 16], "texture": "#pot"},
				"south": {"uv": [0, 15, 7, 16], "texture": "#pot"},
				"west": {"uv": [0, 15, 7, 16], "texture": "#pot"},
				"up": {"uv": [0, 8, 7, 15], "texture": "#pot"},
				"down": {"uv": [3, 11, 4, 12], "texture": "#pot"}
			}
		}
	],
	"display": {
		"thirdperson_righthand": {
			"translation": [0, 3.4673, 0],
			"scale": [0.5, 0.5, 0.5]
		},
		"thirdperson_lefthand": {
			"translation": [0, 3.4673, 0],
			"scale": [0.5, 0.5, 0.5]
		},
		"firstperson_righthand": {
			"scale": [0.5, 0.5, 0.5]
		},
		"firstperson_lefthand": {
			"scale": [0.5, 0.5, 0.5]
		},
		"ground": {
			"translation": [0, 3.5, 0],
			"scale": [0.5, 0.5, 0.5]
		},
		"gui": {
			"rotation": [22, -27, 0],
			"translation": [-0.391, 0, 0],
			"scale": [0.5, 0.5, 0.5]
		},
		"head": {
			"rotation": [0, 180, 0],
			"translation": [0, -29.29, 0],
			"scale": [1.65, 1.65, 1.65]
		}
	},
	"groups": [0, 1, 2, 3, 4, 5, 6, 7, 8, 9, 10, 11, 12, 13, 14, 15, 16, 17, 18, 19, 20, 21, 22, 23, 24, 25, 26,
		{
			"name": "Int",
			"origin": [24.5, 2, 11.5],
			"children": [27, 28, 29, 30, 31, 32]
		},
		{
			"name": "Int dessus",
			"origin": [0, 0, 0],
			"children": [33, 34, 35, 36, 37, 38]
		}
	]
}