{ "parent": "block/block", "textures": { "bottom": "hyparia:block/observer/observer_back", "side": "hyparia:block/observer/observer_side", "top": "hyparia:block/observer/observer_top", "front": "hyparia:block/observer/observer_front", "particle": "hyparia:block/observer/observer_front" }, "elements": [{ "from": [0, 0, 0], "to": [16, 16, 16], "faces": { "down": { "uv": [0, 0, 16, 16], "texture": "#top", "cullface": "down" }, "up": { "uv": [0, 16, 16, 0], "texture": "#top", "cullface": "up" }, "north": { "uv": [0, 0, 16, 16], "texture": "#front", "cullface": "north" }, "south": { "uv": [0, 0, 16, 16], "texture": "#bottom", "cullface": "south" }, "west": { "uv": [0, 0, 16, 16], "texture": "#side", "cullface": "west" }, "east": { "uv": [16, 0, 0, 16], "texture": "#side", "cullface": "east" } } }] }