{"textures":{"0":"modelengine:entity/frankensteinparts","1":"modelengine:entity/frankenstein2"},"elements":[{"name":"cube","from":[5.3,3.8000004,6.5],"to":[8.3,9.2,9.5],"rotation":{"angle":0.0,"axis":"x","origin":[5.3,11.6,8.6]},"faces":{"down":{"uv":[15.5,12.0,13.0,14.5],"rotation":0,"texture":"#0","tintindex":0},"east":{"uv":[8.0,4.5,10.5,9.0],"rotation":0,"texture":"#0","tintindex":0},"north":{"uv":[8.0,0.0,10.5,4.5],"rotation":0,"texture":"#0","tintindex":0},"south":{"uv":[8.0,9.0,10.5,13.5],"rotation":0,"texture":"#0","tintindex":0},"up":{"uv":[13.0,14.5,10.5,12.0],"rotation":0,"texture":"#0","tintindex":0},"west":{"uv":[0.0,10.0,2.5,14.5],"rotation":0,"texture":"#0","tintindex":0}}}],"display":{"head":{"translation":[0.0,-6.4,0.0],"rotation":[0.0,0.0,0.0],"scale":[3.8095,3.8095,3.8095]}}}