{"textures":{"0":"modelengine:entity/frankensteinparts","1":"modelengine:entity/frankenstein2"},"elements":[{"name":"cube","from":[7.722375,3.848953,5.102606],"to":[13.1223755,9.848953,11.702606],"rotation":{"angle":0.0,"axis":"x","origin":[-1.0000005,-12.400001,8.0]},"faces":{"down":{"uv":[7.0,5.875,5.875,7.25],"rotation":0,"texture":"#1","tintindex":0},"east":{"uv":[4.5,4.75,5.875,6.0],"rotation":0,"texture":"#1","tintindex":0},"north":{"uv":[1.375,6.0,2.5,7.25],"rotation":0,"texture":"#1","tintindex":0},"south":{"uv":[2.5,6.0,3.625,7.25],"rotation":0,"texture":"#1","tintindex":0},"up":{"uv":[7.0,5.875,5.875,4.5],"rotation":0,"texture":"#1","tintindex":0},"west":{"uv":[0.0,4.875,1.375,6.125],"rotation":0,"texture":"#1","tintindex":0}}},{"name":"cube","from":[7.4223747,2.048953,4.8026056],"to":[13.422376,5.6489534,12.002606],"rotation":{"angle":0.0,"axis":"x","origin":[-1.0000005,-12.400001,8.0]},"faces":{"down":{"uv":[1.25,3.0,0.0,4.5],"rotation":0,"texture":"#1","tintindex":0},"east":{"uv":[6.875,0.0,8.375,0.75],"rotation":0,"texture":"#1","tintindex":0},"north":{"uv":[1.25,3.0,2.5,3.75],"rotation":0,"texture":"#1","tintindex":0},"south":{"uv":[1.75,7.25,3.0,8.0],"rotation":0,"texture":"#1","tintindex":0},"up":{"uv":[3.875,3.75,2.625,2.25],"rotation":0,"texture":"#1","tintindex":0},"west":{"uv":[6.875,0.75,8.375,1.5],"rotation":0,"texture":"#1","tintindex":0}}},{"name":"cube","from":[8.022375,-0.35104704,5.402606],"to":[12.822375,2.048953,11.402606],"rotation":{"angle":0.0,"axis":"x","origin":[-1.0000005,-12.400001,8.0]},"faces":{"down":{"uv":[8.0,0.0,4.0,5.0],"rotation":0,"texture":"#0","tintindex":0},"east":{"uv":[2.5,10.0,7.5,12.0],"rotation":0,"texture":"#0","tintindex":0},"north":{"uv":[10.5,6.0,14.5,8.0],"rotation":0,"texture":"#0","tintindex":0},"south":{"uv":[10.5,8.0,14.5,10.0],"rotation":0,"texture":"#0","tintindex":0},"up":{"uv":[4.0,5.0,0.0,0.0],"rotation":0,"texture":"#0","tintindex":0},"west":{"uv":[10.5,0.0,15.5,2.0],"rotation":0,"texture":"#0","tintindex":0}}}],"display":{"head":{"translation":[0.0,-6.4,0.0],"rotation":[0.0,0.0,0.0],"scale":[3.8095,3.8095,3.8095]}}}