{
    "providers": [
        { "type": "bitmap", "file": "hyparia:font/hud/numbers.png", "ascent": -49, "height": 8, "chars": ["\uFFDD\uFFD0\uFFD1\uFFD2\uFFD3\uFFD4\uFFD5\uFFD6\uFFD7\uFFD8\uFFD9\uFFDA"] },
        { "type": "bitmap", "file": "hyparia:font/hud/point.png", "ascent": -49, "height": 8, "chars": ["\uFFDC\uFFDB"] },
        { "type": "bitmap", "file": "hyparia:font/hud/skills_icon.png", "ascent": -45, "height": 18, "chars": ["\uFFF0\uFFF1\uFFF2\uFFF3\uFFF4\uFFF5"] },
        { "type": "bitmap", "file": "hyparia:font/hud/skills_progress.png", "ascent": -58, "height": 5, "chars": ["\uFFB0\uFFB1\uFFB2\uFFB3\uFFB4\uFFB5\uFFB6\uFFB7\uFFB8\uFFB9\uFFBA"] },
        { "type": "bitmap", "file": "hyparia:gui/ui/containers/negative.png", "ascent": -32768, "height": -81, "chars": ["\uFFBB"] },

        { "type": "bitmap", "file": "hyparia:font/hud/numbers.png", "ascent": -16, "height": 8, "chars": ["\uFFED\uFFE0\uFFE1\uFFE2\uFFE3\uFFE4\uFFE5\uFFE6\uFFE7\uFFE8\uFFE9\uFFEA"] },
        { "type": "bitmap", "file": "hyparia:font/hud/point.png", "ascent": -16, "height": 8, "chars": ["\uFFEC\uFFEB"] },
        { "type": "bitmap", "file": "hyparia:font/hud/money_icon.png", "ascent": -16, "height": 8, "chars": ["\uFFEE"] }
    ]
}