{ "credit": "Model by Elsweyr, forked by HypariaMC", "textures": { "particle": "hyparia:furniture/cocoon_human", "texture": "hyparia:furniture/cocoon_human", "skeleton": "hyparia:furniture/skeleton_head" }, "elements": [{ "name": "Head", "from": [6, 0, 6], "to": [10, 4, 10], "faces": { "north": { "uv": [4, 12, 8, 16], "rotation": 180, "texture": "#texture" }, "east": { "uv": [10, 0, 14, 4], "rotation": 180, "texture": "#texture" }, "south": { "uv": [10, 0, 14, 4], "rotation": 180, "texture": "#texture" }, "west": { "uv": [10, 0, 14, 4], "rotation": 180, "texture": "#texture" }, "up": { "uv": [14, 4, 10, 0], "texture": "#texture" }, "down": { "uv": [14, 4, 10, 0], "texture": "#texture" } } }, { "name": "Body/Legs", "from": [6, 4, 7], "to": [10, 16, 9], "faces": { "north": { "uv": [10, 4, 14, 16], "rotation": 180, "texture": "#texture" }, "east": { "uv": [14, 4, 16, 16], "rotation": 180, "texture": "#texture" }, "south": { "uv": [10, 4, 14, 16], "rotation": 180, "texture": "#texture" }, "west": { "uv": [8, 4, 10, 16], "rotation": 180, "texture": "#texture" }, "up": { "uv": [10, 2, 6, 0], "texture": "#texture" }, "down": { "uv": [5, 1, 4, 0], "texture": "#texture" } } }, { "name": "Arm R", "from": [4, 4, 7], "to": [6, 10, 9], "faces": { "north": { "uv": [8, 4, 10, 10], "rotation": 180, "texture": "#texture" }, "east": { "uv": [8, 4, 10, 10], "rotation": 180, "texture": "#texture" }, "south": { "uv": [8, 4, 10, 10], "rotation": 180, "texture": "#texture" }, "west": { "uv": [8, 4, 10, 10], "rotation": 180, "texture": "#texture" }, "up": { "uv": [10, 4, 8, 2], "texture": "#texture" }, "down": { "uv": [10, 4, 8, 2], "texture": "#texture" } } }, { "name": "Arm L", "from": [10, 4, 7], "to": [12, 10, 9], "faces": { "north": { "uv": [14, 4, 16, 10], "rotation": 180, "texture": "#texture" }, "east": { "uv": [14, 4, 16, 10], "rotation": 180, "texture": "#texture" }, "south": { "uv": [14, 4, 16, 10], "rotation": 180, "texture": "#texture" }, "west": { "uv": [14, 4, 16, 10], "rotation": 180, "texture": "#texture" }, "up": { "uv": [10, 4, 8, 2], "texture": "#texture" }, "down": { "uv": [10, 4, 8, 2], "texture": "#texture" } } }, { "name": "PlaneZ5", "from": [6, 16, 8], "to": [10, 30, 8.0005], "faces": { "north": { "uv": [0, 2, 4, 16], "texture": "#texture" }, "south": { "uv": [4, 2, 0, 16], "texture": "#texture" } } }, { "name": "Head", "from": [6.25, 0.25, 6.25], "to": [9.75, 3.75, 9.75], "faces": { "north": { "uv": [4, 12, 8, 16], "rotation": 180, "texture": "#skeleton" }, "east": { "uv": [10, 0, 14, 4], "rotation": 180, "texture": "#skeleton" }, "south": { "uv": [10, 0, 14, 4], "rotation": 180, "texture": "#skeleton" }, "west": { "uv": [10, 0, 14, 4], "rotation": 180, "texture": "#skeleton" }, "up": { "uv": [14, 4, 10, 0], "texture": "#skeleton" }, "down": { "uv": [14, 4, 10, 0], "texture": "#skeleton" } } }], "display": { "gui": { "rotation": [0, 140, 0], "translation": [0, -3.287, 0], "scale": [0.5, 0.5, 0.5] }, "head": { "translation": [0, -11.77, 0], "scale": [3.65, 3.65, 3.65] } } }