{
	"credit": "Model by Heliosard",
	"texture_size": [32, 32],
	"textures": {
		"3": "hyparia:furniture/gold_ring",
		"particle": "hyparia:furniture/gold_ring"
	},
	"elements": [
		{
			"from": [6.5, 0, 3],
			"to": [8.5, 1.5, 5],
			"faces": {
				"north": {"uv": [0, 0, 3, 1.5], "texture": "#missing"},
				"east": {"uv": [0, 0, 1, 1.5], "texture": "#missing"},
				"south": {"uv": [0, 0, 3, 1.5], "texture": "#missing"},
				"west": {"uv": [0, 0, 1, 1.5], "texture": "#missing"},
				"up": {"uv": [3, 0, 5, 2], "texture": "#3"},
				"down": {"uv": [0, 0, 3, 1], "texture": "#missing"}
			}
		},
		{
			"from": [6.5, 0, 9],
			"to": [8.5, 1.5, 11],
			"faces": {
				"north": {"uv": [0, 0, 3, 1.5], "texture": "#missing"},
				"east": {"uv": [0, 0, 1, 1.5], "texture": "#missing"},
				"south": {"uv": [0, 0, 3, 1.5], "texture": "#missing"},
				"west": {"uv": [0, 0, 1, 1.5], "texture": "#missing"},
				"up": {"uv": [3, 6, 5, 8], "texture": "#3"},
				"down": {"uv": [0, 0, 3, 1], "texture": "#missing"}
			}
		},
		{
			"from": [3.5, 0, 6],
			"to": [5.5, 1.5, 8],
			"faces": {
				"north": {"uv": [0, 0, 16, 16], "texture": "#3"},
				"east": {"uv": [0, 0, 16, 16], "texture": "#3"},
				"south": {"uv": [0, 0, 16, 16], "texture": "#3"},
				"west": {"uv": [0, 0, 16, 16], "texture": "#3"},
				"up": {"uv": [0, 3, 2, 5], "texture": "#3"},
				"down": {"uv": [0, 0, 16, 16], "texture": "#3"}
			}
		},
		{
			"from": [9.5, 0, 6],
			"to": [11.5, 1.5, 8],
			"faces": {
				"north": {"uv": [0, 0, 16, 16], "texture": "#3"},
				"east": {"uv": [0.5, 5, 1, 5.5], "texture": "#3"},
				"south": {"uv": [0.5, 5, 1, 5.5], "texture": "#3"},
				"west": {"uv": [0, 0, 16, 16], "texture": "#3"},
				"up": {"uv": [6, 3, 8, 5], "texture": "#3"},
				"down": {"uv": [0, 0, 16, 16], "texture": "#3"}
			}
		},
		{
			"from": [6, 0, 4.5],
			"to": [6.5, 1.5, 5.5],
			"faces": {
				"north": {"uv": [0, 0, 0.5, 1.5], "texture": "#missing"},
				"east": {"uv": [0, 0, 1.5, 1.5], "texture": "#missing"},
				"south": {"uv": [0, 0, 0.5, 1.5], "texture": "#missing"},
				"west": {"uv": [0, 0, 1.5, 1.5], "texture": "#missing"},
				"up": {"uv": [2.5, 1.5, 3, 2.5], "texture": "#3"},
				"down": {"uv": [0, 0, 0.5, 1.5], "texture": "#missing"}
			}
		},
		{
			"from": [8.5, 0, 4.5],
			"to": [9, 1.5, 5.5],
			"faces": {
				"north": {"uv": [0, 0, 0.5, 1.5], "texture": "#missing"},
				"east": {"uv": [0, 0, 1.5, 1.5], "texture": "#missing"},
				"south": {"uv": [0, 0, 0.5, 1.5], "texture": "#missing"},
				"west": {"uv": [0, 0, 1.5, 1.5], "texture": "#missing"},
				"up": {"uv": [5, 1.5, 5.5, 2.5], "texture": "#3"},
				"down": {"uv": [0, 0, 0.5, 1.5], "texture": "#missing"}
			}
		},
		{
			"from": [6, 0, 8.5],
			"to": [6.5, 1.5, 9.5],
			"faces": {
				"north": {"uv": [0, 0, 0.5, 1.5], "texture": "#missing"},
				"east": {"uv": [0, 0, 1.5, 1.5], "texture": "#missing"},
				"south": {"uv": [0, 0, 0.5, 1.5], "texture": "#missing"},
				"west": {"uv": [0, 0, 1.5, 1.5], "texture": "#missing"},
				"up": {"uv": [2.5, 5.5, 3, 6.5], "texture": "#3"},
				"down": {"uv": [0, 0, 0.5, 1.5], "texture": "#missing"}
			}
		},
		{
			"from": [8.5, 0, 8.5],
			"to": [9, 1.5, 9.5],
			"faces": {
				"north": {"uv": [0, 0, 0.5, 1.5], "texture": "#missing"},
				"east": {"uv": [0, 0, 1.5, 1.5], "texture": "#missing"},
				"south": {"uv": [0, 0, 0.5, 1.5], "texture": "#missing"},
				"west": {"uv": [0, 0, 1.5, 1.5], "texture": "#missing"},
				"up": {"uv": [5, 5.5, 5.5, 6.5], "texture": "#3"},
				"down": {"uv": [0, 0, 0.5, 1.5], "texture": "#missing"}
			}
		},
		{
			"from": [4, 0, 4.5],
			"to": [6, 1.5, 6],
			"faces": {
				"north": {"uv": [0, 0, 0.5, 1.5], "texture": "#missing"},
				"east": {"uv": [0, 0, 2, 1.5], "texture": "#missing"},
				"south": {"uv": [0, 0, 0.5, 1.5], "texture": "#missing"},
				"west": {"uv": [0, 0, 2, 1.5], "texture": "#missing"},
				"up": {"uv": [0.5, 1.5, 2.5, 3], "texture": "#3"},
				"down": {"uv": [0, 0, 0.5, 2], "texture": "#missing"}
			}
		},
		{
			"from": [9, 0, 4.5],
			"to": [11, 1.5, 6],
			"faces": {
				"north": {"uv": [0, 0, 0.5, 1.5], "texture": "#3"},
				"east": {"uv": [0.5, 5, 1, 5.5], "texture": "#3"},
				"south": {"uv": [0, 0, 0.5, 1.5], "texture": "#3"},
				"west": {"uv": [0, 0, 2, 1.5], "texture": "#3"},
				"up": {"uv": [5.5, 1.5, 7.5, 3], "texture": "#3"},
				"down": {"uv": [0, 0, 0.5, 2], "texture": "#3"}
			}
		},
		{
			"from": [4, 0, 8],
			"to": [6, 1.5, 9.5],
			"faces": {
				"north": {"uv": [0, 0, 0.5, 1.5], "texture": "#missing"},
				"east": {"uv": [0, 0, 2, 1.5], "texture": "#missing"},
				"south": {"uv": [0, 0, 0.5, 1.5], "texture": "#missing"},
				"west": {"uv": [0, 0, 2, 1.5], "texture": "#missing"},
				"up": {"uv": [0.5, 5, 2.5, 6.5], "texture": "#3"},
				"down": {"uv": [0, 0, 0.5, 2], "texture": "#missing"}
			}
		},
		{
			"from": [9, 0, 8],
			"to": [11, 1.5, 9.5],
			"faces": {
				"north": {"uv": [0, 0, 0.5, 1.5], "texture": "#3"},
				"east": {"uv": [0.5, 5, 1, 5.5], "texture": "#3"},
				"south": {"uv": [0.5, 5, 1, 5.5], "texture": "#3"},
				"west": {"uv": [0, 0, 2, 1.5], "texture": "#3"},
				"up": {"uv": [5.5, 5, 7.5, 6.5], "texture": "#3"},
				"down": {"uv": [0, 0, 0.5, 2], "texture": "#3"}
			}
		},
		{
			"from": [4.5, 0, 4],
			"to": [5, 1.5, 4.5],
			"faces": {
				"north": {"uv": [0, 0, 0.5, 1.5], "texture": "#missing"},
				"east": {"uv": [0, 0, 0.25, 0.75], "texture": "#missing"},
				"south": {"uv": [0, 0, 0.5, 1.5], "texture": "#missing"},
				"west": {"uv": [0, 0, 0.5, 1.5], "texture": "#missing"},
				"up": {"uv": [1, 1, 1.5, 1.5], "texture": "#3"},
				"down": {"uv": [0, 0, 0.5, 0.5], "texture": "#missing"}
			}
		},
		{
			"from": [10, 0, 4],
			"to": [10.5, 1.5, 4.5],
			"faces": {
				"north": {"uv": [0, 0, 0.5, 1.5], "texture": "#missing"},
				"east": {"uv": [0, 0, 0.25, 0.75], "texture": "#missing"},
				"south": {"uv": [0, 0, 0.5, 1.5], "texture": "#missing"},
				"west": {"uv": [0, 0, 0.5, 1.5], "texture": "#missing"},
				"up": {"uv": [6.5, 1, 7, 1.5], "texture": "#3"},
				"down": {"uv": [0, 0, 0.5, 0.5], "texture": "#missing"}
			}
		},
		{
			"from": [4.5, 0, 9.5],
			"to": [5, 1.5, 10],
			"faces": {
				"north": {"uv": [0, 0, 0.5, 1.5], "texture": "#missing"},
				"east": {"uv": [0, 0, 0.25, 0.75], "texture": "#missing"},
				"south": {"uv": [0, 0, 0.5, 1.5], "texture": "#missing"},
				"west": {"uv": [0, 0, 0.5, 1.5], "texture": "#missing"},
				"up": {"uv": [1, 6.5, 1.5, 7], "texture": "#3"},
				"down": {"uv": [0, 0, 0.5, 0.5], "texture": "#missing"}
			}
		},
		{
			"from": [5, 0, 3.5],
			"to": [6.5, 1.5, 4.5],
			"faces": {
				"north": {"uv": [0, 0, 0.5, 1.5], "texture": "#missing"},
				"east": {"uv": [0, 0, 1.5, 1.5], "texture": "#missing"},
				"south": {"uv": [0, 0, 0.5, 1.5], "texture": "#missing"},
				"west": {"uv": [0, 0, 1.5, 1.5], "texture": "#missing"},
				"up": {"uv": [1.5, 0.5, 3, 1.5], "texture": "#3"},
				"down": {"uv": [0, 0, 0.5, 1.5], "texture": "#missing"}
			}
		},
		{
			"from": [8.5, 0, 3.5],
			"to": [10, 1.5, 4.5],
			"faces": {
				"north": {"uv": [0, 0, 0.5, 1.5], "texture": "#missing"},
				"east": {"uv": [0, 0, 1.5, 1.5], "texture": "#missing"},
				"south": {"uv": [0, 0, 0.5, 1.5], "texture": "#missing"},
				"west": {"uv": [0, 0, 1.5, 1.5], "texture": "#missing"},
				"up": {"uv": [5, 0.5, 6.5, 1.5], "texture": "#3"},
				"down": {"uv": [0, 0, 0.5, 1.5], "texture": "#missing"}
			}
		},
		{
			"from": [5, 0, 9.5],
			"to": [6.5, 1.5, 10.5],
			"faces": {
				"north": {"uv": [0, 0, 0.5, 1.5], "texture": "#missing"},
				"east": {"uv": [0, 0, 1.5, 1.5], "texture": "#missing"},
				"south": {"uv": [0, 0, 0.5, 1.5], "texture": "#missing"},
				"west": {"uv": [0, 0, 1.5, 1.5], "texture": "#missing"},
				"up": {"uv": [1.5, 6.5, 3, 7.5], "texture": "#3"},
				"down": {"uv": [0, 0, 0.5, 1.5], "texture": "#missing"}
			}
		},
		{
			"from": [8.5, 0, 9.5],
			"to": [10, 1.5, 10.5],
			"faces": {
				"north": {"uv": [0, 0, 0.5, 1.5], "texture": "#missing"},
				"east": {"uv": [0, 0, 1.5, 1.5], "texture": "#missing"},
				"south": {"uv": [0, 0, 0.5, 1.5], "texture": "#missing"},
				"west": {"uv": [0, 0, 1.5, 1.5], "texture": "#missing"},
				"up": {"uv": [5, 6.5, 6.5, 7.5], "texture": "#3"},
				"down": {"uv": [0, 0, 0.5, 1.5], "texture": "#missing"}
			}
		}
	],
	"display": {
		"thirdperson_righthand": {
			"translation": [0, 2.2554, 0]
		},
		"thirdperson_lefthand": {
			"translation": [0, 2.2554, 0]
		},
		"firstperson_righthand": {
			"translation": [0, 1.7173, 0]
		},
		"firstperson_lefthand": {
			"translation": [0, 1.7173, 0]
		},
		"ground": {
			"translation": [0, 4, 0],
			"scale": [0.5, 0.5, 0.5]
		},
		"gui": {
			"rotation": [0, 149, 0],
			"translation": [0, 0.8641, 0],
			"scale": [0.75, 0.75, 0.75]
		},
		"head": {
			"translation": [0, -4.4, 0],
			"scale": [1.65, 1.65, 1.65]
		}
	},
	"groups": [
		{
			"name": "group",
			"origin": [0, 0, 0],
			"children": [0, 1, 2, 3, 4, 5, 6, 7, 8, 9, 10, 11, 12, 13, 14, 15, 16, 17, 18]
		}
	]
}