{ "credit": "Heliosard", "texture_size": [64, 32], "textures": { "0": "block/chain", "1": "hyparia:furniture/skeleton", "2": "block/black_concrete_powder", "particle": "block/chain" }, "elements": [{ "from": [2.0774, 26.17935, 14.1851], "to": [2.9024, 27.82935, 15.2851], "rotation": { "angle": 0, "axis": "y", "origin": [7.95552, 12.05123, 7.5851] }, "faces": { "north": { "uv": [2, 4, 2.5, 6], "texture": "#2" }, "east": { "uv": [2, 4, 2.5, 6], "texture": "#2" }, "south": { "uv": [2, 4, 2.5, 6], "texture": "#2" }, "west": { "uv": [2, 4, 2.5, 6], "texture": "#2" }, "up": { "uv": [2, 4, 2.5, 6], "texture": "#2" }, "down": { "uv": [2, 4, 2.5, 6], "texture": "#2" } } }, { "from": [1.5274, 25.35435, 15.2851], "to": [3.4524, 28.65435, 16.3851], "rotation": { "angle": 0, "axis": "y", "origin": [7.95552, 12.05123, 7.5851] }, "faces": { "north": { "uv": [2, 2, 4, 6], "texture": "#2" }, "east": { "uv": [3, 2, 4, 6], "texture": "#2" }, "south": { "uv": [2, 2, 4, 6], "texture": "#2" }, "west": { "uv": [3, 2, 4, 6], "texture": "#2" }, "up": { "uv": [2, 2, 3, 4], "rotation": 90, "texture": "#2" }, "down": { "uv": [2, 2, 3, 4], "rotation": 90, "texture": "#2" } } }, { "from": [-1.70144, 17.06058, 14.1521], "to": [-0.93144, 18.02996, 14.7021], "rotation": { "angle": 0, "axis": "y", "origin": [9.18856, 9.83496, 7.0021] }, "faces": { "north": { "uv": [3, 4, 2, 6], "texture": "#2" }, "east": { "uv": [3, 4, 2, 6], "texture": "#2" }, "south": { "uv": [3, 4, 2, 6], "texture": "#2" }, "west": { "uv": [3, 4, 2, 6], "texture": "#2" }, "up": { "uv": [3, 4, 2, 6], "texture": "#2" }, "down": { "uv": [3, 4, 2, 6], "texture": "#2" } } }, { "from": [-2.52644, 16.61371, 14.1521], "to": [0.06543, 17.41808, 15.2521], "rotation": { "angle": 45, "axis": "x", "origin": [-1.31644, 17.01246, 14.4271] }, "faces": { "north": { "uv": [1, 9, 3, 2], "rotation": 90, "texture": "#2" }, "east": { "uv": [2, 2, 1, 4], "texture": "#2" }, "south": { "uv": [1, 9, 3, 2], "rotation": 90, "texture": "#2" }, "west": { "uv": [2, 2, 1, 4], "texture": "#2" }, "up": { "uv": [1, 9, 3, 2], "rotation": 90, "texture": "#2" }, "down": { "uv": [1, 9, 3, 2], "rotation": 90, "texture": "#2" } } }, { "from": [-2.52644, 14.10433, 14.1521], "to": [0.06543, 14.90871, 15.2521], "rotation": { "angle": 45, "axis": "x", "origin": [-1.31644, 17.01246, 14.4271] }, "faces": { "north": { "uv": [1, 9, 3, 2], "rotation": 90, "texture": "#2" }, "east": { "uv": [2, 2, 1, 4], "texture": "#2" }, "south": { "uv": [1, 9, 3, 2], "rotation": 90, "texture": "#2" }, "west": { "uv": [2, 2, 1, 4], "texture": "#2" }, "up": { "uv": [1, 9, 3, 2], "rotation": 90, "texture": "#2" }, "down": { "uv": [1, 9, 3, 2], "rotation": 90, "texture": "#2" } } }, { "from": [-0.32644, 14.42725, 14.26878], "to": [0.44356, 17.01225, 15.36878], "rotation": { "angle": 45, "axis": "x", "origin": [-1.31644, 17.12912, 14.54378] }, "faces": { "north": { "uv": [3, 2, 1, 9], "texture": "#2" }, "east": { "uv": [3, 2, 1, 9], "texture": "#2" }, "south": { "uv": [3, 2, 1, 9], "texture": "#2" }, "west": { "uv": [3, 2, 1, 9], "texture": "#2" }, "up": { "uv": [2, 2, 1, 4], "texture": "#2" }, "down": { "uv": [2, 2, 1, 4], "texture": "#2" } } }, { "from": [-2.93894, 14.46162, 14.26878], "to": [-2.16894, 17.01225, 15.36878], "rotation": { "angle": 45, "axis": "x", "origin": [-1.31644, 17.12912, 14.54378] }, "faces": { "north": { "uv": [3, 2, 1, 9], "texture": "#2" }, "east": { "uv": [3, 2, 1, 9], "texture": "#2" }, "south": { "uv": [3, 2, 1, 9], "texture": "#2" }, "west": { "uv": [3, 2, 1, 9], "texture": "#2" }, "up": { "uv": [2, 2, 1, 4], "texture": "#2" }, "down": { "uv": [2, 2, 1, 4], "texture": "#2" } } }, { "from": [-0.32748, 18.3501, 14.4601], "to": [1.38852, 27.5021, 14.4601], "rotation": { "angle": -22.5, "axis": "z", "origin": [0.53052, 21.95123, 7.0351] }, "faces": { "north": { "uv": [2, 1, 3.88975, 16], "texture": "#0" }, "east": { "uv": [2, 1, 3.88975, 16], "texture": "#0" }, "south": { "uv": [2, 1, 3.88975, 16], "texture": "#0" }, "west": { "uv": [2, 1, 3.88975, 16], "texture": "#0" }, "up": { "uv": [2, 1, 3.88975, 16], "texture": "#0" }, "down": { "uv": [2, 1, 3.88975, 16], "texture": "#0" } } }, { "from": [0.53052, 17.12223, 13.6021], "to": [0.53052, 26.27423, 15.3181], "rotation": { "angle": -22.5, "axis": "z", "origin": [0.53052, 21.95123, 7.0351] }, "faces": { "north": { "uv": [2, 1, 3.88975, 16], "texture": "#0" }, "east": { "uv": [2, 1, 3.88975, 16], "texture": "#0" }, "south": { "uv": [2, 1, 3.88975, 16], "texture": "#0" }, "west": { "uv": [2, 1, 3.88975, 16], "texture": "#0" }, "up": { "uv": [2, 1, 3.88975, 16], "texture": "#0" }, "down": { "uv": [2, 1, 3.88975, 16], "texture": "#0" } } }, { "from": [13.00865, 26.17935, 14.1851], "to": [13.83365, 27.82935, 15.2851], "rotation": { "angle": 0, "axis": "y", "origin": [7.95552, 12.05123, 7.5851] }, "faces": { "north": { "uv": [2.5, 4, 2, 6], "texture": "#2" }, "east": { "uv": [2.5, 4, 2, 6], "texture": "#2" }, "south": { "uv": [2.5, 4, 2, 6], "texture": "#2" }, "west": { "uv": [2.5, 4, 2, 6], "texture": "#2" }, "up": { "uv": [2.5, 4, 2, 6], "texture": "#2" }, "down": { "uv": [2.5, 4, 2, 6], "texture": "#2" } } }, { "from": [12.45865, 25.35435, 15.2851], "to": [14.38365, 28.65435, 16.3851], "rotation": { "angle": 0, "axis": "y", "origin": [7.95552, 12.05123, 7.5851] }, "faces": { "north": { "uv": [4, 2, 2, 6], "texture": "#2" }, "east": { "uv": [4, 2, 3, 6], "texture": "#2" }, "south": { "uv": [4, 2, 2, 6], "texture": "#2" }, "west": { "uv": [4, 2, 3, 6], "texture": "#2" }, "up": { "uv": [2, 4, 3, 2], "rotation": 90, "texture": "#2" }, "down": { "uv": [2, 4, 3, 2], "rotation": 90, "texture": "#2" } } }, { "from": [16.84249, 17.06058, 14.1521], "to": [17.61249, 18.02996, 14.7021], "rotation": { "angle": 0, "axis": "y", "origin": [6.72249, 9.83496, 7.0021] }, "faces": { "north": { "uv": [2, 4, 3, 6], "texture": "#2" }, "east": { "uv": [2, 4, 3, 6], "texture": "#2" }, "south": { "uv": [2, 4, 3, 6], "texture": "#2" }, "west": { "uv": [2, 4, 3, 6], "texture": "#2" }, "up": { "uv": [2, 4, 3, 6], "texture": "#2" }, "down": { "uv": [2, 4, 3, 6], "texture": "#2" } } }, { "from": [15.84561, 16.61371, 14.1521], "to": [18.43749, 17.41808, 15.2521], "rotation": { "angle": 45, "axis": "x", "origin": [17.22749, 17.01246, 14.4271] }, "faces": { "north": { "uv": [1, 2, 3, 9], "rotation": 90, "texture": "#2" }, "east": { "uv": [1, 2, 2, 4], "texture": "#2" }, "south": { "uv": [1, 2, 3, 9], "rotation": 90, "texture": "#2" }, "west": { "uv": [1, 2, 2, 4], "texture": "#2" }, "up": { "uv": [1, 2, 3, 9], "rotation": 90, "texture": "#2" }, "down": { "uv": [1, 2, 3, 9], "rotation": 90, "texture": "#2" } } }, { "from": [15.84561, 14.10433, 14.1521], "to": [18.43749, 14.90871, 15.2521], "rotation": { "angle": 45, "axis": "x", "origin": [17.22749, 17.01246, 14.4271] }, "faces": { "north": { "uv": [1, 2, 3, 9], "rotation": 90, "texture": "#2" }, "east": { "uv": [1, 2, 2, 4], "texture": "#2" }, "south": { "uv": [1, 2, 3, 9], "rotation": 90, "texture": "#2" }, "west": { "uv": [1, 2, 2, 4], "texture": "#2" }, "up": { "uv": [1, 2, 3, 9], "rotation": 90, "texture": "#2" }, "down": { "uv": [1, 2, 3, 9], "rotation": 90, "texture": "#2" } } }, { "from": [15.46749, 14.42725, 14.26878], "to": [16.23749, 17.01225, 15.36878], "rotation": { "angle": 45, "axis": "x", "origin": [17.22749, 17.12912, 14.54378] }, "faces": { "north": { "uv": [1, 2, 3, 9], "texture": "#2" }, "east": { "uv": [1, 2, 3, 9], "texture": "#2" }, "south": { "uv": [1, 2, 3, 9], "texture": "#2" }, "west": { "uv": [1, 2, 3, 9], "texture": "#2" }, "up": { "uv": [1, 2, 2, 4], "texture": "#2" }, "down": { "uv": [1, 2, 2, 4], "texture": "#2" } } }, { "from": [18.07999, 14.46162, 14.26878], "to": [18.84999, 17.01225, 15.36878], "rotation": { "angle": 45, "axis": "x", "origin": [17.22749, 17.12912, 14.54378] }, "faces": { "north": { "uv": [1, 2, 3, 9], "texture": "#2" }, "east": { "uv": [1, 2, 3, 9], "texture": "#2" }, "south": { "uv": [1, 2, 3, 9], "texture": "#2" }, "west": { "uv": [1, 2, 3, 9], "texture": "#2" }, "up": { "uv": [1, 2, 2, 4], "texture": "#2" }, "down": { "uv": [1, 2, 2, 4], "texture": "#2" } } }, { "from": [14.52252, 18.3501, 14.4601], "to": [16.23852, 27.5021, 14.4601], "rotation": { "angle": 22.5, "axis": "z", "origin": [15.38052, 21.95123, 7.0351] }, "faces": { "north": { "uv": [3.88975, 1, 2, 16], "texture": "#0" }, "east": { "uv": [3.88975, 1, 2, 16], "texture": "#0" }, "south": { "uv": [3.88975, 1, 2, 16], "texture": "#0" }, "west": { "uv": [3.88975, 1, 2, 16], "texture": "#0" }, "up": { "uv": [3.88975, 1, 2, 16], "texture": "#0" }, "down": { "uv": [3.88975, 1, 2, 16], "texture": "#0" } } }, { "from": [15.38052, 17.12223, 13.6021], "to": [15.38052, 26.27423, 15.3181], "rotation": { "angle": 22.5, "axis": "z", "origin": [15.38052, 21.95123, 7.0351] }, "faces": { "north": { "uv": [3.88975, 1, 2, 16], "texture": "#0" }, "east": { "uv": [3.88975, 1, 2, 16], "texture": "#0" }, "south": { "uv": [3.88975, 1, 2, 16], "texture": "#0" }, "west": { "uv": [3.88975, 1, 2, 16], "texture": "#0" }, "up": { "uv": [3.88975, 1, 2, 16], "texture": "#0" }, "down": { "uv": [3.88975, 1, 2, 16], "texture": "#0" } } }, { "name": "rightArm", "from": [0.03552, 9.79623, 12.8651], "to": [4.87552, 11.33623, 14.4051], "shade": false, "rotation": { "angle": -22.5, "axis": "z", "origin": [4.10552, 10.56623, 13.6351] }, "faces": { "north": { "uv": [0, 9, 0.5, 12], "rotation": 270, "texture": "#1" }, "east": { "uv": [0.5, 8, 1, 9], "rotation": 90, "texture": "#1" }, "south": { "uv": [0, 9, 0.5, 12], "rotation": 90, "texture": "#1" }, "west": { "uv": [1, 8, 1.5, 9], "rotation": 90, "texture": "#1" }, "up": { "uv": [0, 9, 0.5, 12], "rotation": 90, "texture": "#1" }, "down": { "uv": [0, 9, 0.5, 12], "rotation": 90, "texture": "#1" } } }, { "name": "rightArm", "from": [11.92536, 0.50123, 6.43943], "to": [13.46536, 2.04123, 11.27943], "shade": false, "rotation": { "angle": -45, "axis": "y", "origin": [13.24536, 2.81123, 7.75943] }, "faces": { "north": { "uv": [1, 8, 1.5, 9], "rotation": 90, "texture": "#1" }, "east": { "uv": [0, 9, 0.5, 12], "rotation": 270, "texture": "#1" }, "south": { "uv": [0.5, 8, 1, 9], "rotation": 90, "texture": "#1" }, "west": { "uv": [0, 9, 0.5, 12], "rotation": 90, "texture": "#1" }, "up": { "uv": [0, 9, 0.5, 12], "rotation": 180, "texture": "#1" }, "down": { "uv": [0, 9, 0.5, 12], "texture": "#1" } } }, { "name": "rightArm", "from": [6.97536, 2.15123, 6.43943], "to": [8.51536, 3.69123, 11.27943], "shade": false, "rotation": { "angle": 45, "axis": "x", "origin": [12.69536, 4.46123, 7.75943] }, "faces": { "north": { "uv": [1, 8, 1.5, 9], "rotation": 90, "texture": "#1" }, "east": { "uv": [0, 9, 0.5, 12], "rotation": 270, "texture": "#1" }, "south": { "uv": [0.5, 8, 1, 9], "rotation": 90, "texture": "#1" }, "west": { "uv": [0, 9, 0.5, 12], "rotation": 90, "texture": "#1" }, "up": { "uv": [0, 9, 0.5, 12], "rotation": 180, "texture": "#1" }, "down": { "uv": [0, 9, 0.5, 12], "texture": "#1" } } }, { "name": "rightArm", "from": [6.97536, 3.05334, 2.10873], "to": [8.51536, 4.59334, 6.94873], "shade": false, "rotation": { "angle": -45, "axis": "x", "origin": [12.69536, 2.28334, 5.62873] }, "faces": { "north": { "uv": [0.5, 8, 1, 9], "rotation": 270, "texture": "#1" }, "east": { "uv": [0, 9, 0.5, 12], "rotation": 90, "texture": "#1" }, "south": { "uv": [1, 8, 1.5, 9], "rotation": 270, "texture": "#1" }, "west": { "uv": [0, 9, 0.5, 12], "rotation": 270, "texture": "#1" }, "up": { "uv": [0, 9, 0.5, 12], "texture": "#1" }, "down": { "uv": [0, 9, 0.5, 12], "rotation": 180, "texture": "#1" } } }, { "name": "rightArm", "from": [13.0693, 0.50123, 1.59161], "to": [14.6093, 2.04123, 6.43161], "shade": false, "rotation": { "angle": 0, "axis": "y", "origin": [13.5643, 1.98623, 4.56161] }, "faces": { "north": { "uv": [0.5, 8, 1, 9], "rotation": 90, "texture": "#1" }, "east": { "uv": [0, 9, 0.5, 12], "rotation": 90, "texture": "#1" }, "south": { "uv": [1, 8, 1.5, 9], "rotation": 90, "texture": "#1" }, "west": { "uv": [0, 9, 0.5, 12], "rotation": 270, "texture": "#1" }, "up": { "uv": [0, 9, 0.5, 12], "texture": "#1" }, "down": { "uv": [0, 9, 0.5, 12], "rotation": 180, "texture": "#1" } } }, { "name": "rightArm", "from": [-1.49249, 11.80626, 12.81354], "to": [0.04751, 16.64626, 14.35354], "shade": false, "rotation": { "angle": 22.5, "axis": "z", "origin": [-0.99749, 14.77626, 13.6351] }, "faces": { "north": { "uv": [0, 9, 0.5, 12], "texture": "#1" }, "east": { "uv": [0, 9, 0.5, 12], "texture": "#1" }, "south": { "uv": [0, 9, 0.5, 12], "texture": "#1" }, "west": { "uv": [0, 9, 0.5, 12], "texture": "#1" }, "up": { "uv": [0.5, 8, 1, 9], "texture": "#1" }, "down": { "uv": [1, 8, 1.5, 9], "texture": "#1" } } }, { "name": "rightArm", "from": [-2.59249, 15.70783, 10.1151], "to": [0.04751, 16.69783, 13.5801], "shade": false, "rotation": { "angle": -22.5, "axis": "x", "origin": [-0.99749, 15.87626, 12.5351] }, "faces": { "north": { "uv": [5, 10, 5.25, 12.5], "rotation": 90, "texture": "#1" }, "east": { "uv": [5, 11, 6.25, 11.5], "rotation": 180, "texture": "#1" }, "south": { "uv": [0.5, 8, 1, 9], "texture": "#1" }, "west": { "uv": [5, 11, 6.25, 11.5], "texture": "#1" }, "up": { "uv": [5, 10, 6.25, 12.5], "rotation": 90, "texture": "#1" }, "down": { "uv": [5, 10, 6.25, 12.5], "rotation": 270, "texture": "#1" } } }, { "name": "rightArm", "from": [6.75751, -0.04877, -2.5349], "to": [9.39751, 0.94123, 2.0301], "shade": false, "rotation": { "angle": -22.5, "axis": "y", "origin": [8.35251, 2.67626, 0.9851] }, "faces": { "north": { "uv": [5, 10, 5.25, 12.5], "rotation": 90, "texture": "#1" }, "east": { "uv": [5, 11, 6.25, 11.5], "rotation": 180, "texture": "#1" }, "south": { "uv": [0.5, 8, 1, 9], "texture": "#1" }, "west": { "uv": [5, 11, 6.25, 11.5], "texture": "#1" }, "up": { "uv": [5, 10, 6.25, 12.5], "rotation": 90, "texture": "#1" }, "down": { "uv": [5, 10, 6.25, 12.5], "rotation": 270, "texture": "#1" } } }, { "name": "rightArm", "from": [12.91498, -0.04877, 0.0776], "to": [17.47998, 2.59123, 1.0676], "shade": false, "rotation": { "angle": 22.5, "axis": "y", "origin": [14.64748, 1.27123, 0.5726] }, "faces": { "north": { "uv": [5, 10, 6.25, 12.5], "texture": "#1" }, "east": { "uv": [5, 10, 5.25, 12.5], "texture": "#1" }, "south": { "uv": [5, 10, 6.25, 12.5], "rotation": 180, "texture": "#1" }, "west": { "uv": [0.5, 8, 1, 9], "rotation": 90, "texture": "#1" }, "up": { "uv": [5, 11, 6.25, 11.5], "rotation": 180, "texture": "#1" }, "down": { "uv": [5, 11, 6.25, 11.5], "rotation": 180, "texture": "#1" } } }, { "name": "rightArm", "from": [11.03552, 9.79623, 12.8651], "to": [15.87552, 11.33623, 14.4051], "shade": false, "rotation": { "angle": 22.5, "axis": "z", "origin": [11.80552, 10.56623, 13.6351] }, "faces": { "north": { "uv": [0, 12, 0.5, 9], "rotation": 270, "texture": "#1" }, "east": { "uv": [1, 9, 1.5, 8], "rotation": 90, "texture": "#1" }, "south": { "uv": [0, 12, 0.5, 9], "rotation": 90, "texture": "#1" }, "west": { "uv": [0.5, 9, 1, 8], "rotation": 90, "texture": "#1" }, "up": { "uv": [0, 12, 0.5, 9], "rotation": 90, "texture": "#1" }, "down": { "uv": [0, 12, 0.5, 9], "rotation": 90, "texture": "#1" } } }, { "name": "rightArm", "from": [15.86353, 11.80626, 12.81354], "to": [17.40353, 16.64626, 14.35354], "shade": false, "rotation": { "angle": -22.5, "axis": "z", "origin": [16.90853, 14.77626, 13.6351] }, "faces": { "north": { "uv": [0.5, 9, 0, 12], "texture": "#1" }, "east": { "uv": [0.5, 9, 0, 12], "texture": "#1" }, "south": { "uv": [0.5, 9, 0, 12], "texture": "#1" }, "west": { "uv": [0.5, 9, 0, 12], "texture": "#1" }, "up": { "uv": [1, 8, 0.5, 9], "texture": "#1" }, "down": { "uv": [1.5, 8, 1, 9], "texture": "#1" } } }, { "name": "rightArm", "from": [15.86353, 15.70783, 10.1151], "to": [18.50353, 16.69783, 13.5801], "shade": false, "rotation": { "angle": -22.5, "axis": "x", "origin": [16.90853, 15.87626, 12.5351] }, "faces": { "north": { "uv": [5, 12.5, 5.25, 10], "rotation": 90, "texture": "#1" }, "east": { "uv": [6.25, 11, 5, 11.5], "texture": "#1" }, "south": { "uv": [1, 8, 0.5, 9], "texture": "#1" }, "west": { "uv": [6.25, 11, 5, 11.5], "rotation": 180, "texture": "#1" }, "up": { "uv": [5, 12.5, 6.25, 10], "rotation": 90, "texture": "#1" }, "down": { "uv": [5, 12.5, 6.25, 10], "rotation": 270, "texture": "#1" } } }, { "name": "head", "from": [4.87552, 11.06123, 7.8051], "to": [11.03552, 17.22123, 13.9651], "shade": false, "rotation": { "angle": -45, "axis": "x", "origin": [7.95552, 14.14123, 10.8851] }, "faces": { "north": { "uv": [2, 4, 4, 8], "texture": "#1" }, "east": { "uv": [0, 4, 2, 8], "texture": "#1" }, "south": { "uv": [6, 4, 8, 8], "texture": "#1" }, "west": { "uv": [4, 4, 6, 8], "texture": "#1" }, "up": { "uv": [2, 0, 4, 4], "texture": "#1" }, "down": { "uv": [0, 9, 2, 13], "texture": "#1" } } }, { "name": "body", "from": [4.87552, 4.90123, 12.0951], "to": [11.03552, 11.06123, 15.1751], "shade": false, "rotation": { "angle": 0, "axis": "y", "origin": [14.11552, 13.04123, 16.7151] }, "faces": { "north": { "uv": [5, 10, 7, 14], "texture": "#1" }, "east": { "uv": [4, 10, 5, 14], "texture": "#1" }, "south": { "uv": [8, 10, 10, 14], "texture": "#1" }, "west": { "uv": [7, 10, 8, 14], "texture": "#1" }, "up": { "uv": [10, 8, 12, 10], "texture": "#1" }, "down": { "uv": [5, 8, 7, 10], "texture": "#1" } } }, { "name": "body", "from": [7.17865, 2.0481, 14.39823], "to": [8.7324, 4.9081, 15.2576], "shade": false, "rotation": { "angle": 0, "axis": "y", "origin": [14.11552, 13.04123, 16.7151] }, "faces": { "north": { "uv": [8.75, 10, 9.25, 12], "texture": "#1" }, "east": { "uv": [8.75, 10, 9, 12], "texture": "#1" }, "south": { "uv": [8.75, 10, 9.25, 12], "texture": "#1" }, "west": { "uv": [8.75, 10, 9, 12], "texture": "#1" }, "up": { "uv": [8.75, 10, 9.25, 10.5], "texture": "#1" }, "down": { "uv": [8.75, 10, 9.25, 10.5], "texture": "#1" } } }, { "name": "body", "from": [7.17865, 4.9356, 14.39823], "to": [8.7324, 11.06123, 15.27823], "shade": false, "rotation": { "angle": 0, "axis": "y", "origin": [14.11552, 13.04123, 16.7151] }, "faces": { "north": { "uv": [8.75, 10, 9.25, 14.5], "texture": "#1" }, "east": { "uv": [8.75, 10, 9, 14.5], "texture": "#1" }, "south": { "uv": [8.75, 10, 9.25, 14.5], "texture": "#1" }, "west": { "uv": [8.75, 10, 9, 14.5], "texture": "#1" }, "up": { "uv": [8.75, 10, 9.25, 10.5], "texture": "#1" }, "down": { "uv": [8.75, 10, 9.25, 10.5], "texture": "#1" } } }, { "name": "body", "from": [7.17865, 9.85302, 12.36137], "to": [8.7324, 15.97865, 13.24137], "shade": false, "rotation": { "angle": -45, "axis": "x", "origin": [7.95552, 12.91584, 12.80137] }, "faces": { "north": { "uv": [8.75, 10, 9.25, 14.5], "texture": "#1" }, "east": { "uv": [8.75, 10, 9, 14.5], "texture": "#1" }, "south": { "uv": [8.75, 10, 9.25, 14.5], "texture": "#1" }, "west": { "uv": [8.75, 10, 9, 14.5], "texture": "#1" }, "up": { "uv": [8.75, 10, 9.25, 10.5], "texture": "#1" }, "down": { "uv": [8.75, 10, 9.25, 10.5], "texture": "#1" } } }, { "name": "body", "from": [4.87552, -0.04877, 9.1251], "to": [11.03552, 3.03123, 13.0851], "shade": false, "rotation": { "angle": -22.5, "axis": "y", "origin": [7.95552, 1.49123, 11.6551] }, "faces": { "north": { "uv": [7, 8, 9, 10], "rotation": 180, "texture": "#1" }, "east": { "uv": [6.75, 14.5, 7.75, 16], "rotation": 180, "texture": "#1" }, "south": { "uv": [10, 8, 12, 10], "texture": "#1" }, "west": { "uv": [4, 14.5, 5, 16], "rotation": 180, "texture": "#1" }, "up": { "uv": [5, 14.5, 7, 16], "rotation": 180, "texture": "#1" }, "down": { "uv": [5, 14.5, 7, 16], "rotation": 180, "texture": "#1" } } }], "display": { "thirdperson_righthand": { "rotation": [75, 45, 0], "translation": [-2.25, 1.75, -1.75], "scale": [0.49219, 0.49219, 0.49219] }, "thirdperson_lefthand": { "rotation": [75, 45, 0], "translation": [-2.25, 1.75, -1.75], "scale": [0.49219, 0.49219, 0.49219] }, "firstperson_righthand": { "rotation": [8, 105, -7.75], "translation": [0, 2.75, 0], "scale": [0.4, 0.4, 0.4] }, "firstperson_lefthand": { "rotation": [8, 105, -7.75], "translation": [0, 2.75, 0], "scale": [0.4, 0.4, 0.4] }, "ground": { "translation": [0, 4, 0], "scale": [0.5, 0.5, 0.5] }, "gui": { "rotation": [16.25, 145, 0], "translation": [0.5, -2.5, 0], "scale": [0.4, 0.4, 0.4] }, "head": { "translation": [0, -31.1, 0], "scale": [1.5, 1.5, 1.5] }, "fixed": { "rotation": [-90, 0, 0], "translation": [0, 0, -15], "scale": [2, 2, 2] } }, "groups": [{ "name": "Right Manacle", "origin": [8, 8, 8], "children": [{ "name": "Bracket", "origin": [8, 8, 8], "children": [0, 1] }, { "name": "Cuff", "origin": [-0.42906, 12.61627, 14.32607], "children": [2, 3, 4, 5, 6] }, { "name": "chain_short", "origin": [8, 8, 8], "children": [7, 8] }] }, { "name": "Left Manacle", "origin": [8, 8, 8], "children": [{ "name": "Bracket", "origin": [8, 8, 8], "children": [9, 10] }, { "name": "Cuff", "origin": [-0.42906, 12.61627, 14.32607], "children": [11, 12, 13, 14, 15] }, { "name": "chain_short", "origin": [8, 8, 8], "children": [16, 17] }] }, { "name": "group", "origin": [8, 8, 8], "children": [{ "name": "Right Hand & Arm", "origin": [-0.1391, 14.4773, 12.5], "children": [18, 19, 20, 21, 22, 23, 24, 25, 26] }, { "name": "Left Hand & Arm", "origin": [-0.1391, 14.4773, 12.5], "children": [27, 28, 29] }, 30, 31, 32, 33, 34, 35] }] }