{ "credit": "Model by Elsweyr, forked by HypariaMC", "textures": { "particle": "hyparia:furniture/banner_simple_red", "texture": "hyparia:furniture/banner_simple_red" }, "elements": [{ "name": "Box1", "from": [6.5, -1, 7.5], "to": [9.5, 31, 10.5], "faces": { "north": { "uv": [14.5, 0, 16, 16], "texture": "#texture" }, "east": { "uv": [14.5, 0, 16, 16], "texture": "#texture" }, "south": { "uv": [14.5, 0, 16, 16], "texture": "#texture" }, "west": { "uv": [14.5, 0, 16, 16], "texture": "#texture" }, "up": { "uv": [13, 0, 14.5, 1.5], "texture": "#texture" }, "down": { "uv": [13, 0, 14.5, 1.5], "texture": "#texture" } } }, { "name": "Box2", "from": [0, 27, 5.5], "to": [16, 29, 7.5], "faces": { "north": { "uv": [6.5, 15, 14.5, 16], "texture": "#texture" }, "east": { "uv": [5.5, 14, 6.5, 15], "texture": "#texture" }, "south": { "uv": [6.5, 15, 14.5, 16], "texture": "#texture" }, "west": { "uv": [5.5, 14, 6.5, 15], "texture": "#texture" }, "up": { "uv": [6.5, 15, 14.5, 16], "texture": "#texture" }, "down": { "uv": [6.5, 15, 14.5, 16], "texture": "#texture" } } }, { "name": "PlaneZ3", "from": [2, 7, 6.5], "to": [14, 27, 6.501], "faces": { "north": { "uv": [7, 0, 13, 10], "texture": "#texture" }, "south": { "uv": [13, 0, 7, 10], "texture": "#texture" } } }], "display": { "thirdperson_righthand": { "scale": [0.5, 0.5, 0.5] }, "thirdperson_lefthand": { "scale": [0.5, 0.5, 0.5] }, "firstperson_righthand": { "translation": [4.2391, -13.28, 0] }, "firstperson_lefthand": { "translation": [4.2391, -13.28, 0] }, "ground": { "translation": [0, 2.8288, 0], "scale": [0.5, 0.5, 0.5] }, "gui": { "rotation": [21, 153, 0], "translation": [0, -3.513, 0], "scale": [0.5, 0.5, 0.5] }, "head": { "translation": [0, -28.84, 0], "scale": [1.6, 1.6, 1.6] }, "fixed": { "translation": [0, -26.68, -5.923], "scale": [2, 2, 2] } } }