{ "credit": "Model by Elsweyr, forked by HypariaMC", "textures": { "texture": "hyparia:furniture/fishing_pole" }, "elements": [{ "__comment": "Box1", "from": [7.5, -16, 7.5], "to": [8.5, 0, 8.5], "faces": { "down": { "uv": [13, 15, 14, 16], "texture": "#texture" }, "up": { "uv": [13, 0, 14, 1], "texture": "#texture" }, "north": { "uv": [13, 0, 14, 16], "texture": "#texture" }, "south": { "uv": [13, 0, 14, 16], "texture": "#texture" }, "west": { "uv": [13, 0, 14, 16], "texture": "#texture" }, "east": { "uv": [13, 0, 14, 16], "texture": "#texture" } } }, { "__comment": "Box2", "from": [7.5, 0, 7.5], "to": [8.5, 16, 8.5], "faces": { "down": { "uv": [14, 15, 15, 16], "texture": "#texture" }, "up": { "uv": [14, 0, 15, 1], "texture": "#texture" }, "north": { "uv": [14, 0, 15, 16], "texture": "#texture" }, "south": { "uv": [14, 0, 15, 16], "texture": "#texture" }, "west": { "uv": [14, 0, 15, 16], "texture": "#texture" }, "east": { "uv": [14, 0, 15, 16], "texture": "#texture" } } }, { "__comment": "Box3", "from": [7.5, 16, 7.5], "to": [8.5, 31, 8.5], "faces": { "down": { "uv": [15, 15, 16, 16], "texture": "#texture" }, "up": { "uv": [15, 3.5, 16, 4.5], "texture": "#texture" }, "north": { "uv": [15, 1, 16, 16], "texture": "#texture" }, "south": { "uv": [15, 1, 16, 16], "texture": "#texture" }, "west": { "uv": [15, 1, 16, 16], "texture": "#texture" }, "east": { "uv": [15, 1, 16, 16], "texture": "#texture" } } }, { "__comment": "PlaneX4", "from": [8, 14.5, 8.5], "to": [8.001, 30.5, 11.5], "faces": { "west": { "uv": [8, 0, 11, 16], "texture": "#texture" }, "east": { "uv": [11, 0, 8, 16], "texture": "#texture" } } }], "display": { "thirdperson_righthand": { "translation": [0, 8.7418, 1.0434] }, "thirdperson_lefthand": { "translation": [0, 8.7418, 1.0434] }, "firstperson_righthand": { "translation": [0, -7.519, 0] }, "firstperson_lefthand": { "translation": [0, -7.519, 0] }, "gui": { "rotation": [19, -98, 25], "scale": [0.25, 0.25, 0.25] }, "head": { "translation": [0, -3.6, 0], "scale": [1.65, 1.65, 1.65] }, "ground": { "translation": [0, 6.0407, 0], "scale": [0.25, 0.25, 0.25] } } }