{ "credit": "Model by Elsweyr, forked by HypariaMC", "textures": { "particle": "hyparia:furniture/lockbox", "texture": "hyparia:furniture/lockbox" }, "elements": [{ "__comment": "Bottom", "from": [1, 0, 5], "to": [15, 4, 11], "faces": { "down": { "uv": [0, 13, 7, 16], "texture": "#texture" }, "up": { "uv": [0, 8, 7, 11], "texture": "#texture" }, "north": { "uv": [0, 11, 7, 13], "texture": "#texture" }, "south": { "uv": [7, 9, 14, 11], "texture": "#texture" }, "west": { "uv": [7, 11, 10, 13], "texture": "#texture" }, "east": { "uv": [10, 11, 7, 13], "texture": "#texture" } } }, { "__comment": "Top", "from": [1, 4, 5], "to": [15, 6, 11], "faces": { "down": { "uv": [9, 5, 16, 8], "texture": "#texture" }, "up": { "uv": [9, 1, 16, 4], "texture": "#texture" }, "north": { "uv": [9, 4, 16, 5], "texture": "#texture" }, "south": { "uv": [9, 0, 16, 1], "texture": "#texture" }, "west": { "uv": [6, 0, 9, 1], "texture": "#texture" }, "east": { "uv": [6, 4, 9, 5], "texture": "#texture" } } }], "display": { "thirdperson_righthand": { "translation": [0, 3.7961, 0], "scale": [0.5, 0.5, 0.5] }, "thirdperson_lefthand": { "translation": [0, 3.7961, 0], "scale": [0.5, 0.5, 0.5] }, "firstperson_righthand": { "translation": [0, 3.1875, 0] }, "firstperson_lefthand": { "translation": [0, 3.1875, 0] }, "gui": { "rotation": [15, 154, 0], "translation": [0, 2.1766, 0], "scale": [0.8, 0.8, 0.8] }, "head": { "translation": [0, -30.1, 0], "scale": [1.65, 1.65, 1.65] }, "ground": { "translation": [0, 4, 0], "scale": [0.6, 0.6, 0.6] } } }