{ "credit": "Model by Elsweyr, forked by HypariaMC", "textures": { "texture": "hyparia:furniture/skull_ram" }, "elements": [{ "name": "Head", "from": [3.5, 0, 0], "to": [12.5, 7, 9], "faces": { "north": { "uv": [5.5, 4.5, 8.5, 8], "texture": "#texture" }, "east": { "uv": [13, 4.5, 8.5, 8], "texture": "#texture" }, "south": { "uv": [13, 4.5, 16, 8], "texture": "#texture" }, "west": { "uv": [8.5, 4.5, 13, 8], "texture": "#texture" }, "up": { "uv": [8.5, 0, 13, 4.5], "rotation": 90, "texture": "#texture" }, "down": { "uv": [8.5, 8, 13, 12.5], "rotation": 270, "texture": "#texture" } } }, { "name": "Head", "from": [3.5, 0, 0], "to": [12.5, 7, 0], "faces": { "north": { "uv": [5.5, 4.5, 8.5, 8], "texture": "#texture" }, "east": { "uv": [13, 4.5, 8.5, 8], "texture": "#texture" }, "south": { "uv": [13, 4.5, 16, 8], "texture": "#texture" }, "west": { "uv": [8.5, 4.5, 13, 8], "texture": "#texture" }, "up": { "uv": [8.5, 0, 13, 4.5], "rotation": 90, "texture": "#texture" }, "down": { "uv": [8.5, 8, 13, 12.5], "rotation": 270, "texture": "#texture" } } }, { "name": "Head", "from": [3.5, 0, 0], "to": [3.5, 7, 9], "faces": { "north": { "uv": [5.5, 4.5, 8.5, 8], "texture": "#texture" }, "east": { "uv": [13, 4.5, 8.5, 8], "texture": "#texture" }, "south": { "uv": [13, 4.5, 16, 8], "texture": "#texture" }, "west": { "uv": [8.5, 4.5, 13, 8], "texture": "#texture" }, "up": { "uv": [8.5, 0, 13, 4.5], "rotation": 90, "texture": "#texture" }, "down": { "uv": [8.5, 8, 13, 12.5], "rotation": 270, "texture": "#texture" } } }, { "name": "Head", "from": [12.5, 0, 0], "to": [12.5, 7, 9], "faces": { "north": { "uv": [5.5, 4.5, 8.5, 8], "texture": "#texture" }, "east": { "uv": [13, 4.5, 8.5, 8], "texture": "#texture" }, "south": { "uv": [13, 4.5, 16, 8], "texture": "#texture" }, "west": { "uv": [8.5, 4.5, 13, 8], "texture": "#texture" }, "up": { "uv": [8.5, 0, 13, 4.5], "rotation": 90, "texture": "#texture" }, "down": { "uv": [8.5, 8, 13, 12.5], "rotation": 270, "texture": "#texture" } } }, { "name": "Head", "from": [3.5, 0, 0], "to": [12.5, 0, 9], "faces": { "north": { "uv": [5.5, 4.5, 8.5, 8], "texture": "#texture" }, "east": { "uv": [13, 4.5, 8.5, 8], "texture": "#texture" }, "south": { "uv": [13, 4.5, 16, 8], "texture": "#texture" }, "west": { "uv": [8.5, 4.5, 13, 8], "texture": "#texture" }, "up": { "uv": [8.5, 0, 13, 4.5], "rotation": 90, "texture": "#texture" }, "down": { "uv": [8.5, 8, 13, 12.5], "rotation": 270, "texture": "#texture" } } }, { "name": "Head", "from": [3.5, 7, 0], "to": [12.5, 7, 9], "faces": { "north": { "uv": [5.5, 4.5, 8.5, 8], "texture": "#texture" }, "east": { "uv": [13, 4.5, 8.5, 8], "texture": "#texture" }, "south": { "uv": [13, 4.5, 16, 8], "texture": "#texture" }, "west": { "uv": [8.5, 4.5, 13, 8], "texture": "#texture" }, "up": { "uv": [8.5, 0, 13, 4.5], "rotation": 90, "texture": "#texture" }, "down": { "uv": [8.5, 8, 13, 12.5], "rotation": 270, "texture": "#texture" } } }, { "name": "Head", "from": [3.5, 7, 0], "to": [3.5, 7, 9], "faces": { "north": { "uv": [5.5, 4.5, 8.5, 8], "texture": "#texture" }, "east": { "uv": [13, 4.5, 8.5, 8], "texture": "#texture" }, "south": { "uv": [13, 4.5, 16, 8], "texture": "#texture" }, "west": { "uv": [8.5, 4.5, 13, 8], "texture": "#texture" }, "up": { "uv": [8.5, 0, 13, 4.5], "rotation": 90, "texture": "#texture" }, "down": { "uv": [8.5, 8, 13, 12.5], "rotation": 270, "texture": "#texture" } } }, { "name": "Horn L 1", "from": [8.45, 3, 7.5], "to": [12.45, 7, 13.5], "rotation": { "angle": -22.5, "axis": "x", "origin": [8.5, 3, 7.5] }, "faces": { "north": { "uv": [2.5, 9.5, 4.5, 11.5], "texture": "#texture" }, "east": { "uv": [6.5, 14, 3.5, 16], "texture": "#texture" }, "south": { "uv": [2.5, 11.5, 4.5, 13.5], "texture": "#texture" }, "west": { "uv": [3.5, 14, 6.5, 16], "texture": "#texture" }, "up": { "uv": [3.5, 14, 6.5, 16], "rotation": 90, "texture": "#texture" }, "down": { "uv": [3.5, 14, 6.5, 16], "rotation": 270, "texture": "#texture" } } }, { "name": "Horn L 2", "from": [9, 5.5, 11.5], "to": [12, 8.5, 16.5], "rotation": { "angle": 22.5, "axis": "y", "origin": [9, 5.5, 11.5] }, "faces": { "north": { "uv": [4.5, 12, 6, 13.5], "texture": "#texture" }, "east": { "uv": [6.5, 14.5, 9, 16], "texture": "#texture" }, "south": { "uv": [4.5, 12, 6, 13.5], "texture": "#texture" }, "west": { "uv": [6.5, 14.5, 9, 16], "texture": "#texture" }, "up": { "uv": [6.5, 14.5, 9, 16], "rotation": 90, "texture": "#texture" }, "down": { "uv": [6.5, 14.5, 9, 16], "rotation": 270, "texture": "#texture" } } }, { "name": "Horn L 3", "from": [11.5, 6, 14], "to": [15.5, 8, 16], "rotation": { "angle": -22.5, "axis": "y", "origin": [11.5, 6, 16] }, "faces": { "north": { "uv": [9, 15, 11, 16], "texture": "#texture" }, "east": { "uv": [6, 12.5, 7, 13.5], "texture": "#texture" }, "south": { "uv": [9, 15, 11, 16], "texture": "#texture" }, "west": { "uv": [6, 12.5, 7, 13.5], "texture": "#texture" }, "up": { "uv": [9, 15, 11, 16], "texture": "#texture" }, "down": { "uv": [9, 15, 11, 16], "texture": "#texture" } } }, { "name": "Horn L 4", "from": [15, 6.5, 16], "to": [18, 7.5, 17], "rotation": { "angle": 22.5, "axis": "y", "origin": [15, 7.5, 16] }, "faces": { "north": { "uv": [11, 15.5, 12.5, 16], "rotation": 180, "texture": "#texture" }, "east": { "uv": [7.5, 13.5, 7, 13], "texture": "#texture" }, "south": { "uv": [11, 15.5, 12.5, 16], "rotation": 180, "texture": "#texture" }, "west": { "uv": [7.5, 13.5, 7, 13], "texture": "#texture" }, "up": { "uv": [11, 15.5, 12.5, 16], "texture": "#texture" }, "down": { "uv": [11, 15.5, 12.5, 16], "texture": "#texture" } } }, { "name": "Nose", "from": [5.5, 0, -7], "to": [11.5, 5, 0], "faces": { "north": { "uv": [3, 0.5, 5.5, 3], "texture": "#texture" }, "east": { "uv": [5.5, 6, 2, 8.5], "texture": "#texture" }, "south": { "uv": [3, 0.5, 5.5, 3], "texture": "#texture" }, "west": { "uv": [2, 6, 5.5, 8.5], "texture": "#texture" }, "up": { "uv": [2, 3, 5.5, 6], "rotation": 90, "texture": "#texture" }, "down": { "uv": [12, 13, 14.5, 15], "rotation": 270, "texture": "#texture" } } }, { "name": "Nose", "from": [5.5, 0, -7], "to": [11.5, 5, -7], "faces": { "north": { "uv": [3, 0.5, 5.5, 3], "texture": "#texture" }, "east": { "uv": [5.5, 6, 2, 8.5], "texture": "#texture" }, "south": { "uv": [3, 0.5, 5.5, 3], "texture": "#texture" }, "west": { "uv": [2, 6, 5.5, 8.5], "texture": "#texture" }, "up": { "uv": [2, 3, 5.5, 6], "rotation": 90, "texture": "#texture" }, "down": { "uv": [12, 13, 14.5, 15], "rotation": 270, "texture": "#texture" } } }, { "name": "Nose", "from": [5.5, 5, -7], "to": [11.5, 5, 0], "faces": { "north": { "uv": [3, 0.5, 5.5, 3], "texture": "#texture" }, "east": { "uv": [5.5, 6, 2, 8.5], "texture": "#texture" }, "south": { "uv": [3, 0.5, 5.5, 3], "texture": "#texture" }, "west": { "uv": [2, 6, 5.5, 8.5], "texture": "#texture" }, "up": { "uv": [2, 3, 5.5, 6], "rotation": 90, "texture": "#texture" }, "down": { "uv": [2, 3, 5.5, 5.75], "rotation": 270, "texture": "#texture" } } }, { "name": "Nose", "from": [11.5, 0, -7], "to": [11.5, 5, 0], "faces": { "north": { "uv": [3, 0.5, 5.5, 3], "texture": "#texture" }, "east": { "uv": [5.5, 6, 2, 8.5], "texture": "#texture" }, "south": { "uv": [5.5, 0.5, 8, 3], "texture": "#texture" }, "west": { "uv": [2, 6, 5.5, 8.5], "texture": "#texture" }, "up": { "uv": [2, 3, 5.5, 6], "rotation": 90, "texture": "#texture" }, "down": { "uv": [12, 13, 14.5, 15], "rotation": 270, "texture": "#texture" } } }, { "name": "Nose", "from": [11.5, 0, -7], "to": [11.5, 5, -7], "faces": { "north": { "uv": [3, 0.5, 5.5, 3], "texture": "#texture" }, "east": { "uv": [5.5, 6, 2, 8.5], "texture": "#texture" }, "south": { "uv": [3, 0.5, 5.5, 3], "texture": "#texture" }, "west": { "uv": [2, 6, 5.5, 8.5], "texture": "#texture" }, "up": { "uv": [2, 3, 5.5, 6], "rotation": 90, "texture": "#texture" }, "down": { "uv": [3, 0.5, 5.5, 2.5], "rotation": 270, "texture": "#texture" } } }, { "name": "Nose", "from": [5.5, 0, -7], "to": [5.5, 5, 0], "faces": { "north": { "uv": [3, 0.5, 5.5, 3], "texture": "#texture" }, "east": { "uv": [5.5, 6, 2, 8.5], "texture": "#texture" }, "south": { "uv": [5.5, 0.5, 8, 3], "texture": "#texture" }, "west": { "uv": [2, 6, 5.5, 8.5], "texture": "#texture" }, "up": { "uv": [2, 3, 5.5, 6], "rotation": 90, "texture": "#texture" }, "down": { "uv": [12, 13, 14.5, 15], "rotation": 270, "texture": "#texture" } } }, { "name": "Horn L 1", "from": [3.55, 3, 7.5], "to": [7.55, 7, 13.5], "rotation": { "angle": -22.5, "axis": "x", "origin": [3.5, 3, 7.5] }, "faces": { "north": { "uv": [2.5, 9.5, 4.5, 11.5], "texture": "#texture" }, "east": { "uv": [6.5, 14, 3.5, 16], "texture": "#texture" }, "south": { "uv": [2.5, 11.5, 4.5, 13.5], "texture": "#texture" }, "west": { "uv": [3.5, 14, 6.5, 16], "texture": "#texture" }, "up": { "uv": [3.5, 14, 6.5, 16], "rotation": 90, "texture": "#texture" }, "down": { "uv": [3.5, 14, 6.5, 16], "rotation": 270, "texture": "#texture" } } }, { "name": "Horn L 2", "from": [4.5, 5.5, 10.5], "to": [7.5, 8.5, 15.5], "rotation": { "angle": -22.5, "axis": "y", "origin": [4.5, 5.5, 10.5] }, "faces": { "north": { "uv": [4.5, 12, 6, 13.5], "texture": "#texture" }, "east": { "uv": [6.5, 14.5, 9, 16], "texture": "#texture" }, "south": { "uv": [4.5, 12, 6, 13.5], "texture": "#texture" }, "west": { "uv": [6.5, 14.5, 9, 16], "texture": "#texture" }, "up": { "uv": [6.5, 14.5, 9, 16], "rotation": 90, "texture": "#texture" }, "down": { "uv": [6.5, 14.5, 9, 16], "rotation": 270, "texture": "#texture" } } }, { "name": "Horn L 3", "from": [0, 6, 14.5], "to": [4, 8, 16.5], "rotation": { "angle": 22.5, "axis": "y", "origin": [4, 6, 14.5] }, "faces": { "north": { "uv": [9, 15, 11, 16], "texture": "#texture" }, "east": { "uv": [6, 12.5, 7, 13.5], "texture": "#texture" }, "south": { "uv": [9, 15, 11, 16], "texture": "#texture" }, "west": { "uv": [6, 12.5, 7, 13.5], "texture": "#texture" }, "up": { "uv": [9, 15, 11, 16], "rotation": 180, "texture": "#texture" }, "down": { "uv": [9, 15, 11, 16], "rotation": 180, "texture": "#texture" } } }, { "name": "Horn L 4", "from": [-2, 6.5, 16.5], "to": [1, 7.5, 17.5], "rotation": { "angle": -22.5, "axis": "y", "origin": [1, 7.5, 17.5] }, "faces": { "north": { "uv": [11, 15.5, 12.5, 16], "rotation": 180, "texture": "#texture" }, "east": { "uv": [7.5, 13.5, 7, 13], "texture": "#texture" }, "south": { "uv": [11, 15.5, 12.5, 16], "rotation": 180, "texture": "#texture" }, "west": { "uv": [7.5, 13.5, 7, 13], "texture": "#texture" }, "up": { "uv": [11, 15.5, 12.5, 16], "rotation": 180, "texture": "#texture" }, "down": { "uv": [11, 15.5, 12.5, 16], "rotation": 180, "texture": "#texture" } } }], "display": { "thirdperson_righthand": { "translation": [0, 2.0869, 2.1929], "scale": [0.5, 0.5, 0.5] }, "thirdperson_lefthand": { "translation": [0, 2.0869, 2.1929], "scale": [0.5, 0.5, 0.5] }, "firstperson_righthand": { "translation": [0, 3.5, 0] }, "firstperson_lefthand": { "translation": [0, 3.5, 0] }, "ground": { "translation": [0, 4, 0], "scale": [0.5, 0.5, 0.5] }, "gui": { "rotation": [17, 115, 0], "translation": [1.5842, 1.2717, 0], "scale": [0.5, 0.5, 0.5] }, "head": { "translation": [0, -31.3, 0], "scale": [1.5, 1.5, 1.5] } } }