{ "credit": "Model by Elsweyr, forked by HypariaMC", "textures": { "particle": "hyparia:furniture/winch", "texture": "hyparia:furniture/winch" }, "elements": [{ "__comment": "Inner", "from": [4.4999, 11.8754, 6.9997], "to": [10.4999, 13.8754, 8.999699], "faces": { "down": { "uv": [14.5, 0.5, 16, 1], "texture": "#texture" }, "up": { "uv": [14.5, 0.5, 16, 1], "texture": "#texture" }, "north": { "uv": [14.5, 0.5, 16, 1], "texture": "#texture" }, "south": { "uv": [14.5, 0.5, 16, 1], "texture": "#texture" }, "west": { "uv": [13.5, 0.5, 14, 1], "texture": "#texture" }, "east": { "uv": [13.5, 0.5, 14, 1], "texture": "#texture" } } }, { "__comment": "Inner1", "from": [1.6253, 8.2494, 7.0002], "to": [7.6253, 10.2494, 9.0002], "rotation": { "origin": [1.625, 8.25, 7], "axis": "z", "angle": 45 }, "faces": { "down": { "uv": [14.5, 0.5, 16, 1], "texture": "#texture" }, "up": { "uv": [14.5, 0.5, 16, 1], "texture": "#texture" }, "north": { "uv": [14.5, 0.5, 16, 1], "texture": "#texture" }, "south": { "uv": [14.5, 0.5, 16, 1], "texture": "#texture" }, "west": { "uv": [13.5, 0.5, 14, 1], "texture": "#texture" }, "east": { "uv": [13.5, 0.5, 14, 1], "texture": "#texture" } } }, { "__comment": "Inner2", "from": [0.2499, 3.6249, 6.9994], "to": [2.249901, 9.624899, 8.9994], "faces": { "down": { "uv": [13.5, 0.5, 14, 1], "texture": "#texture" }, "up": { "uv": [13.5, 0.5, 14, 1], "texture": "#texture" }, "north": { "uv": [14, 1, 14.5, 2.5], "texture": "#texture" }, "south": { "uv": [14, 1, 14.5, 2.5], "texture": "#texture" }, "west": { "uv": [14, 1, 14.5, 2.5], "texture": "#texture" }, "east": { "uv": [14, 1, 14.5, 2.5], "texture": "#texture" } } }, { "__comment": "Inner3", "from": [4.5007, -0.6242, 6.9997], "to": [6.5007, 5.375801, 8.9997], "rotation": { "origin": [4.5, -0.625, 7], "axis": "z", "angle": 45 }, "faces": { "down": { "uv": [13.5, 0.5, 14, 1], "texture": "#texture" }, "up": { "uv": [13.5, 0.5, 14, 1], "texture": "#texture" }, "north": { "uv": [14, 1, 14.5, 2.5], "texture": "#texture" }, "south": { "uv": [14, 1, 14.5, 2.5], "texture": "#texture" }, "west": { "uv": [14, 1, 14.5, 2.5], "texture": "#texture" }, "east": { "uv": [14, 1, 14.5, 2.5], "texture": "#texture" } } }, { "__comment": "Inner4", "from": [4.4994, -0.6244, 6.9993], "to": [10.4994, 1.375599, 8.999298], "faces": { "down": { "uv": [14.5, 0.5, 16, 1], "texture": "#texture" }, "up": { "uv": [14.5, 0.5, 16, 1], "texture": "#texture" }, "north": { "uv": [14.5, 0.5, 16, 1], "texture": "#texture" }, "south": { "uv": [14.5, 0.5, 16, 1], "texture": "#texture" }, "west": { "uv": [13.5, 0.5, 14, 1], "texture": "#texture" }, "east": { "uv": [13.5, 0.5, 14, 1], "texture": "#texture" } } }, { "__comment": "Inner5", "from": [10.4985, -0.6252, 6.9988], "to": [16.49849, 1.3748, 8.9988], "rotation": { "origin": [10.5, -0.625, 7], "axis": "z", "angle": 45 }, "faces": { "down": { "uv": [14.5, 0.5, 16, 1], "texture": "#texture" }, "up": { "uv": [14.5, 0.5, 16, 1], "texture": "#texture" }, "north": { "uv": [14.5, 0.5, 16, 1], "texture": "#texture" }, "south": { "uv": [14.5, 0.5, 16, 1], "texture": "#texture" }, "west": { "uv": [13.5, 0.5, 14, 1], "texture": "#texture" }, "east": { "uv": [13.5, 0.5, 14, 1], "texture": "#texture" } } }, { "__comment": "Inner6", "from": [12.7494, 3.6252, 6.9993], "to": [14.7494, 9.625199, 8.999299], "faces": { "down": { "uv": [13.5, 0.5, 14, 1], "texture": "#texture" }, "up": { "uv": [13.5, 0.5, 14, 1], "texture": "#texture" }, "north": { "uv": [14, 1, 14.5, 2.5], "texture": "#texture" }, "south": { "uv": [14, 1, 14.5, 2.5], "texture": "#texture" }, "west": { "uv": [14, 1, 14.5, 2.5], "texture": "#texture" }, "east": { "uv": [14, 1, 14.5, 2.5], "texture": "#texture" } } }, { "__comment": "Inner7", "from": [13.2491, 8.250299, 7.0006], "to": [15.2491, 14.2503, 9.000599], "rotation": { "origin": [13.25, 8.25, 7], "axis": "z", "angle": 45 }, "faces": { "down": { "uv": [13.5, 0.5, 14, 1], "texture": "#texture" }, "up": { "uv": [13.5, 0.5, 14, 1], "texture": "#texture" }, "north": { "uv": [14, 1, 14.5, 2.5], "texture": "#texture" }, "south": { "uv": [14, 1, 14.5, 2.5], "texture": "#texture" }, "west": { "uv": [14, 1, 14.5, 2.5], "texture": "#texture" }, "east": { "uv": [14, 1, 14.5, 2.5], "texture": "#texture" } } }, { "__comment": "Peg", "from": [7.0005, 9.1241, 7.5], "to": [8.0005, 17.1241, 8.5], "faces": { "down": { "uv": [11.75, 0.5, 12, 0.75], "texture": "#texture" }, "up": { "uv": [11.75, 0.5, 12, 0.75], "texture": "#texture" }, "north": { "uv": [11.75, 0.5, 12, 2.5], "texture": "#texture" }, "south": { "uv": [11.75, 0.5, 12, 2.5], "texture": "#texture" }, "west": { "uv": [11.75, 0.5, 12, 2.5], "texture": "#texture" }, "east": { "uv": [11.75, 0.5, 12, 2.5], "texture": "#texture" } } }, { "__comment": "Center", "from": [5.0006, 4.1248, 6.9999], "to": [10.0006, 9.1248, 8.9999], "faces": { "down": { "uv": [14.75, 14.25, 16, 14.75], "texture": "#texture" }, "up": { "uv": [14.75, 14.25, 16, 14.75], "texture": "#texture" }, "north": { "uv": [14.75, 11.75, 16, 13], "texture": "#texture" }, "south": { "uv": [14.75, 14.75, 16, 16], "texture": "#texture" }, "west": { "uv": [14.25, 14.75, 14.75, 16], "texture": "#texture" }, "east": { "uv": [14.25, 14.75, 14.75, 16], "texture": "#texture" } } }, { "__comment": "Peg", "from": [5.4998, 8.123899, 7.5002], "to": [6.4998, 16.1239, 8.5002], "rotation": { "origin": [5.5, 8.125, 7.5], "axis": "z", "angle": 45 }, "faces": { "down": { "uv": [11.75, 0.5, 12, 0.75], "texture": "#texture" }, "up": { "uv": [11.75, 0.5, 12, 0.75], "texture": "#texture" }, "north": { "uv": [11.75, 0.5, 12, 2.5], "texture": "#texture" }, "south": { "uv": [11.75, 0.5, 12, 2.5], "texture": "#texture" }, "west": { "uv": [11.75, 0.5, 12, 2.5], "texture": "#texture" }, "east": { "uv": [11.75, 0.5, 12, 2.5], "texture": "#texture" } } }, { "__comment": "Peg", "from": [-2.9996, 6, 7.5002], "to": [5.0004, 7, 8.5002], "faces": { "down": { "uv": [11.75, 0.5, 12, 2.5], "texture": "#texture", "rotation": 270 }, "up": { "uv": [11.75, 2.5, 12, 0.5], "texture": "#texture", "rotation": 90 }, "north": { "uv": [11.75, 0.5, 12, 2.5], "texture": "#texture", "rotation": 90 }, "south": { "uv": [11.75, 0.5, 12, 2.5], "texture": "#texture", "rotation": 270 }, "west": { "uv": [11.75, 0.5, 12, 0.75], "texture": "#texture" }, "east": { "uv": [11.75, 0.5, 12, 0.75], "texture": "#texture" } } }, { "__comment": "Peg", "from": [0.0007, -1.4996, 7.5], "to": [8.0007, -0.4996001, 8.5], "rotation": { "origin": [0, -1.5, 7.5], "axis": "z", "angle": 45 }, "faces": { "down": { "uv": [11.75, 0.5, 12, 2.5], "texture": "#texture", "rotation": 270 }, "up": { "uv": [11.75, 2.5, 12, 0.5], "texture": "#texture", "rotation": 90 }, "north": { "uv": [11.75, 0.5, 12, 2.5], "texture": "#texture", "rotation": 90 }, "south": { "uv": [11.75, 0.5, 12, 2.5], "texture": "#texture", "rotation": 270 }, "west": { "uv": [11.75, 0.5, 12, 0.75], "texture": "#texture" }, "east": { "uv": [11.75, 0.5, 12, 0.75], "texture": "#texture" } } }, { "__comment": "Peg", "from": [7, -4.0003, 7.4999], "to": [8, 3.9997, 8.499899], "faces": { "down": { "uv": [12, 0.75, 11.75, 0.5], "texture": "#texture", "rotation": 90 }, "up": { "uv": [11.75, 0.5, 12, 0.75], "texture": "#texture", "rotation": 270 }, "north": { "uv": [12, 2.5, 11.75, 0.5], "texture": "#texture" }, "south": { "uv": [12, 2.5, 11.75, 0.5], "texture": "#texture" }, "west": { "uv": [12, 0.5, 11.75, 2.5], "texture": "#texture", "rotation": 180 }, "east": { "uv": [11.75, 0.5, 12, 2.5], "texture": "#texture", "rotation": 180 } } }, { "__comment": "Peg", "from": [14.499, -0.5003, 7.4992], "to": [15.499, 7.499701, 8.4992], "rotation": { "origin": [15.5, -0.5, 7.5], "axis": "z", "angle": 45 }, "faces": { "down": { "uv": [12, 0.75, 11.75, 0.5], "texture": "#texture", "rotation": 90 }, "up": { "uv": [11.75, 0.5, 12, 0.75], "texture": "#texture", "rotation": 270 }, "north": { "uv": [12, 2.5, 11.75, 0.5], "texture": "#texture" }, "south": { "uv": [12, 2.5, 11.75, 0.5], "texture": "#texture" }, "west": { "uv": [12, 0.5, 11.75, 2.5], "texture": "#texture", "rotation": 180 }, "east": { "uv": [11.75, 0.5, 12, 2.5], "texture": "#texture", "rotation": 180 } } }, { "__comment": "Peg", "from": [10.0004, 6.0008, 7.5007], "to": [18.0004, 7.0008, 8.5007], "faces": { "down": { "uv": [11.75, 2.5, 12, 0.5], "texture": "#texture", "rotation": 270 }, "up": { "uv": [11.75, 0.5, 12, 2.5], "texture": "#texture", "rotation": 90 }, "north": { "uv": [11.75, 0.5, 12, 2.5], "texture": "#texture", "rotation": 270 }, "south": { "uv": [11.75, 0.5, 12, 2.5], "texture": "#texture", "rotation": 90 }, "west": { "uv": [12, 0.75, 11.75, 0.5], "texture": "#texture" }, "east": { "uv": [12, 0.75, 11.75, 0.5], "texture": "#texture" } } }, { "__comment": "Peg", "from": [6.9994, 13.9997, 7.4994], "to": [14.9994, 14.9997, 8.499399], "rotation": { "origin": [15, 15, 7.5], "axis": "z", "angle": 45 }, "faces": { "down": { "uv": [11.75, 2.5, 12, 0.5], "texture": "#texture", "rotation": 270 }, "up": { "uv": [11.75, 0.5, 12, 2.5], "texture": "#texture", "rotation": 90 }, "north": { "uv": [11.75, 0.5, 12, 2.5], "texture": "#texture", "rotation": 270 }, "south": { "uv": [11.75, 0.5, 12, 2.5], "texture": "#texture", "rotation": 90 }, "west": { "uv": [12, 0.75, 11.75, 0.5], "texture": "#texture" }, "east": { "uv": [12, 0.75, 11.75, 0.5], "texture": "#texture" } } }], "display": { "thirdperson_righthand": { "scale": [0.25, 0.25, 0.25] }, "thirdperson_lefthand": { "scale": [0.25, 0.25, 0.25] }, "gui": { "rotation": [18, 158, 0], "translation": [-0.491, 0.538, 0], "scale": [0.5, 0.5, 0.5] }, "head": { "translation": [0, -24.12, 0], "scale": [1.5, 1.5, 1.5] }, "ground": { "translation": [0, 5, 0], "scale": [0.45, 0.45, 0.45] } } }