{ "gui_light": "front", "textures": { "card": "hyparia:gui/ui/cards/card_active", "item": "hyparia:gui/settings/break_very_rare_blocks" }, "elements": [{ "from": [0, 0, 0], "to": [16, 16, 0], "shade": false, "faces": { "south": { "uv": [0, 0, 16, 16], "texture": "#card" } } }, { "from": [2, 2, 0], "to": [14, 14, 0], "shade": false, "faces": { "south": { "uv": [0, 0, 16, 16], "texture": "#item" } } }], "display": { "gui": { "rotation": [0, 0, 0], "translation": [0, 0, 0], "scale": [1, 1, 1] } } }