{ "parent": "item/handheld", "textures": { "layer0": "item/barrier" }, "overrides": [{ "predicate": { "custom_model_data": 1 }, "model": "item/hyparia/guis/ui/containers/container_default_left" }, { "predicate": { "custom_model_data": 2 }, "model": "item/hyparia/guis/ui/containers/container_default_right" }, { "predicate": { "custom_model_data": 3 }, "model": "item/hyparia/guis/ui/containers/container_playerlist_left" }, { "predicate": { "custom_model_data": 4 }, "model": "item/hyparia/guis/ui/containers/container_playerlist_right" }, { "predicate": { "custom_model_data": 5 }, "model": "item/hyparia/guis/ui/containers/container_members_left" }, { "predicate": { "custom_model_data": 6 }, "model": "item/hyparia/guis/ui/containers/container_members_right" }, { "predicate": { "custom_model_data": 7 }, "model": "item/hyparia/guis/ui/containers/container_settings_left" }, { "predicate": { "custom_model_data": 8 }, "model": "item/hyparia/guis/ui/containers/container_settings_right" }, { "predicate": { "custom_model_data": 9 }, "model": "item/hyparia/guis/ui/containers/container_warps_left" }, { "predicate": { "custom_model_data": 10 }, "model": "item/hyparia/guis/ui/containers/container_warps_right" }, { "predicate": { "custom_model_data": 11 }, "model": "item/hyparia/guis/ui/containers/container_default_down_left" }, { "predicate": { "custom_model_data": 12 }, "model": "item/hyparia/guis/ui/containers/container_default_down_right" }, { "predicate": { "custom_model_data": 13 }, "model": "item/hyparia/guis/ui/containers/container_armorstandtools_left" }, { "predicate": { "custom_model_data": 14 }, "model": "item/hyparia/guis/ui/containers/container_armorstandtools_right" }, { "predicate": { "custom_model_data": 15 }, "model": "item/hyparia/guis/ui/containers/container_rewards_left" }, { "predicate": { "custom_model_data": 16 }, "model": "item/hyparia/guis/ui/containers/container_rewards_right" }, { "predicate": { "custom_model_data": 17 }, "model": "item/hyparia/guis/ui/containers/container_announce_left" }, { "predicate": { "custom_model_data": 18 }, "model": "item/hyparia/guis/ui/containers/container_announce_right" }, { "predicate": { "custom_model_data": 100 }, "model": "item/hyparia/guis/ui/cards/empty_slot" }, { "predicate": { "custom_model_data": 101 }, "model": "item/hyparia/guis/ui/arrows/arrow_previous" }, { "predicate": { "custom_model_data": 102 }, "model": "item/hyparia/guis/ui/arrows/arrow_previous_lock" }, { "predicate": { "custom_model_data": 103 }, "model": "item/hyparia/guis/ui/arrows/arrow_previous_10" }, { "predicate": { "custom_model_data": 104 }, "model": "item/hyparia/guis/ui/arrows/arrow_previous_10_lock" }, { "predicate": { "custom_model_data": 105 }, "model": "item/hyparia/guis/ui/arrows/arrow_next" }, { "predicate": { "custom_model_data": 106 }, "model": "item/hyparia/guis/ui/arrows/arrow_next_lock" }, { "predicate": { "custom_model_data": 107 }, "model": "item/hyparia/guis/ui/arrows/arrow_next_10" }, { "predicate": { "custom_model_data": 108 }, "model": "item/hyparia/guis/ui/arrows/arrow_next_10_lock" }, { "predicate": { "custom_model_data": 109 }, "model": "item/hyparia/guis/ui/arrows/arrow_back" }, { "predicate": { "custom_model_data": 110 }, "model": "item/hyparia/guis/ui/arrows/arrow_back_lock" }, { "predicate": { "custom_model_data": 200 }, "model": "item/hyparia/guis/ui/ranks/rank_visitor" }, { "predicate": { "custom_model_data": 201 }, "model": "item/hyparia/guis/ui/ranks/rank_coop" }, { "predicate": { "custom_model_data": 202 }, "model": "item/hyparia/guis/ui/ranks/rank_member" }, { "predicate": { "custom_model_data": 203 }, "model": "item/hyparia/guis/ui/ranks/rank_officer" }, { "predicate": { "custom_model_data": 204 }, "model": "item/hyparia/guis/ui/ranks/rank_major" }, { "predicate": { "custom_model_data": 205 }, "model": "item/hyparia/guis/ui/ranks/rank_leader" }, { "predicate": { "custom_model_data": 210 }, "model": "item/hyparia/guis/ui/ranks/rank_visitor_gray" }, { "predicate": { "custom_model_data": 211 }, "model": "item/hyparia/guis/ui/ranks/rank_coop_gray" }, { "predicate": { "custom_model_data": 212 }, "model": "item/hyparia/guis/ui/ranks/rank_member_gray" }, { "predicate": { "custom_model_data": 213 }, "model": "item/hyparia/guis/ui/ranks/rank_officer_gray" }, { "predicate": { "custom_model_data": 214 }, "model": "item/hyparia/guis/ui/ranks/rank_major_gray" }, { "predicate": { "custom_model_data": 215 }, "model": "item/hyparia/guis/ui/ranks/rank_leader_gray" }, { "predicate": { "custom_model_data": 220 }, "model": "item/hyparia/guis/ui/ranks/rank_visitor_active" }, { "predicate": { "custom_model_data": 221 }, "model": "item/hyparia/guis/ui/ranks/rank_coop_active" }, { "predicate": { "custom_model_data": 222 }, "model": "item/hyparia/guis/ui/ranks/rank_member_active" }, { "predicate": { "custom_model_data": 223 }, "model": "item/hyparia/guis/ui/ranks/rank_officer_active" }, { "predicate": { "custom_model_data": 224 }, "model": "item/hyparia/guis/ui/ranks/rank_major_active" }, { "predicate": { "custom_model_data": 225 }, "model": "item/hyparia/guis/ui/ranks/rank_leader_active" }, { "predicate": { "custom_model_data": 230 }, "model": "item/hyparia/guis/ui/ranks/rank_visitor_inactive" }, { "predicate": { "custom_model_data": 231 }, "model": "item/hyparia/guis/ui/ranks/rank_coop_inactive" }, { "predicate": { "custom_model_data": 232 }, "model": "item/hyparia/guis/ui/ranks/rank_member_inactive" }, { "predicate": { "custom_model_data": 233 }, "model": "item/hyparia/guis/ui/ranks/rank_officer_inactive" }, { "predicate": { "custom_model_data": 234 }, "model": "item/hyparia/guis/ui/ranks/rank_major_inactive" }, { "predicate": { "custom_model_data": 235 }, "model": "item/hyparia/guis/ui/ranks/rank_leader_inactive" }, { "predicate": { "custom_model_data": 240 }, "model": "item/hyparia/guis/ui/ranks/rank_visitor_lock" }, { "predicate": { "custom_model_data": 241 }, "model": "item/hyparia/guis/ui/ranks/rank_coop_lock" }, { "predicate": { "custom_model_data": 242 }, "model": "item/hyparia/guis/ui/ranks/rank_member_lock" }, { "predicate": { "custom_model_data": 243 }, "model": "item/hyparia/guis/ui/ranks/rank_officer_lock" }, { "predicate": { "custom_model_data": 244 }, "model": "item/hyparia/guis/ui/ranks/rank_major_lock" }, { "predicate": { "custom_model_data": 245 }, "model": "item/hyparia/guis/ui/ranks/rank_leader_lock" }, { "predicate": { "custom_model_data": 300 }, "model": "item/hyparia/guis/ui/langs/lang_fr_active" }, { "predicate": { "custom_model_data": 301 }, "model": "item/hyparia/guis/ui/langs/lang_en_active" }, { "predicate": { "custom_model_data": 310 }, "model": "item/hyparia/guis/ui/langs/lang_fr_inactive" }, { "predicate": { "custom_model_data": 311 }, "model": "item/hyparia/guis/ui/langs/lang_en_inactive" }, { "predicate": { "custom_model_data": 400 }, "model": "item/hyparia/guis/ui/games/game_creative" }, { "predicate": { "custom_model_data": 401 }, "model": "item/hyparia/guis/ui/games/game_skyblock" }, { "predicate": { "custom_model_data": 1000 }, "model": "item/hyparia/guis/biomes/plains_active" }, { "predicate": { "custom_model_data": 1001 }, "model": "item/hyparia/guis/biomes/badlands_active" }, { "predicate": { "custom_model_data": 1002 }, "model": "item/hyparia/guis/biomes/cold_ocean_active" }, { "predicate": { "custom_model_data": 1003 }, "model": "item/hyparia/guis/biomes/dark_forest_active" }, { "predicate": { "custom_model_data": 1004 }, "model": "item/hyparia/guis/biomes/desert_active" }, { "predicate": { "custom_model_data": 1005 }, "model": "item/hyparia/guis/biomes/end_active" }, { "predicate": { "custom_model_data": 1006 }, "model": "item/hyparia/guis/biomes/flower_forest_active" }, { "predicate": { "custom_model_data": 1007 }, "model": "item/hyparia/guis/biomes/jungle_active" }, { "predicate": { "custom_model_data": 1008 }, "model": "item/hyparia/guis/biomes/lukewarm_ocean_active" }, { "predicate": { "custom_model_data": 1009 }, "model": "item/hyparia/guis/biomes/ocean_active" }, { "predicate": { "custom_model_data": 1010 }, "model": "item/hyparia/guis/biomes/snowny_taiga_active" }, { "predicate": { "custom_model_data": 1011 }, "model": "item/hyparia/guis/biomes/swamp_active" }, { "predicate": { "custom_model_data": 1012 }, "model": "item/hyparia/guis/biomes/taiga_active" }, { "predicate": { "custom_model_data": 1013 }, "model": "item/hyparia/guis/biomes/warm_ocean_active" }, { "predicate": { "custom_model_data": 1014 }, "model": "item/hyparia/guis/biomes/nether_wastes_active" }, { "predicate": { "custom_model_data": 1015 }, "model": "item/hyparia/guis/biomes/soul_sand_valley_active" }, { "predicate": { "custom_model_data": 1016 }, "model": "item/hyparia/guis/biomes/crimson_forest_active" }, { "predicate": { "custom_model_data": 1017 }, "model": "item/hyparia/guis/biomes/warped_forest_active" }, { "predicate": { "custom_model_data": 1018 }, "model": "item/hyparia/guis/biomes/basalt_deltas_active" }, { "predicate": { "custom_model_data": 1100 }, "model": "item/hyparia/guis/biomes/plains_inactive" }, { "predicate": { "custom_model_data": 1101 }, "model": "item/hyparia/guis/biomes/badlands_inactive" }, { "predicate": { "custom_model_data": 1102 }, "model": "item/hyparia/guis/biomes/cold_ocean_inactive" }, { "predicate": { "custom_model_data": 1103 }, "model": "item/hyparia/guis/biomes/dark_forest_inactive" }, { "predicate": { "custom_model_data": 1104 }, "model": "item/hyparia/guis/biomes/desert_inactive" }, { "predicate": { "custom_model_data": 1105 }, "model": "item/hyparia/guis/biomes/end_inactive" }, { "predicate": { "custom_model_data": 1106 }, "model": "item/hyparia/guis/biomes/flower_forest_inactive" }, { "predicate": { "custom_model_data": 1107 }, "model": "item/hyparia/guis/biomes/jungle_inactive" }, { "predicate": { "custom_model_data": 1108 }, "model": "item/hyparia/guis/biomes/lukewarm_ocean_inactive" }, { "predicate": { "custom_model_data": 1109 }, "model": "item/hyparia/guis/biomes/ocean_inactive" }, { "predicate": { "custom_model_data": 1110 }, "model": "item/hyparia/guis/biomes/snowny_taiga_inactive" }, { "predicate": { "custom_model_data": 1111 }, "model": "item/hyparia/guis/biomes/swamp_inactive" }, { "predicate": { "custom_model_data": 1112 }, "model": "item/hyparia/guis/biomes/taiga_inactive" }, { "predicate": { "custom_model_data": 1113 }, "model": "item/hyparia/guis/biomes/warm_ocean_inactive" }, { "predicate": { "custom_model_data": 1114 }, "model": "item/hyparia/guis/biomes/nether_wastes_inactive" }, { "predicate": { "custom_model_data": 1115 }, "model": "item/hyparia/guis/biomes/soul_sand_valley_inactive" }, { "predicate": { "custom_model_data": 1116 }, "model": "item/hyparia/guis/biomes/crimson_forest_inactive" }, { "predicate": { "custom_model_data": 1117 }, "model": "item/hyparia/guis/biomes/warped_forest_inactive" }, { "predicate": { "custom_model_data": 1118 }, "model": "item/hyparia/guis/biomes/basalt_deltas_inactive" }, { "predicate": { "custom_model_data": 1200 }, "model": "item/hyparia/guis/biomes/plains_lock" }, { "predicate": { "custom_model_data": 1201 }, "model": "item/hyparia/guis/biomes/badlands_lock" }, { "predicate": { "custom_model_data": 1202 }, "model": "item/hyparia/guis/biomes/cold_ocean_lock" }, { "predicate": { "custom_model_data": 1203 }, "model": "item/hyparia/guis/biomes/dark_forest_lock" }, { "predicate": { "custom_model_data": 1204 }, "model": "item/hyparia/guis/biomes/desert_lock" }, { "predicate": { "custom_model_data": 1205 }, "model": "item/hyparia/guis/biomes/end_lock" }, { "predicate": { "custom_model_data": 1206 }, "model": "item/hyparia/guis/biomes/flower_forest_lock" }, { "predicate": { "custom_model_data": 1207 }, "model": "item/hyparia/guis/biomes/jungle_lock" }, { "predicate": { "custom_model_data": 1208 }, "model": "item/hyparia/guis/biomes/lukewarm_ocean_lock" }, { "predicate": { "custom_model_data": 1209 }, "model": "item/hyparia/guis/biomes/ocean_lock" }, { "predicate": { "custom_model_data": 1210 }, "model": "item/hyparia/guis/biomes/snowny_taiga_lock" }, { "predicate": { "custom_model_data": 1211 }, "model": "item/hyparia/guis/biomes/swamp_lock" }, { "predicate": { "custom_model_data": 1212 }, "model": "item/hyparia/guis/biomes/taiga_lock" }, { "predicate": { "custom_model_data": 1213 }, "model": "item/hyparia/guis/biomes/warm_ocean_lock" }, { "predicate": { "custom_model_data": 1214 }, "model": "item/hyparia/guis/biomes/nether_wastes_lock" }, { "predicate": { "custom_model_data": 1215 }, "model": "item/hyparia/guis/biomes/soul_sand_valley_lock" }, { "predicate": { "custom_model_data": 1216 }, "model": "item/hyparia/guis/biomes/crimson_forest_lock" }, { "predicate": { "custom_model_data": 1217 }, "model": "item/hyparia/guis/biomes/warped_forest_lock" }, { "predicate": { "custom_model_data": 1218 }, "model": "item/hyparia/guis/biomes/basalt_deltas_lock" }, { "predicate": { "custom_model_data": 1220 }, "model": "item/hyparia/guis/settings/place_blocks_active" }, { "predicate": { "custom_model_data": 2001 }, "model": "item/hyparia/guis/settings/break_blocks_active" }, { "predicate": { "custom_model_data": 2002 }, "model": "item/hyparia/guis/settings/break_common_blocks_active" }, { "predicate": { "custom_model_data": 2003 }, "model": "item/hyparia/guis/settings/break_rare_blocks_active" }, { "predicate": { "custom_model_data": 2004 }, "model": "item/hyparia/guis/settings/break_very_rare_blocks_active" }, { "predicate": { "custom_model_data": 2005 }, "model": "item/hyparia/guis/settings/trade_villagers_active" }, { "predicate": { "custom_model_data": 2006 }, "model": "item/hyparia/guis/settings/block_interaction_active" }, { "predicate": { "custom_model_data": 2007 }, "model": "item/hyparia/guis/settings/anvil_use_active" }, { "predicate": { "custom_model_data": 2008 }, "model": "item/hyparia/guis/settings/hit_animals_active" }, { "predicate": { "custom_model_data": 2009 }, "model": "item/hyparia/guis/settings/hit_mobs_active" }, { "predicate": { "custom_model_data": 2010 }, "model": "item/hyparia/guis/settings/hit_villagers_active" }, { "predicate": { "custom_model_data": 2011 }, "model": "item/hyparia/guis/settings/chest_use_active" }, { "predicate": { "custom_model_data": 2012 }, "model": "item/hyparia/guis/settings/shulker_use_active" }, { "predicate": { "custom_model_data": 2013 }, "model": "item/hyparia/guis/settings/coop_players_active" }, { "predicate": { "custom_model_data": 2014 }, "model": "item/hyparia/guis/settings/invite_players_active" }, { "predicate": { "custom_model_data": 2015 }, "model": "item/hyparia/guis/settings/switch_use_active" }, { "predicate": { "custom_model_data": 2016 }, "model": "item/hyparia/guis/settings/plate_use_active" }, { "predicate": { "custom_model_data": 2017 }, "model": "item/hyparia/guis/settings/fence_gate_use_active" }, { "predicate": { "custom_model_data": 2018 }, "model": "item/hyparia/guis/settings/door_use_active" }, { "predicate": { "custom_model_data": 2019 }, "model": "item/hyparia/guis/settings/vehicle_use_active" }, { "predicate": { "custom_model_data": 2020 }, "model": "item/hyparia/guis/settings/armor_stand_use_active" }, { "predicate": { "custom_model_data": 2021 }, "model": "item/hyparia/guis/settings/creative_access_active" }, { "predicate": { "custom_model_data": 2022 }, "model": "item/hyparia/guis/settings/fly_access_active" }, { "predicate": { "custom_model_data": 2023 }, "model": "item/hyparia/guis/settings/pickup_items_active" }, { "predicate": { "custom_model_data": 2024 }, "model": "item/hyparia/guis/settings/throw_items_active" }, { "predicate": { "custom_model_data": 2025 }, "model": "item/hyparia/guis/settings/place_liquids_active" }, { "predicate": { "custom_model_data": 2026 }, "model": "item/hyparia/guis/settings/pvp_access_active" }, { "predicate": { "custom_model_data": 2027 }, "model": "item/hyparia/guis/settings/world_edit_access_active" }, { "predicate": { "custom_model_data": 2028 }, "model": "item/hyparia/guis/settings/warp_access_active" }, { "predicate": { "custom_model_data": 2029 }, "model": "item/hyparia/guis/settings/item_frame_use_active" }, { "predicate": { "custom_model_data": 2030 }, "model": "item/hyparia/guis/settings/potion_use_active" }, { "predicate": { "custom_model_data": 2031 }, "model": "item/hyparia/guis/settings/potion_splash_use_active" }, { "predicate": { "custom_model_data": 2032 }, "model": "item/hyparia/guis/settings/riding_animals_active" }, { "predicate": { "custom_model_data": 2033 }, "model": "item/hyparia/guis/settings/name_entity_interact_active" }, { "predicate": { "custom_model_data": 2034 }, "model": "item/hyparia/guis/settings/firework_use_active" }, { "predicate": { "custom_model_data": 2035 }, "model": "item/hyparia/guis/settings/shears_use_active" }, { "predicate": { "custom_model_data": 2036 }, "model": "item/hyparia/guis/settings/item_teleport_active" }, { "predicate": { "custom_model_data": 2037 }, "model": "item/hyparia/guis/settings/home_access_active" }, { "predicate": { "custom_model_data": 2038 }, "model": "item/hyparia/guis/settings/egg_use_active" }, { "predicate": { "custom_model_data": 2100 }, "model": "item/hyparia/guis/settings/place_blocks_inactive" }, { "predicate": { "custom_model_data": 2101 }, "model": "item/hyparia/guis/settings/break_blocks_inactive" }, { "predicate": { "custom_model_data": 2102 }, "model": "item/hyparia/guis/settings/break_common_blocks_inactive" }, { "predicate": { "custom_model_data": 2103 }, "model": "item/hyparia/guis/settings/break_rare_blocks_inactive" }, { "predicate": { "custom_model_data": 2104 }, "model": "item/hyparia/guis/settings/break_very_rare_blocks_inactive" }, { "predicate": { "custom_model_data": 2105 }, "model": "item/hyparia/guis/settings/trade_villagers_inactive" }, { "predicate": { "custom_model_data": 2106 }, "model": "item/hyparia/guis/settings/block_interaction_inactive" }, { "predicate": { "custom_model_data": 2107 }, "model": "item/hyparia/guis/settings/anvil_use_inactive" }, { "predicate": { "custom_model_data": 2108 }, "model": "item/hyparia/guis/settings/hit_animals_inactive" }, { "predicate": { "custom_model_data": 2109 }, "model": "item/hyparia/guis/settings/hit_mobs_inactive" }, { "predicate": { "custom_model_data": 2110 }, "model": "item/hyparia/guis/settings/hit_villagers_inactive" }, { "predicate": { "custom_model_data": 2111 }, "model": "item/hyparia/guis/settings/chest_use_inactive" }, { "predicate": { "custom_model_data": 2112 }, "model": "item/hyparia/guis/settings/shulker_use_inactive" }, { "predicate": { "custom_model_data": 2113 }, "model": "item/hyparia/guis/settings/coop_players_inactive" }, { "predicate": { "custom_model_data": 2114 }, "model": "item/hyparia/guis/settings/invite_players_inactive" }, { "predicate": { "custom_model_data": 2115 }, "model": "item/hyparia/guis/settings/switch_use_inactive" }, { "predicate": { "custom_model_data": 2116 }, "model": "item/hyparia/guis/settings/plate_use_inactive" }, { "predicate": { "custom_model_data": 2117 }, "model": "item/hyparia/guis/settings/fence_gate_use_inactive" }, { "predicate": { "custom_model_data": 2118 }, "model": "item/hyparia/guis/settings/door_use_inactive" }, { "predicate": { "custom_model_data": 2119 }, "model": "item/hyparia/guis/settings/vehicle_use_inactive" }, { "predicate": { "custom_model_data": 2120 }, "model": "item/hyparia/guis/settings/armor_stand_use_inactive" }, { "predicate": { "custom_model_data": 2121 }, "model": "item/hyparia/guis/settings/creative_access_inactive" }, { "predicate": { "custom_model_data": 2122 }, "model": "item/hyparia/guis/settings/fly_access_inactive" }, { "predicate": { "custom_model_data": 2123 }, "model": "item/hyparia/guis/settings/pickup_items_inactive" }, { "predicate": { "custom_model_data": 2124 }, "model": "item/hyparia/guis/settings/throw_items_inactive" }, { "predicate": { "custom_model_data": 2125 }, "model": "item/hyparia/guis/settings/place_liquids_inactive" }, { "predicate": { "custom_model_data": 2126 }, "model": "item/hyparia/guis/settings/pvp_access_inactive" }, { "predicate": { "custom_model_data": 2127 }, "model": "item/hyparia/guis/settings/world_edit_access_inactive" }, { "predicate": { "custom_model_data": 2128 }, "model": "item/hyparia/guis/settings/warp_access_inactive" }, { "predicate": { "custom_model_data": 2129 }, "model": "item/hyparia/guis/settings/item_frame_use_inactive" }, { "predicate": { "custom_model_data": 2130 }, "model": "item/hyparia/guis/settings/potion_use_inactive" }, { "predicate": { "custom_model_data": 2131 }, "model": "item/hyparia/guis/settings/potion_splash_use_inactive" }, { "predicate": { "custom_model_data": 2132 }, "model": "item/hyparia/guis/settings/riding_animals_inactive" }, { "predicate": { "custom_model_data": 2133 }, "model": "item/hyparia/guis/settings/name_entity_interact_inactive" }, { "predicate": { "custom_model_data": 2134 }, "model": "item/hyparia/guis/settings/firework_use_inactive" }, { "predicate": { "custom_model_data": 2135 }, "model": "item/hyparia/guis/settings/shears_use_inactive" }, { "predicate": { "custom_model_data": 2136 }, "model": "item/hyparia/guis/settings/item_teleport_inactive" }, { "predicate": { "custom_model_data": 2137 }, "model": "item/hyparia/guis/settings/home_access_inactive" }, { "predicate": { "custom_model_data": 2138 }, "model": "item/hyparia/guis/settings/egg_use_inactive" }, { "predicate": { "custom_model_data": 2200 }, "model": "item/hyparia/guis/settings/place_blocks_lock" }, { "predicate": { "custom_model_data": 2201 }, "model": "item/hyparia/guis/settings/break_blocks_lock" }, { "predicate": { "custom_model_data": 2202 }, "model": "item/hyparia/guis/settings/break_common_blocks_lock" }, { "predicate": { "custom_model_data": 2203 }, "model": "item/hyparia/guis/settings/break_rare_blocks_lock" }, { "predicate": { "custom_model_data": 2204 }, "model": "item/hyparia/guis/settings/break_very_rare_blocks_lock" }, { "predicate": { "custom_model_data": 2205 }, "model": "item/hyparia/guis/settings/trade_villagers_lock" }, { "predicate": { "custom_model_data": 2206 }, "model": "item/hyparia/guis/settings/block_interaction_lock" }, { "predicate": { "custom_model_data": 2207 }, "model": "item/hyparia/guis/settings/anvil_use_lock" }, { "predicate": { "custom_model_data": 2208 }, "model": "item/hyparia/guis/settings/hit_animals_lock" }, { "predicate": { "custom_model_data": 2209 }, "model": "item/hyparia/guis/settings/hit_mobs_lock" }, { "predicate": { "custom_model_data": 2210 }, "model": "item/hyparia/guis/settings/hit_villagers_lock" }, { "predicate": { "custom_model_data": 2211 }, "model": "item/hyparia/guis/settings/chest_use_lock" }, { "predicate": { "custom_model_data": 2212 }, "model": "item/hyparia/guis/settings/shulker_use_lock" }, { "predicate": { "custom_model_data": 2213 }, "model": "item/hyparia/guis/settings/coop_players_lock" }, { "predicate": { "custom_model_data": 2214 }, "model": "item/hyparia/guis/settings/invite_players_lock" }, { "predicate": { "custom_model_data": 2215 }, "model": "item/hyparia/guis/settings/switch_use_lock" }, { "predicate": { "custom_model_data": 2216 }, "model": "item/hyparia/guis/settings/plate_use_lock" }, { "predicate": { "custom_model_data": 2217 }, "model": "item/hyparia/guis/settings/fence_gate_use_lock" }, { "predicate": { "custom_model_data": 2218 }, "model": "item/hyparia/guis/settings/door_use_lock" }, { "predicate": { "custom_model_data": 2219 }, "model": "item/hyparia/guis/settings/vehicle_use_lock" }, { "predicate": { "custom_model_data": 2220 }, "model": "item/hyparia/guis/settings/armor_stand_use_lock" }, { "predicate": { "custom_model_data": 2221 }, "model": "item/hyparia/guis/settings/creative_access_lock" }, { "predicate": { "custom_model_data": 2222 }, "model": "item/hyparia/guis/settings/fly_access_lock" }, { "predicate": { "custom_model_data": 2223 }, "model": "item/hyparia/guis/settings/pickup_items_lock" }, { "predicate": { "custom_model_data": 2224 }, "model": "item/hyparia/guis/settings/throw_items_lock" }, { "predicate": { "custom_model_data": 2225 }, "model": "item/hyparia/guis/settings/place_liquids_lock" }, { "predicate": { "custom_model_data": 2226 }, "model": "item/hyparia/guis/settings/pvp_access_lock" }, { "predicate": { "custom_model_data": 2227 }, "model": "item/hyparia/guis/settings/world_edit_access_lock" }, { "predicate": { "custom_model_data": 2228 }, "model": "item/hyparia/guis/settings/warp_access_lock" }, { "predicate": { "custom_model_data": 2229 }, "model": "item/hyparia/guis/settings/item_frame_use_lock" }, { "predicate": { "custom_model_data": 2230 }, "model": "item/hyparia/guis/settings/potion_use_lock" }, { "predicate": { "custom_model_data": 2231 }, "model": "item/hyparia/guis/settings/potion_splash_use_lock" }, { "predicate": { "custom_model_data": 2232 }, "model": "item/hyparia/guis/settings/riding_animals_lock" }, { "predicate": { "custom_model_data": 2233 }, "model": "item/hyparia/guis/settings/name_entity_interact_lock" }, { "predicate": { "custom_model_data": 2234 }, "model": "item/hyparia/guis/settings/firework_use_lock" }, { "predicate": { "custom_model_data": 2235 }, "model": "item/hyparia/guis/settings/shears_use_lock" }, { "predicate": { "custom_model_data": 2236 }, "model": "item/hyparia/guis/settings/item_teleport_lock" }, { "predicate": { "custom_model_data": 2237 }, "model": "item/hyparia/guis/settings/home_access_lock" }, { "predicate": { "custom_model_data": 2238 }, "model": "item/hyparia/guis/settings/egg_use_lock" }, { "predicate": { "custom_model_data": 3000 }, "model": "item/hyparia/guis/presets/flat" }, { "predicate": { "custom_model_data": 3001 }, "model": "item/hyparia/guis/presets/arid_mountains" }, { "predicate": { "custom_model_data": 3002 }, "model": "item/hyparia/guis/presets/desert" }, { "predicate": { "custom_model_data": 3003 }, "model": "item/hyparia/guis/presets/floating_island" }, { "predicate": { "custom_model_data": 3004 }, "model": "item/hyparia/guis/presets/pine_forest" }, { "predicate": { "custom_model_data": 3005 }, "model": "item/hyparia/guis/presets/rocky_mountains" }, { "predicate": { "custom_model_data": 3006 }, "model": "item/hyparia/guis/presets/snowy_landscape" }, { "predicate": { "custom_model_data": 3007 }, "model": "item/hyparia/guis/presets/valley_river" }, { "predicate": { "custom_model_data": 3008 }, "model": "item/hyparia/guis/presets/warm_ocean" }, { "predicate": { "custom_model_data": 3009 }, "model": "item/hyparia/guis/presets/bay" }, { "predicate": { "custom_model_data": 3010 }, "model": "item/hyparia/guis/presets/open_landscape" }, { "predicate": { "custom_model_data": 3011 }, "model": "item/hyparia/guis/presets/void" }, { "predicate": { "custom_model_data": 4000 }, "model": "item/hyparia/guis/tags/none_active" }, { "predicate": { "custom_model_data": 4001 }, "model": "item/hyparia/guis/tags/pvp_active" }, { "predicate": { "custom_model_data": 4002 }, "model": "item/hyparia/guis/tags/parkour_active" }, { "predicate": { "custom_model_data": 4003 }, "model": "item/hyparia/guis/tags/game_active" }, { "predicate": { "custom_model_data": 4004 }, "model": "item/hyparia/guis/tags/event_active" }, { "predicate": { "custom_model_data": 4005 }, "model": "item/hyparia/guis/tags/building_active" }, { "predicate": { "custom_model_data": 4006 }, "model": "item/hyparia/guis/tags/terraforming_active" }, { "predicate": { "custom_model_data": 4007 }, "model": "item/hyparia/guis/tags/roleplay_active" }, { "predicate": { "custom_model_data": 4008 }, "model": "item/hyparia/guis/tags/classic_active" }, { "predicate": { "custom_model_data": 4009 }, "model": "item/hyparia/guis/tags/steampunk_active" }, { "predicate": { "custom_model_data": 4010 }, "model": "item/hyparia/guis/tags/medieval_active" }, { "predicate": { "custom_model_data": 4011 }, "model": "item/hyparia/guis/tags/fantasy_active" }, { "predicate": { "custom_model_data": 4012 }, "model": "item/hyparia/guis/tags/modern_active" }, { "predicate": { "custom_model_data": 4013 }, "model": "item/hyparia/guis/tags/futuristic_active" }, { "predicate": { "custom_model_data": 4014 }, "model": "item/hyparia/guis/tags/science_fiction_active" }, { "predicate": { "custom_model_data": 4015 }, "model": "item/hyparia/guis/tags/apocalyptic_active" }, { "predicate": { "custom_model_data": 4016 }, "model": "item/hyparia/guis/tags/nordic_active" }, { "predicate": { "custom_model_data": 4017 }, "model": "item/hyparia/guis/tags/oriental_active" }, { "predicate": { "custom_model_data": 4018 }, "model": "item/hyparia/guis/tags/asiatic_active" }, { "predicate": { "custom_model_data": 4019 }, "model": "item/hyparia/guis/tags/roman_active" }, { "predicate": { "custom_model_data": 4020 }, "model": "item/hyparia/guis/tags/egyptian_active" }, { "predicate": { "custom_model_data": 4100 }, "model": "item/hyparia/guis/tags/none_inactive" }, { "predicate": { "custom_model_data": 4101 }, "model": "item/hyparia/guis/tags/pvp_inactive" }, { "predicate": { "custom_model_data": 4102 }, "model": "item/hyparia/guis/tags/parkour_inactive" }, { "predicate": { "custom_model_data": 4103 }, "model": "item/hyparia/guis/tags/game_inactive" }, { "predicate": { "custom_model_data": 4104 }, "model": "item/hyparia/guis/tags/event_inactive" }, { "predicate": { "custom_model_data": 4105 }, "model": "item/hyparia/guis/tags/building_inactive" }, { "predicate": { "custom_model_data": 4106 }, "model": "item/hyparia/guis/tags/terraforming_inactive" }, { "predicate": { "custom_model_data": 4107 }, "model": "item/hyparia/guis/tags/roleplay_inactive" }, { "predicate": { "custom_model_data": 4108 }, "model": "item/hyparia/guis/tags/classic_inactive" }, { "predicate": { "custom_model_data": 4109 }, "model": "item/hyparia/guis/tags/steampunk_inactive" }, { "predicate": { "custom_model_data": 4110 }, "model": "item/hyparia/guis/tags/medieval_inactive" }, { "predicate": { "custom_model_data": 4111 }, "model": "item/hyparia/guis/tags/fantasy_inactive" }, { "predicate": { "custom_model_data": 4112 }, "model": "item/hyparia/guis/tags/modern_inactive" }, { "predicate": { "custom_model_data": 4113 }, "model": "item/hyparia/guis/tags/futuristic_inactive" }, { "predicate": { "custom_model_data": 4114 }, "model": "item/hyparia/guis/tags/science_fiction_inactive" }, { "predicate": { "custom_model_data": 4115 }, "model": "item/hyparia/guis/tags/apocalyptic_inactive" }, { "predicate": { "custom_model_data": 4116 }, "model": "item/hyparia/guis/tags/nordic_inactive" }, { "predicate": { "custom_model_data": 4117 }, "model": "item/hyparia/guis/tags/oriental_inactive" }, { "predicate": { "custom_model_data": 4118 }, "model": "item/hyparia/guis/tags/asiatic_inactive" }, { "predicate": { "custom_model_data": 4119 }, "model": "item/hyparia/guis/tags/roman_inactive" }, { "predicate": { "custom_model_data": 4120 }, "model": "item/hyparia/guis/tags/egyptian_inactive" }, { "predicate": { "custom_model_data": 5000 }, "model": "item/hyparia/guis/options/time/sunset_active" }, { "predicate": { "custom_model_data": 5001 }, "model": "item/hyparia/guis/options/time/day_level1_active" }, { "predicate": { "custom_model_data": 5002 }, "model": "item/hyparia/guis/options/time/day_level2_active" }, { "predicate": { "custom_model_data": 5003 }, "model": "item/hyparia/guis/options/time/day_level3_active" }, { "predicate": { "custom_model_data": 5004 }, "model": "item/hyparia/guis/options/time/day_level4_active" }, { "predicate": { "custom_model_data": 5005 }, "model": "item/hyparia/guis/options/time/day_level5_active" }, { "predicate": { "custom_model_data": 5006 }, "model": "item/hyparia/guis/options/time/day_level6_active" }, { "predicate": { "custom_model_data": 5007 }, "model": "item/hyparia/guis/options/time/sundowner_active" }, { "predicate": { "custom_model_data": 5008 }, "model": "item/hyparia/guis/options/time/night_level1_active" }, { "predicate": { "custom_model_data": 5009 }, "model": "item/hyparia/guis/options/time/night_level2_active" }, { "predicate": { "custom_model_data": 5010 }, "model": "item/hyparia/guis/options/time/night_level3_active" }, { "predicate": { "custom_model_data": 5011 }, "model": "item/hyparia/guis/options/time/night_level4_active" }, { "predicate": { "custom_model_data": 5012 }, "model": "item/hyparia/guis/options/time/night_level5_active" }, { "predicate": { "custom_model_data": 5013 }, "model": "item/hyparia/guis/options/weather/sun_active" }, { "predicate": { "custom_model_data": 5014 }, "model": "item/hyparia/guis/options/weather/rain_active" }, { "predicate": { "custom_model_data": 5015 }, "model": "item/hyparia/guis/options/mobs/on_active" }, { "predicate": { "custom_model_data": 5016 }, "model": "item/hyparia/guis/options/ticks/on_active" }, { "predicate": { "custom_model_data": 5017 }, "model": "item/hyparia/guis/options/grief/on_active" }, { "predicate": { "custom_model_data": 5100 }, "model": "item/hyparia/guis/options/time/sunset_inactive" }, { "predicate": { "custom_model_data": 5101 }, "model": "item/hyparia/guis/options/time/day_level1_inactive" }, { "predicate": { "custom_model_data": 5102 }, "model": "item/hyparia/guis/options/time/day_level2_inactive" }, { "predicate": { "custom_model_data": 5103 }, "model": "item/hyparia/guis/options/time/day_level3_inactive" }, { "predicate": { "custom_model_data": 5104 }, "model": "item/hyparia/guis/options/time/day_level4_inactive" }, { "predicate": { "custom_model_data": 5105 }, "model": "item/hyparia/guis/options/time/day_level5_inactive" }, { "predicate": { "custom_model_data": 5106 }, "model": "item/hyparia/guis/options/time/day_level6_inactive" }, { "predicate": { "custom_model_data": 5107 }, "model": "item/hyparia/guis/options/time/sundowner_inactive" }, { "predicate": { "custom_model_data": 5108 }, "model": "item/hyparia/guis/options/time/night_level1_inactive" }, { "predicate": { "custom_model_data": 5109 }, "model": "item/hyparia/guis/options/time/night_level2_inactive" }, { "predicate": { "custom_model_data": 5110 }, "model": "item/hyparia/guis/options/time/night_level3_inactive" }, { "predicate": { "custom_model_data": 5111 }, "model": "item/hyparia/guis/options/time/night_level4_inactive" }, { "predicate": { "custom_model_data": 5112 }, "model": "item/hyparia/guis/options/time/night_level5_inactive" }, { "predicate": { "custom_model_data": 5113 }, "model": "item/hyparia/guis/options/weather/sun_inactive" }, { "predicate": { "custom_model_data": 5114 }, "model": "item/hyparia/guis/options/weather/rain_inactive" }, { "predicate": { "custom_model_data": 5115 }, "model": "item/hyparia/guis/options/mobs/off_inactive" }, { "predicate": { "custom_model_data": 5116 }, "model": "item/hyparia/guis/options/ticks/off_inactive" }, { "predicate": { "custom_model_data": 5117 }, "model": "item/hyparia/guis/options/grief/off_inactive" }, { "predicate": { "custom_model_data": 6003 }, "model": "item/hyparia/guis/customblocks/ground_inactive" }, { "predicate": { "custom_model_data": 6004 }, "model": "item/hyparia/guis/customblocks/terrain_inactive" }, { "predicate": { "custom_model_data": 6005 }, "model": "item/hyparia/guis/customblocks/pebble_inactive" }, { "predicate": { "custom_model_data": 6006 }, "model": "item/hyparia/guis/customblocks/wall_inactive" }, { "predicate": { "custom_model_data": 6007 }, "model": "item/hyparia/guis/customblocks/wood_inactive" }, { "predicate": { "custom_model_data": 6008 }, "model": "item/hyparia/guis/customblocks/half_timbering_inactive" }, { "predicate": { "custom_model_data": 6009 }, "model": "item/hyparia/guis/customblocks/roof_inactive" }, { "predicate": { "custom_model_data": 6010 }, "model": "item/hyparia/guis/customblocks/wool_inactive" }, { "predicate": { "custom_model_data": 6011 }, "model": "item/hyparia/guis/customblocks/decoration_inactive" }, { "predicate": { "custom_model_data": 6012 }, "model": "item/hyparia/guis/heads/alphabet_inactive" }, { "predicate": { "custom_model_data": 6013 }, "model": "item/hyparia/guis/heads/animals_inactive" }, { "predicate": { "custom_model_data": 6014 }, "model": "item/hyparia/guis/heads/blocks_inactive" }, { "predicate": { "custom_model_data": 6015 }, "model": "item/hyparia/guis/heads/decoration_inactive" }, { "predicate": { "custom_model_data": 6016 }, "model": "item/hyparia/guis/heads/food_drinks_inactive" }, { "predicate": { "custom_model_data": 6017 }, "model": "item/hyparia/guis/heads/humanoid_inactive" }, { "predicate": { "custom_model_data": 6018 }, "model": "item/hyparia/guis/heads/humans_inactive" }, { "predicate": { "custom_model_data": 6019 }, "model": "item/hyparia/guis/heads/miscs_inactive" }, { "predicate": { "custom_model_data": 6020 }, "model": "item/hyparia/guis/heads/monsters_inactive" }, { "predicate": { "custom_model_data": 6021 }, "model": "item/hyparia/guis/heads/plants_inactive" }, { "predicate": { "custom_model_data": 7000 }, "model": "item/hyparia/guis/armorstandtools/parts/head_active" }, { "predicate": { "custom_model_data": 7001 }, "model": "item/hyparia/guis/armorstandtools/parts/arm_left_active" }, { "predicate": { "custom_model_data": 7002 }, "model": "item/hyparia/guis/armorstandtools/parts/arm_right_active" }, { "predicate": { "custom_model_data": 7003 }, "model": "item/hyparia/guis/armorstandtools/parts/body_active" }, { "predicate": { "custom_model_data": 7004 }, "model": "item/hyparia/guis/armorstandtools/parts/leg_left_active" }, { "predicate": { "custom_model_data": 7005 }, "model": "item/hyparia/guis/armorstandtools/parts/leg_right_active" }, { "predicate": { "custom_model_data": 7006 }, "model": "item/hyparia/guis/armorstandtools/options/show_name_active" }, { "predicate": { "custom_model_data": 7007 }, "model": "item/hyparia/guis/armorstandtools/options/size_active" }, { "predicate": { "custom_model_data": 7008 }, "model": "item/hyparia/guis/armorstandtools/options/vulnerability_active" }, { "predicate": { "custom_model_data": 7009 }, "model": "item/hyparia/guis/armorstandtools/options/visibility_active" }, { "predicate": { "custom_model_data": 7010 }, "model": "item/hyparia/guis/armorstandtools/options/base_plate_active" }, { "predicate": { "custom_model_data": 7011 }, "model": "item/hyparia/guis/armorstandtools/options/arms_active" }, { "predicate": { "custom_model_data": 7100 }, "model": "item/hyparia/guis/armorstandtools/parts/head_inactive" }, { "predicate": { "custom_model_data": 7101 }, "model": "item/hyparia/guis/armorstandtools/parts/arm_left_inactive" }, { "predicate": { "custom_model_data": 7102 }, "model": "item/hyparia/guis/armorstandtools/parts/arm_right_inactive" }, { "predicate": { "custom_model_data": 7103 }, "model": "item/hyparia/guis/armorstandtools/parts/body_inactive" }, { "predicate": { "custom_model_data": 7104 }, "model": "item/hyparia/guis/armorstandtools/parts/leg_left_inactive" }, { "predicate": { "custom_model_data": 7105 }, "model": "item/hyparia/guis/armorstandtools/parts/leg_right_inactive" }, { "predicate": { "custom_model_data": 7106 }, "model": "item/hyparia/guis/armorstandtools/options/show_name_inactive" }, { "predicate": { "custom_model_data": 7107 }, "model": "item/hyparia/guis/armorstandtools/options/size_inactive" }, { "predicate": { "custom_model_data": 7108 }, "model": "item/hyparia/guis/armorstandtools/options/vulnerability_inactive" }, { "predicate": { "custom_model_data": 7109 }, "model": "item/hyparia/guis/armorstandtools/options/visibility_inactive" }, { "predicate": { "custom_model_data": 7110 }, "model": "item/hyparia/guis/armorstandtools/options/base_plate_inactive" }, { "predicate": { "custom_model_data": 7111 }, "model": "item/hyparia/guis/armorstandtools/options/arms_inactive" }, { "predicate": { "custom_model_data": 8008 }, "model": "item/hyparia/guis/ui/icons/icon_backup_blue_active" }, { "predicate": { "custom_model_data": 8009 }, "model": "item/hyparia/guis/ui/icons/icon_backup_red_active" }, { "predicate": { "custom_model_data": 8010 }, "model": "item/hyparia/guis/ui/icons/icon_backup_yellow_active" }, { "predicate": { "custom_model_data": 8012 }, "model": "item/hyparia/guis/ui/icons/icon_chest_gold_active" }, { "predicate": { "custom_model_data": 8015 }, "model": "item/hyparia/guis/ui/icons/icon_plot_add_active" }, { "predicate": { "custom_model_data": 8016 }, "model": "item/hyparia/guis/ui/icons/icon_plot_size_big_active" }, { "predicate": { "custom_model_data": 8017 }, "model": "item/hyparia/guis/ui/icons/icon_plot_size_small_active" }, { "predicate": { "custom_model_data": 8018 }, "model": "item/hyparia/guis/ui/icons/icon_plot_name_active" }, { "predicate": { "custom_model_data": 8020 }, "model": "item/hyparia/guis/ui/icons/icon_homes_active" }, { "predicate": { "custom_model_data": 8021 }, "model": "item/hyparia/guis/ui/icons/icon_more_active" }, { "predicate": { "custom_model_data": 8022 }, "model": "item/hyparia/guis/ui/icons/icon_less_active" }, { "predicate": { "custom_model_data": 8100 }, "model": "item/hyparia/guis/ui/icons/icon_check_inactive" }, { "predicate": { "custom_model_data": 8101 }, "model": "item/hyparia/guis/ui/icons/icon_times_inactive" }, { "predicate": { "custom_model_data": 8102 }, "model": "item/hyparia/guis/ui/icons/icon_trash_inactive" }, { "predicate": { "custom_model_data": 8103 }, "model": "item/hyparia/guis/ui/icons/icon_save_inactive" }, { "predicate": { "custom_model_data": 8104 }, "model": "item/hyparia/guis/ui/icons/icon_rotate_inactive" }, { "predicate": { "custom_model_data": 8105 }, "model": "item/hyparia/guis/ui/icons/icon_setup_inactive" }, { "predicate": { "custom_model_data": 8106 }, "model": "item/hyparia/guis/ui/icons/icon_move_inactive" }, { "predicate": { "custom_model_data": 8107 }, "model": "item/hyparia/guis/ui/icons/icon_rename_inactive" }, { "predicate": { "custom_model_data": 8108 }, "model": "item/hyparia/guis/ui/icons/icon_backup_blue_inactive" }, { "predicate": { "custom_model_data": 8109 }, "model": "item/hyparia/guis/ui/icons/icon_backup_red_inactive" }, { "predicate": { "custom_model_data": 8110 }, "model": "item/hyparia/guis/ui/icons/icon_backup_yellow_inactive" }, { "predicate": { "custom_model_data": 8111 }, "model": "item/hyparia/guis/ui/icons/icon_tp_inactive" }, { "predicate": { "custom_model_data": 8112 }, "model": "item/hyparia/guis/ui/icons/icon_chest_gold_inactive" }, { "predicate": { "custom_model_data": 8113 }, "model": "item/hyparia/guis/ui/icons/icon_coins_inactive" }, { "predicate": { "custom_model_data": 8114 }, "model": "item/hyparia/guis/ui/icons/icon_plot_inactive" }, { "predicate": { "custom_model_data": 8115 }, "model": "item/hyparia/guis/ui/icons/icon_plot_add_inactive" }, { "predicate": { "custom_model_data": 8116 }, "model": "item/hyparia/guis/ui/icons/icon_plot_size_big_inactive" }, { "predicate": { "custom_model_data": 8117 }, "model": "item/hyparia/guis/ui/icons/icon_plot_size_small_inactive" }, { "predicate": { "custom_model_data": 8118 }, "model": "item/hyparia/guis/ui/icons/icon_plot_name_inactive" }, { "predicate": { "custom_model_data": 8119 }, "model": "item/hyparia/guis/ui/icons/icon_permission_inactive" }, { "predicate": { "custom_model_data": 8120 }, "model": "item/hyparia/guis/ui/icons/icon_homes_inactive" }, { "predicate": { "custom_model_data": 8121 }, "model": "item/hyparia/guis/ui/icons/icon_more_inactive" }, { "predicate": { "custom_model_data": 8122 }, "model": "item/hyparia/guis/ui/icons/icon_less_inactive" }, { "predicate": { "custom_model_data": 8200 }, "model": "item/hyparia/guis/ui/icons/icon_check_lock" }, { "predicate": { "custom_model_data": 8201 }, "model": "item/hyparia/guis/ui/icons/icon_times_lock" }, { "predicate": { "custom_model_data": 8202 }, "model": "item/hyparia/guis/ui/icons/icon_trash_lock" }, { "predicate": { "custom_model_data": 8203 }, "model": "item/hyparia/guis/ui/icons/icon_save_lock" }, { "predicate": { "custom_model_data": 8204 }, "model": "item/hyparia/guis/ui/icons/icon_rotate_lock" }, { "predicate": { "custom_model_data": 8205 }, "model": "item/hyparia/guis/ui/icons/icon_setup_lock" }, { "predicate": { "custom_model_data": 8206 }, "model": "item/hyparia/guis/ui/icons/icon_move_lock" }, { "predicate": { "custom_model_data": 8207 }, "model": "item/hyparia/guis/ui/icons/icon_rename_lock" }, { "predicate": { "custom_model_data": 8208 }, "model": "item/hyparia/guis/ui/icons/icon_backup_lock" }, { "predicate": { "custom_model_data": 8211 }, "model": "item/hyparia/guis/ui/icons/icon_tp_lock" }, { "predicate": { "custom_model_data": 8212 }, "model": "item/hyparia/guis/ui/icons/icon_chest_lock" }, { "predicate": { "custom_model_data": 8215 }, "model": "item/hyparia/guis/ui/icons/icon_plot_add_lock" }, { "predicate": { "custom_model_data": 8216 }, "model": "item/hyparia/guis/ui/icons/icon_plot_size_big_lock" }, { "predicate": { "custom_model_data": 8217 }, "model": "item/hyparia/guis/ui/icons/icon_plot_size_small_lock" }, { "predicate": { "custom_model_data": 8218 }, "model": "item/hyparia/guis/ui/icons/icon_plot_name_lock" }, { "predicate": { "custom_model_data": 8220 }, "model": "item/hyparia/guis/ui/icons/icon_homes_lock" }, { "predicate": { "custom_model_data": 8221 }, "model": "item/hyparia/guis/ui/icons/icon_more_lock" }, { "predicate": { "custom_model_data": 8222 }, "model": "item/hyparia/guis/ui/icons/icon_less_lock" }, { "predicate": { "custom_model_data": 8900 }, "model": "item/hyparia/guis/ui/icons/icon_padlock_open" }, { "predicate": { "custom_model_data": 8901 }, "model": "item/hyparia/guis/ui/icons/icon_padlock_close" }, { "predicate": { "custom_model_data": 8902 }, "model": "item/hyparia/guis/ui/icons/icon_white_interrogation" }, { "predicate": { "custom_model_data": 8903 }, "model": "item/hyparia/guis/ui/icons/icon_white_likes_weekly" }, { "predicate": { "custom_model_data": 8904 }, "model": "item/hyparia/guis/ui/icons/icon_white_likes_global" }, { "predicate": { "custom_model_data": 8905 }, "model": "item/hyparia/guis/ui/icons/icon_help" }, { "predicate": { "custom_model_data": 8906 }, "model": "item/hyparia/guis/ui/icons/icon_coins" }, { "predicate": { "custom_model_data": 8907 }, "model": "item/hyparia/guis/ui/icons/icon_top" }, { "predicate": { "custom_model_data": 8908 }, "model": "item/hyparia/guis/ui/icons/icon_white_level_up" }, { "predicate": { "custom_model_data": 8909 }, "model": "item/hyparia/guis/ui/icons/icon_white_time" }, { "predicate": { "custom_model_data": 8910 }, "model": "item/hyparia/guis/ui/icons/icon_more" }, { "predicate": { "custom_model_data": 8911 }, "model": "item/hyparia/guis/ui/icons/icon_more_gray" }, { "predicate": { "custom_model_data": 8912 }, "model": "item/hyparia/guis/ui/icons/icon_less" }, { "predicate": { "custom_model_data": 8913 }, "model": "item/hyparia/guis/ui/icons/icon_less_gray" }, { "predicate": { "custom_model_data": 8914 }, "model": "item/hyparia/guis/ui/icons/icon_more_2" }, { "predicate": { "custom_model_data": 8915 }, "model": "item/hyparia/guis/ui/icons/icon_more_2_gray" }, { "predicate": { "custom_model_data": 8916 }, "model": "item/hyparia/guis/ui/icons/icon_less_2" }, { "predicate": { "custom_model_data": 8917 }, "model": "item/hyparia/guis/ui/icons/icon_less_2_gray" }, { "predicate": { "custom_model_data": 9000 }, "model": "item/hyparia/guis/cosmetics/titles/title_magenta_active" }, { "predicate": { "custom_model_data": 9001 }, "model": "item/hyparia/guis/cosmetics/icons/icon_active" }, { "predicate": { "custom_model_data": 9100 }, "model": "item/hyparia/guis/cosmetics/titles/title_magenta_inactive" }, { "predicate": { "custom_model_data": 9101 }, "model": "item/hyparia/guis/cosmetics/icons/icon_inactive" }, { "predicate": { "custom_model_data": 9200 }, "model": "item/hyparia/guis/cosmetics/titles/title_lock" }, { "predicate": { "custom_model_data": 9201 }, "model": "item/hyparia/guis/cosmetics/icons/icon_lock" }, { "predicate": { "custom_model_data": 10000 }, "model": "item/hyparia/guis/effects/absorption_active" }, { "predicate": { "custom_model_data": 10001 }, "model": "item/hyparia/guis/effects/blindness_active" }, { "predicate": { "custom_model_data": 10002 }, "model": "item/hyparia/guis/effects/conduit_power_active" }, { "predicate": { "custom_model_data": 10003 }, "model": "item/hyparia/guis/effects/fire_resistance_active" }, { "predicate": { "custom_model_data": 10004 }, "model": "item/hyparia/guis/effects/haste_active" }, { "predicate": { "custom_model_data": 10005 }, "model": "item/hyparia/guis/effects/health_boost_active" }, { "predicate": { "custom_model_data": 10006 }, "model": "item/hyparia/guis/effects/hunger_active" }, { "predicate": { "custom_model_data": 10007 }, "model": "item/hyparia/guis/effects/instant_damage_active" }, { "predicate": { "custom_model_data": 10008 }, "model": "item/hyparia/guis/effects/instant_health_active" }, { "predicate": { "custom_model_data": 10009 }, "model": "item/hyparia/guis/effects/invisibility_active" }, { "predicate": { "custom_model_data": 10010 }, "model": "item/hyparia/guis/effects/jump_active" }, { "predicate": { "custom_model_data": 10011 }, "model": "item/hyparia/guis/effects/levitation_active" }, { "predicate": { "custom_model_data": 10012 }, "model": "item/hyparia/guis/effects/luck_active" }, { "predicate": { "custom_model_data": 10013 }, "model": "item/hyparia/guis/effects/mining_fatigue_active" }, { "predicate": { "custom_model_data": 10014 }, "model": "item/hyparia/guis/effects/nausea_active" }, { "predicate": { "custom_model_data": 10015 }, "model": "item/hyparia/guis/effects/night_vision_active" }, { "predicate": { "custom_model_data": 10016 }, "model": "item/hyparia/guis/effects/poison_active" }, { "predicate": { "custom_model_data": 10017 }, "model": "item/hyparia/guis/effects/regeneration_active" }, { "predicate": { "custom_model_data": 10018 }, "model": "item/hyparia/guis/effects/resistance_active" }, { "predicate": { "custom_model_data": 10019 }, "model": "item/hyparia/guis/effects/saturation_active" }, { "predicate": { "custom_model_data": 10020 }, "model": "item/hyparia/guis/effects/slow_falling_active" }, { "predicate": { "custom_model_data": 10021 }, "model": "item/hyparia/guis/effects/slowness_active" }, { "predicate": { "custom_model_data": 10022 }, "model": "item/hyparia/guis/effects/speed_active" }, { "predicate": { "custom_model_data": 10023 }, "model": "item/hyparia/guis/effects/strength_active" }, { "predicate": { "custom_model_data": 10024 }, "model": "item/hyparia/guis/effects/unluck_active" }, { "predicate": { "custom_model_data": 10025 }, "model": "item/hyparia/guis/effects/water_breathing_active" }, { "predicate": { "custom_model_data": 10026 }, "model": "item/hyparia/guis/effects/weakness_active" }, { "predicate": { "custom_model_data": 10027 }, "model": "item/hyparia/guis/effects/wither_active" }, { "predicate": { "custom_model_data": 10100 }, "model": "item/hyparia/guis/effects/absorption_inactive" }, { "predicate": { "custom_model_data": 10101 }, "model": "item/hyparia/guis/effects/blindness_inactive" }, { "predicate": { "custom_model_data": 10102 }, "model": "item/hyparia/guis/effects/conduit_power_inactive" }, { "predicate": { "custom_model_data": 10103 }, "model": "item/hyparia/guis/effects/fire_resistance_inactive" }, { "predicate": { "custom_model_data": 10104 }, "model": "item/hyparia/guis/effects/haste_inactive" }, { "predicate": { "custom_model_data": 10105 }, "model": "item/hyparia/guis/effects/health_boost_inactive" }, { "predicate": { "custom_model_data": 10106 }, "model": "item/hyparia/guis/effects/hunger_inactive" }, { "predicate": { "custom_model_data": 10107 }, "model": "item/hyparia/guis/effects/instant_damage_inactive" }, { "predicate": { "custom_model_data": 10108 }, "model": "item/hyparia/guis/effects/instant_health_inactive" }, { "predicate": { "custom_model_data": 10109 }, "model": "item/hyparia/guis/effects/invisibility_inactive" }, { "predicate": { "custom_model_data": 10110 }, "model": "item/hyparia/guis/effects/jump_inactive" }, { "predicate": { "custom_model_data": 10111 }, "model": "item/hyparia/guis/effects/levitation_inactive" }, { "predicate": { "custom_model_data": 10112 }, "model": "item/hyparia/guis/effects/luck_inactive" }, { "predicate": { "custom_model_data": 10113 }, "model": "item/hyparia/guis/effects/mining_fatigue_inactive" }, { "predicate": { "custom_model_data": 10114 }, "model": "item/hyparia/guis/effects/nausea_inactive" }, { "predicate": { "custom_model_data": 10115 }, "model": "item/hyparia/guis/effects/night_vision_inactive" }, { "predicate": { "custom_model_data": 10116 }, "model": "item/hyparia/guis/effects/poison_inactive" }, { "predicate": { "custom_model_data": 10117 }, "model": "item/hyparia/guis/effects/regeneration_inactive" }, { "predicate": { "custom_model_data": 10118 }, "model": "item/hyparia/guis/effects/resistance_inactive" }, { "predicate": { "custom_model_data": 10119 }, "model": "item/hyparia/guis/effects/saturation_inactive" }, { "predicate": { "custom_model_data": 10120 }, "model": "item/hyparia/guis/effects/slow_falling_inactive" }, { "predicate": { "custom_model_data": 10121 }, "model": "item/hyparia/guis/effects/slowness_inactive" }, { "predicate": { "custom_model_data": 10122 }, "model": "item/hyparia/guis/effects/speed_inactive" }, { "predicate": { "custom_model_data": 10123 }, "model": "item/hyparia/guis/effects/strength_inactive" }, { "predicate": { "custom_model_data": 10124 }, "model": "item/hyparia/guis/effects/unluck_inactive" }, { "predicate": { "custom_model_data": 10125 }, "model": "item/hyparia/guis/effects/water_breathing_inactive" }, { "predicate": { "custom_model_data": 10126 }, "model": "item/hyparia/guis/effects/weakness_inactive" }, { "predicate": { "custom_model_data": 10127 }, "model": "item/hyparia/guis/effects/wither_inactive" }, { "predicate": { "custom_model_data": 11000 }, "model": "item/hyparia/guis/actions/clear_inventory_active" }, { "predicate": { "custom_model_data": 11001 }, "model": "item/hyparia/guis/actions/checkpoint_active" }, { "predicate": { "custom_model_data": 11002 }, "model": "item/hyparia/guis/actions/clear_effects_active" }, { "predicate": { "custom_model_data": 11003 }, "model": "item/hyparia/guis/actions/effects_active" }, { "predicate": { "custom_model_data": 11004 }, "model": "item/hyparia/guis/actions/feed_active" }, { "predicate": { "custom_model_data": 11005 }, "model": "item/hyparia/guis/actions/give_active" }, { "predicate": { "custom_model_data": 11006 }, "model": "item/hyparia/guis/actions/heal_active" }, { "predicate": { "custom_model_data": 11007 }, "model": "item/hyparia/guis/actions/kill_active" }, { "predicate": { "custom_model_data": 11008 }, "model": "item/hyparia/guis/actions/messages_active" }, { "predicate": { "custom_model_data": 11009 }, "model": "item/hyparia/guis/actions/plot_active" }, { "predicate": { "custom_model_data": 11010 }, "model": "item/hyparia/guis/actions/timer_start_active" }, { "predicate": { "custom_model_data": 11011 }, "model": "item/hyparia/guis/actions/timer_stop_active" }, { "predicate": { "custom_model_data": 11012 }, "model": "item/hyparia/guis/actions/titles_active" }, { "predicate": { "custom_model_data": 11013 }, "model": "item/hyparia/guis/actions/warp_active" }, { "predicate": { "custom_model_data": 11014 }, "model": "item/hyparia/guis/actions/tp_active" }, { "predicate": { "custom_model_data": 11100 }, "model": "item/hyparia/guis/actions/clear_inventory_inactive" }, { "predicate": { "custom_model_data": 11101 }, "model": "item/hyparia/guis/actions/checkpoint_inactive" }, { "predicate": { "custom_model_data": 11102 }, "model": "item/hyparia/guis/actions/clear_effects_inactive" }, { "predicate": { "custom_model_data": 11103 }, "model": "item/hyparia/guis/actions/effects_inactive" }, { "predicate": { "custom_model_data": 11104 }, "model": "item/hyparia/guis/actions/feed_inactive" }, { "predicate": { "custom_model_data": 11105 }, "model": "item/hyparia/guis/actions/give_inactive" }, { "predicate": { "custom_model_data": 11106 }, "model": "item/hyparia/guis/actions/heal_inactive" }, { "predicate": { "custom_model_data": 11107 }, "model": "item/hyparia/guis/actions/kill_inactive" }, { "predicate": { "custom_model_data": 11108 }, "model": "item/hyparia/guis/actions/messages_inactive" }, { "predicate": { "custom_model_data": 11109 }, "model": "item/hyparia/guis/actions/plot_inactive" }, { "predicate": { "custom_model_data": 11110 }, "model": "item/hyparia/guis/actions/timer_start_inactive" }, { "predicate": { "custom_model_data": 11111 }, "model": "item/hyparia/guis/actions/timer_stop_inactive" }, { "predicate": { "custom_model_data": 11112 }, "model": "item/hyparia/guis/actions/titles_inactive" }, { "predicate": { "custom_model_data": 11113 }, "model": "item/hyparia/guis/actions/warp_inactive" }, { "predicate": { "custom_model_data": 11114 }, "model": "item/hyparia/guis/actions/tp_inactive" }, { "predicate": { "custom_model_data": 11200 }, "model": "item/hyparia/guis/actions/clear_inventory_lock" }, { "predicate": { "custom_model_data": 11201 }, "model": "item/hyparia/guis/actions/checkpoint_lock" }, { "predicate": { "custom_model_data": 11202 }, "model": "item/hyparia/guis/actions/clear_effects_lock" }, { "predicate": { "custom_model_data": 11203 }, "model": "item/hyparia/guis/actions/effects_lock" }, { "predicate": { "custom_model_data": 11204 }, "model": "item/hyparia/guis/actions/feed_lock" }, { "predicate": { "custom_model_data": 11205 }, "model": "item/hyparia/guis/actions/give_lock" }, { "predicate": { "custom_model_data": 11206 }, "model": "item/hyparia/guis/actions/heal_lock" }, { "predicate": { "custom_model_data": 11207 }, "model": "item/hyparia/guis/actions/kill_lock" }, { "predicate": { "custom_model_data": 11208 }, "model": "item/hyparia/guis/actions/messages_lock" }, { "predicate": { "custom_model_data": 11209 }, "model": "item/hyparia/guis/actions/plot_lock" }, { "predicate": { "custom_model_data": 11210 }, "model": "item/hyparia/guis/actions/timer_start_lock" }, { "predicate": { "custom_model_data": 11211 }, "model": "item/hyparia/guis/actions/timer_stop_lock" }, { "predicate": { "custom_model_data": 11212 }, "model": "item/hyparia/guis/actions/titles_lock" }, { "predicate": { "custom_model_data": 11213 }, "model": "item/hyparia/guis/actions/warp_lock" }, { "predicate": { "custom_model_data": 11214 }, "model": "item/hyparia/guis/actions/tp_lock" }] }