{ "credit": "Model by Elsweyr, forked by HypariaMC", "textures": { "texture": "hyparia:furniture/beet" }, "elements": [{ "__comment": "Beet", "from": [6.5, 2, 7], "to": [9.5, 5, 10], "faces": { "down": { "uv": [13, 13, 16, 16], "texture": "#texture" }, "up": { "uv": [13, 0, 16, 3], "texture": "#texture" }, "north": { "uv": [1.5, 8, 4.5, 11], "texture": "#texture" }, "south": { "uv": [1.5, 8, 4.5, 11], "texture": "#texture" }, "west": { "uv": [1.5, 8, 4.5, 11], "texture": "#texture" }, "east": { "uv": [1.5, 8, 4.5, 11], "texture": "#texture" } } }, { "__comment": "Leaves 1", "from": [8, 5, 5.5], "to": [8.001, 13, 11.5], "faces": { "west": { "uv": [0, 0, 6, 8], "texture": "#texture" }, "east": { "uv": [6, 0, 0, 8], "texture": "#texture" } } }, { "__comment": "Leaves 2", "from": [5, 5, 8.5], "to": [11, 13, 8.501], "faces": { "north": { "uv": [0, 0, 6, 8], "texture": "#texture" }, "south": { "uv": [6, 0, 0, 8], "texture": "#texture" } } }, { "__comment": "Roots 1", "from": [8, 0, 7], "to": [8.001, 2, 10], "faces": { "west": { "uv": [1.5, 11, 4.5, 13], "texture": "#texture" }, "east": { "uv": [4.5, 11, 1.5, 13], "texture": "#texture" } } }, { "__comment": "Roots 2", "from": [6.5, 0, 8.5], "to": [9.5, 2, 8.501], "faces": { "north": { "uv": [1.5, 11, 4.5, 13], "texture": "#texture" }, "south": { "uv": [4.5, 11, 1.5, 13], "texture": "#texture" } } }], "display": { "thirdperson_righthand": { "translation": [0, 4.2717, 0] }, "thirdperson_lefthand": { "translation": [0, 4.2717, 0] }, "firstperson_righthand": { "translation": [0, 4.3994, 0] }, "firstperson_lefthand": { "translation": [0, 4.3994, 0] }, "gui": { "rotation": [0, -16, 0], "translation": [0, 1.0326, 0] }, "head": { "translation": [0, -29.5, 0], "scale": [1.75, 1.75, 1.75] }, "ground": { "translation": [0, 6, 0] } } }