{ "credit": "Model by Elsweyr, forked by HypariaMC", "textures": { "particle": "hyparia:furniture/coffin_wood", "texture": "hyparia:furniture/coffin_wood" }, "elements": [{ "name": "Head", "from": [1.00037, -0.00086, 27.49954], "to": [15.00037, 11.99914, 29.49954], "faces": { "north": { "uv": [12.5, 0.5, 16, 3.5], "texture": "#texture" }, "east": { "uv": [12, 0.5, 12.5, 3.5], "texture": "#texture" }, "south": { "uv": [12.5, 0.5, 16, 3.5], "texture": "#texture" }, "west": { "uv": [12, 0.5, 12.5, 3.5], "texture": "#texture" }, "up": { "uv": [12.5, 0, 16, 0.5], "texture": "#texture" }, "down": { "uv": [12.5, 0, 16, 0.5], "texture": "#texture" } } }, { "name": "Right Angle", "from": [-3.95802, 0.00033, 17.39895], "to": [-1.95802, 12.00033, 29.39895], "rotation": { "angle": 22.5, "axis": "y", "origin": [-2, 0, 17.5] }, "faces": { "north": { "uv": [3, 13, 3.5, 16], "texture": "#texture" }, "east": { "uv": [0, 13, 3, 16], "texture": "#texture" }, "south": { "uv": [3, 13, 3.5, 16], "texture": "#texture" }, "west": { "uv": [0, 13, 3, 16], "texture": "#texture" }, "up": { "uv": [0, 12.5, 3, 13], "rotation": 90, "texture": "#texture" }, "down": { "uv": [0, 12.5, 3, 13], "rotation": 270, "texture": "#texture" } } }, { "name": "Left Angle", "from": [13.20622, -0.00025, 16.20658], "to": [15.20622, 11.99975, 28.20658], "rotation": { "angle": -22.5, "axis": "y", "origin": [12.5, 0, 28.5] }, "faces": { "north": { "uv": [3, 13, 3.5, 16], "texture": "#texture" }, "east": { "uv": [0, 13, 3, 16], "texture": "#texture" }, "south": { "uv": [3, 13, 3.5, 16], "texture": "#texture" }, "west": { "uv": [0, 13, 3, 16], "texture": "#texture" }, "up": { "uv": [0, 12.5, 3, 13], "rotation": 270, "texture": "#texture" }, "down": { "uv": [0, 12.5, 3, 13], "rotation": 90, "texture": "#texture" } } }, { "name": "Left Side", "from": [18.00051, -0.00099, -11.99999], "to": [20.00051, 11.99901, 18.00001], "faces": { "north": { "uv": [7.5, 13, 8, 16], "texture": "#texture" }, "east": { "uv": [16, 13, 8, 16], "texture": "#texture" }, "south": { "uv": [7.5, 13, 8, 16], "texture": "#texture" }, "west": { "uv": [8, 13, 16, 16], "texture": "#texture" }, "up": { "uv": [8, 12.5, 16, 13], "rotation": 270, "texture": "#texture" }, "down": { "uv": [8, 12.5, 16, 13], "rotation": 90, "texture": "#texture" } } }, { "name": "Right Side", "from": [-4.00106, 0.0001, -12.00017], "to": [-2.00106, 12.0001, 17.99983], "faces": { "north": { "uv": [7.5, 13, 8, 16], "texture": "#texture" }, "east": { "uv": [16, 13, 8, 16], "texture": "#texture" }, "south": { "uv": [7.5, 13, 8, 16], "texture": "#texture" }, "west": { "uv": [8, 13, 16, 16], "texture": "#texture" }, "up": { "uv": [8, 12.5, 16, 13], "rotation": 270, "texture": "#texture" }, "down": { "uv": [8, 12.5, 16, 13], "rotation": 90, "texture": "#texture" } } }, { "name": "Feet", "from": [-3.99932, 0.00019, -14.00086], "to": [20.00068, 12.00019, -12.00086], "faces": { "north": { "uv": [10, 4, 16, 7], "texture": "#texture" }, "east": { "uv": [9.5, 4, 10, 7], "texture": "#texture" }, "south": { "uv": [10, 4, 16, 7], "texture": "#texture" }, "west": { "uv": [10, 4, 10.5, 7], "texture": "#texture" }, "up": { "uv": [10, 3.5, 16, 4], "texture": "#texture" }, "down": { "uv": [10, 3.5, 16, 4], "texture": "#texture" } } }, { "name": "PlaneY7", "from": [-1.99901, 1.00089, -12.00092], "to": [18.00099, 1.00189, 27.99908], "faces": { "up": { "uv": [0, 2.5, 5, 12.5], "rotation": 180, "texture": "#texture" }, "down": { "uv": [0, 2.625, 5, 12.5], "texture": "#texture" } } }], "display": { "thirdperson_righthand": { "translation": [0, 2.1304, 0], "scale": [0.25, 0.25, 0.25] }, "thirdperson_lefthand": { "translation": [0, 2.1304, 0], "scale": [0.25, 0.25, 0.25] }, "firstperson_righthand": { "scale": [0.5, 0.5, 0.5] }, "firstperson_lefthand": { "scale": [0.5, 0.5, 0.5] }, "ground": { "translation": [0, 1.7771, 0], "scale": [0.25, 0.25, 0.25] }, "gui": { "rotation": [35, 145, 0], "scale": [0.25, 0.25, 0.25] }, "head": { "translation": [0, -30, 0], "scale": [1.65, 1.65, 1.65] } } }