{ "credit": "Model by Elsweyr, forked by HypariaMC", "textures": { "particle": "hyparia:furniture/dummy", "texture": "hyparia:furniture/dummy" }, "elements": [{ "__comment": "Head", "from": [4, 16, 4], "to": [12, 24, 12], "faces": { "down": { "uv": [14, 0, 16, 2], "texture": "#texture" }, "up": { "uv": [12, 0, 14, 2], "texture": "#texture" }, "north": { "uv": [12, 2, 14, 4], "texture": "#texture" }, "south": { "uv": [12, 2, 14, 4], "texture": "#texture" }, "west": { "uv": [14, 2, 16, 4], "texture": "#texture" }, "east": { "uv": [10, 2, 12, 4], "texture": "#texture" } } }, { "__comment": "Hair", "from": [5.5, 21, 7.5], "to": [10.5, 26, 7.501], "faces": { "north": { "uv": [11, 4, 9.75, 5.25], "texture": "#texture" }, "south": { "uv": [9.75, 4, 11, 5.25], "texture": "#texture" } } }, { "__comment": "Body", "from": [4, 3, 6], "to": [12, 15, 10], "faces": { "down": { "uv": [11, 5.25, 13, 6.25], "texture": "#texture" }, "up": { "uv": [11, 5.25, 13, 6.25], "texture": "#texture" }, "north": { "uv": [11, 6.25, 13, 9.25], "texture": "#texture" }, "south": { "uv": [14, 6.25, 16, 9.25], "texture": "#texture" }, "west": { "uv": [10, 6.25, 11, 9.25], "texture": "#texture" }, "east": { "uv": [10, 6.25, 11, 9.25], "texture": "#texture" } } }, { "__comment": "Pole", "from": [7, -10, 7], "to": [9, 16, 9], "faces": { "down": { "uv": [15.5, 15.5, 16, 16], "texture": "#texture" }, "up": { "uv": [15.5, 15.5, 16, 16], "texture": "#texture" }, "north": { "uv": [15.5, 9.499998, 16, 16], "texture": "#texture" }, "south": { "uv": [15.5, 9.499998, 16, 16], "texture": "#texture" }, "west": { "uv": [15.5, 9.499998, 16, 16], "texture": "#texture" }, "east": { "uv": [15.5, 9.499998, 16, 16], "texture": "#texture" } } }, { "__comment": "Arm L", "from": [-3.5, 4.5, 6.125], "to": [0.5, 16.5, 10.125], "rotation": { "origin": [-3.5, 4.5, 6.125], "axis": "z", "angle": -22.5 }, "faces": { "down": { "uv": [8, 8.25, 9, 9.249999], "texture": "#texture" }, "up": { "uv": [8, 8.250001, 9, 9.25], "texture": "#texture" }, "north": { "uv": [9, 9.249999, 10, 12.25], "texture": "#texture" }, "south": { "uv": [9, 9.249999, 10, 12.25], "texture": "#texture" }, "west": { "uv": [9, 9.249999, 10, 12.25], "texture": "#texture" }, "east": { "uv": [9, 9.249999, 10, 12.25], "texture": "#texture" } } }, { "__comment": "Arm R", "from": [16, 3, 6.125], "to": [20, 15, 10.125], "rotation": { "origin": [16, 3, 6.125], "axis": "z", "angle": 22.5 }, "faces": { "down": { "uv": [8, 8.25, 9, 9.249999], "texture": "#texture" }, "up": { "uv": [8, 8.250001, 9, 9.25], "texture": "#texture" }, "north": { "uv": [9, 9.249999, 10, 12.25], "texture": "#texture" }, "south": { "uv": [9, 9.249999, 10, 12.25], "texture": "#texture" }, "west": { "uv": [9, 9.249999, 10, 12.25], "texture": "#texture" }, "east": { "uv": [9, 9.249999, 10, 12.25], "texture": "#texture" } } }, { "__comment": "Body Fluff Front", "from": [5.5, 0.5, 6], "to": [10.5, 5.5, 6.001], "rotation": { "origin": [5.5, 0.5, 6], "axis": "x", "angle": 22.5 }, "faces": { "north": { "uv": [10, 9.25, 11.25, 10.5], "texture": "#texture" }, "south": { "uv": [11.25, 9.25, 10, 10.5], "texture": "#texture" } } }, { "__comment": "Body Fluff Back", "from": [5.5, 0.5, 10.5], "to": [10.5, 5.5, 10.501], "rotation": { "origin": [5.5, 0.5, 10.5], "axis": "x", "angle": -22.5 }, "faces": { "north": { "uv": [10, 9.25, 11.25, 10.5], "texture": "#texture" }, "south": { "uv": [11.25, 9.25, 10, 10.5], "texture": "#texture" } } }, { "__comment": "Hand L", "from": [-3.5, 3, 8], "to": [-0.5, 6, 8.001], "rotation": { "origin": [-3.5, 3, 8], "axis": "z", "angle": -22.5 }, "faces": { "north": { "uv": [9, 12.25, 9.75, 13], "texture": "#texture" }, "south": { "uv": [9.75, 12.25, 9, 13], "texture": "#texture" } } }, { "__comment": "Hand R", "from": [17, 2, 8], "to": [20, 5, 8.001], "rotation": { "origin": [17, 2, 8], "axis": "z", "angle": 22.5 }, "faces": { "north": { "uv": [9, 12.25, 9.75, 13], "texture": "#texture" }, "south": { "uv": [9.75, 12.25, 9, 13], "texture": "#texture" } } }, { "__comment": "Shoulder L", "from": [2, 11, 8], "to": [5, 16, 8.001], "faces": { "north": { "uv": [7.25, 9.25, 8, 10.5], "texture": "#texture" }, "south": { "uv": [8, 9.25, 7.25, 10.5], "texture": "#texture" } } }, { "__comment": "PlaneZ16", "from": [11, 11, 8], "to": [14, 16, 8.001], "faces": { "north": { "uv": [8, 9.25, 7.25, 10.5], "texture": "#texture" }, "south": { "uv": [7.25, 9.25, 8, 10.5], "texture": "#texture" } } }], "display": { "thirdperson_righthand": { "scale": [0.25, 0.25, 0.25] }, "thirdperson_lefthand": { "scale": [0.25, 0.25, 0.25] }, "firstperson_righthand": { "translation": [3.182, -2.69, 0], "scale": [0.5, 0.5, 0.5] }, "firstperson_lefthand": { "translation": [3.182, -2.69, 0], "scale": [0.5, 0.5, 0.5] }, "gui": { "rotation": [13, 160, 0], "translation": [0, -0.179, 0], "scale": [0.5, 0.5, 0.5] }, "head": { "translation": [0, -14.4, -4.777], "scale": [1.6, 1.6, 1.6] }, "ground": { "translation": [0, 3.9456, 0], "scale": [0.25, 0.25, 0.25] } } }