{ "credit": "Model by Elsweyr, forked by HypariaMC", "textures": { "particle": "hyparia:furniture/letter", "texture": "hyparia:furniture/letter" }, "elements": [{ "name": "PlaneY1", "from": [4, 0, 2.5], "to": [12, 0.001, 13.5], "faces": { "up": { "uv": [8, 5, 16, 16], "texture": "#texture" }, "down": { "uv": [8, 5, 16, 16], "texture": "#texture" } } }], "display": { "thirdperson_righthand": { "translation": [0, 8.5597, 0] }, "thirdperson_lefthand": { "translation": [0, 8.5597, 0] }, "firstperson_righthand": { "translation": [0, 8.9809, 0] }, "firstperson_lefthand": { "translation": [0, 8.9809, 0] }, "ground": { "translation": [0, 6, 0] }, "gui": { "rotation": [38, -21, 0], "translation": [0, 5.7608, 0] }, "head": { "translation": [0, -29.1, 0], "scale": [1.65, 1.65, 1.65] } } }