{ "credit": "Model by Elsweyr, forked by HypariaMC", "textures": { "particle": "hyparia:furniture/throne_stone", "texture": "hyparia:furniture/throne_stone" }, "elements": [{ "__comment": "Base", "from": [-2.000132, -12.4992, -1.499232], "to": [17.99987, -8.499201, 18.50077], "faces": { "down": { "uv": [6.5, 15, 11.5, 16], "texture": "#texture" }, "up": { "uv": [6.5, 10, 11.5, 15], "texture": "#texture" }, "north": { "uv": [6.5, 15, 11.5, 16], "texture": "#texture" }, "south": { "uv": [6.5, 15, 11.5, 16], "texture": "#texture" }, "west": { "uv": [6.5, 15, 11.5, 16], "texture": "#texture" }, "east": { "uv": [6.5, 15, 11.5, 16], "texture": "#texture" } } }, { "__comment": "Seat", "from": [-0.9992539, -8.499863, -0.4994213], "to": [17.00075, -0.4998627, 17.50058], "faces": { "down": { "uv": [11.5, 9.5, 16, 14], "texture": "#texture" }, "up": { "uv": [11.5, 14, 16, 9.5], "texture": "#texture" }, "north": { "uv": [11.5, 14, 16, 16], "texture": "#texture" }, "south": { "uv": [11.5, 14, 16, 16], "texture": "#texture" }, "west": { "uv": [11.5, 14, 16, 16], "texture": "#texture" }, "east": { "uv": [11.5, 14, 16, 16], "texture": "#texture" } } }, { "__comment": "Arm Rest L", "from": [-0.9997684, -0.5009993, -2.500334], "to": [2.000232, 2.499001, 17.49967], "faces": { "down": { "uv": [0, 10.25, 0.75, 15.25], "texture": "#texture" }, "up": { "uv": [0.75, 10.25, 0, 15.25], "texture": "#texture" }, "north": { "uv": [0, 15.25, 0.75, 16], "texture": "#texture" }, "south": { "uv": [0, 15.25, 0.75, 16], "texture": "#texture" }, "west": { "uv": [0.75, 15.25, 5.75, 16], "texture": "#texture" }, "east": { "uv": [0.75, 15.25, 5.75, 16], "texture": "#texture" } } }, { "__comment": "Frame L", "from": [-1.000969, 2.500705, 14.50015], "to": [1.999031, 20.50071, 17.50014], "faces": { "down": { "uv": [0.75, 9.5, 1.5, 10.25], "texture": "#texture" }, "up": { "uv": [0.75, 9.5, 1.5, 10.25], "texture": "#texture" }, "north": { "uv": [0, 5, 0.75, 9.5], "texture": "#texture" }, "south": { "uv": [0, 5, 0.75, 9.5], "texture": "#texture" }, "west": { "uv": [0, 5, 0.75, 9.5], "texture": "#texture" }, "east": { "uv": [0, 5, 0.75, 9.5], "texture": "#texture" } } }, { "__comment": "Top R", "from": [5.750686, 27.50055, 14.50003], "to": [18.75069, 30.50055, 17.50003], "rotation": { "origin": [5.75, 27.5, 14.5], "axis": "z", "angle": -45 }, "faces": { "down": { "uv": [1.5, 8, 4.75, 8.75], "texture": "#texture" }, "up": { "uv": [1.5, 8, 4.75, 8.75], "texture": "#texture" }, "north": { "uv": [1.5, 8.75, 4.75, 9.5], "texture": "#texture" }, "south": { "uv": [4.75, 8.75, 1.5, 9.5], "texture": "#texture" }, "west": { "uv": [0.75, 9.5, 1.5, 10.25], "texture": "#texture" }, "east": { "uv": [0.75, 9.5, 1.5, 10.25], "texture": "#texture" } } }, { "__comment": "Top L", "from": [1.124543, 18.50012, 14.49978], "to": [11.12454, 21.50012, 17.49978], "rotation": { "origin": [1.125, 18.5, 14.5], "axis": "z", "angle": 45 }, "faces": { "down": { "uv": [1.5, 10.25, 4, 11], "texture": "#texture" }, "up": { "uv": [1.5, 10.25, 4, 11], "texture": "#texture" }, "north": { "uv": [1.5, 10.25, 4, 11], "texture": "#texture" }, "south": { "uv": [1.5, 10.25, 4, 11], "texture": "#texture" }, "west": { "uv": [0.75, 9.5, 1.5, 10.25], "texture": "#texture" }, "east": { "uv": [0.75, 9.5, 1.5, 10.25], "texture": "#texture" } } }, { "__comment": "Back", "from": [2.000104, -0.5004622, 15.50088], "to": [14.0001, 25.49954, 16.50088], "faces": { "north": { "uv": [13, 0, 16, 6.5], "texture": "#texture" }, "south": { "uv": [13, 0, 16, 6.5], "texture": "#texture" } } }, { "__comment": "Arm Rest R", "from": [13.99975, -0.5006281, -2.499391], "to": [16.99975, 2.499372, 17.50061], "faces": { "down": { "uv": [0, 10.25, 0.75, 15.25], "texture": "#texture" }, "up": { "uv": [0.75, 10.25, 0, 15.25], "texture": "#texture" }, "north": { "uv": [0, 15.25, 0.75, 16], "texture": "#texture" }, "south": { "uv": [0, 15.25, 0.75, 16], "texture": "#texture" }, "west": { "uv": [0.75, 15.25, 5.75, 16], "texture": "#texture" }, "east": { "uv": [0.75, 15.25, 5.75, 16], "texture": "#texture" } } }, { "__comment": "Frame R", "from": [13.99989, 2.500646, 14.5009], "to": [16.99989, 20.50065, 17.5009], "faces": { "down": { "uv": [0.75, 9.5, 1.5, 10.25], "texture": "#texture" }, "up": { "uv": [0.75, 9.5, 1.5, 10.25], "texture": "#texture" }, "north": { "uv": [0, 5, 0.75, 9.5], "texture": "#texture" }, "south": { "uv": [0, 5, 0.75, 9.5], "texture": "#texture" }, "west": { "uv": [0, 5, 0.75, 9.5], "texture": "#texture" }, "east": { "uv": [0, 5, 0.75, 9.5], "texture": "#texture" } } }], "display": { "thirdperson_righthand": { "translation": [0, 2.8532, 0], "scale": [0.25, 0.25, 0.25] }, "thirdperson_lefthand": { "translation": [0, 2.8532, 0], "scale": [0.25, 0.25, 0.25] }, "firstperson_righthand": { "scale": [0.25, 0.25, 0.25] }, "firstperson_lefthand": { "scale": [0.25, 0.25, 0.25] }, "gui": { "rotation": [22, 154, 0], "scale": [0.25, 0.25, 0.25] }, "head": { "translation": [0, -9.4, 0], "scale": [1.65, 1.65, 1.65] }, "ground": { "translation": [0, 6.7282, 0], "scale": [0.25, 0.25, 0.25] } } }