{
    "credit": "Made with Blockbench",
    "parent": "./cart_empty",
    "textures": {
        "0": "block/stripped_spruce_log",
        "1": "block/stripped_dark_oak_log",
        "particle": "block/stripped_spruce_log"
    },
    "elements": [{
            "name": "octagon",
            "from": [15.9625, -9.34192, -2.15435],
            "to": [17.81859, 6.62197, -0.95282],
            "rotation": { "angle": 45, "axis": "z", "origin": [-1.20903, -6.52289, -10.28399] },
            "faces": {
                "north": { "uv": [2, 0, 0, 16], "rotation": 180, "texture": "#0" },
                "east": { "uv": [2, 0, 0, 16], "rotation": 180, "texture": "#0" },
                "south": { "uv": [2, 0, 0, 16], "rotation": 180, "texture": "#0" },
                "west": { "uv": [2, 0, 0, 16], "rotation": 180, "texture": "#0" },
                "up": { "uv": [0, 16, 2, 0], "rotation": 180, "texture": "#0" },
                "down": { "uv": [0, 16, 2, 0], "rotation": 180, "texture": "#0" }
            }
        },
        {
            "name": "octagon",
            "from": [7.01053, 1.94423, -2.15435],
            "to": [8.86662, 17.9081, -0.95282],
            "rotation": { "angle": 0, "axis": "y", "origin": [-1.20903, -6.52289, -10.28399] },
            "faces": {
                "north": { "uv": [2, 0, 0, 16], "rotation": 180, "texture": "#0" },
                "east": { "uv": [2, 0, 0, 16], "rotation": 180, "texture": "#0" },
                "south": { "uv": [2, 0, 0, 16], "rotation": 180, "texture": "#0" },
                "west": { "uv": [2, 0, 0, 16], "rotation": 180, "texture": "#0" },
                "up": { "uv": [0, 16, 2, 0], "rotation": 180, "texture": "#0" },
                "down": { "uv": [0, 16, 2, 0], "rotation": 180, "texture": "#0" }
            }
        },
        {
            "name": "octagon",
            "from": [8.9086, -2.28802, -2.15435],
            "to": [24.87249, -0.43194, -0.95282],
            "rotation": { "angle": 45, "axis": "z", "origin": [-1.20903, -6.52289, -10.28399] },
            "faces": {
                "north": { "uv": [0, 16, 2, 0], "rotation": 90, "texture": "#0" },
                "east": { "uv": [0, 16, 2, 0], "rotation": 90, "texture": "#0" },
                "south": { "uv": [0, 16, 2, 0], "rotation": 90, "texture": "#0" },
                "west": { "uv": [0, 16, 2, 0], "rotation": 90, "texture": "#0" },
                "up": { "uv": [2, 0, 0, 16], "rotation": 90, "texture": "#0" },
                "down": { "uv": [2, 0, 0, 16], "rotation": 90, "texture": "#0" }
            }
        },
        {
            "name": "octagon",
            "from": [-0.04336, 8.99812, -2.15435],
            "to": [15.92052, 10.8542, -0.95282],
            "rotation": { "angle": 0, "axis": "y", "origin": [-1.20903, -6.52289, -10.28399] },
            "faces": {
                "north": { "uv": [0, 16, 2, 0], "rotation": 90, "texture": "#0" },
                "east": { "uv": [0, 16, 2, 0], "rotation": 90, "texture": "#0" },
                "south": { "uv": [0, 16, 2, 0], "rotation": 90, "texture": "#0" },
                "west": { "uv": [0, 16, 2, 0], "rotation": 90, "texture": "#0" },
                "up": { "uv": [2, 0, 0, 16], "rotation": 90, "texture": "#0" },
                "down": { "uv": [2, 0, 0, 16], "rotation": 90, "texture": "#0" }
            }
        },
        {
            "name": "octagon",
            "from": [15.65071, -4.35321, -3.28256],
            "to": [18.13038, 1.63325, 0.25232],
            "rotation": { "angle": 45, "axis": "z", "origin": [-1.20903, -6.52289, -10.28399] },
            "faces": {
                "north": { "uv": [14, 0, 16, 3.727], "rotation": 90, "texture": "#1" },
                "east": { "uv": [14, 0, 16, 3.727], "rotation": 90, "texture": "#1" },
                "south": { "uv": [14, 0, 16, 3.727], "rotation": 90, "texture": "#1" },
                "west": { "uv": [14, 0, 16, 3.727], "rotation": 90, "texture": "#1" },
                "up": { "uv": [14, 0, 16, 3.727], "rotation": 90, "texture": "#1" },
                "down": { "uv": [14, 0, 16, 3.727], "rotation": 90, "texture": "#1" }
            }
        },
        {
            "name": "octagon",
            "from": [6.69874, 6.93293, -3.32262],
            "to": [9.17841, 12.91939, 0.27795],
            "rotation": { "angle": 0, "axis": "y", "origin": [-1.20903, -6.52289, -10.28399] },
            "faces": {
                "north": { "uv": [14, 0, 16, 3.727], "rotation": 90, "texture": "#1" },
                "east": { "uv": [14, 0, 16, 3.727], "rotation": 90, "texture": "#1" },
                "south": { "uv": [14, 0, 16, 3.727], "rotation": 90, "texture": "#1" },
                "west": { "uv": [14, 0, 16, 3.727], "rotation": 90, "texture": "#1" },
                "up": { "uv": [14, 0, 16, 3.727], "rotation": 90, "texture": "#1" },
                "down": { "uv": [14, 0, 16, 3.727], "rotation": 90, "texture": "#1" }
            }
        },
        {
            "name": "octagon",
            "from": [13.89732, -2.59982, -3.30819],
            "to": [19.88377, -0.12014, 0.22668],
            "rotation": { "angle": 45, "axis": "z", "origin": [-1.20903, -6.52289, -10.28399] },
            "faces": {
                "north": { "uv": [14, 0, 16, 3.727], "rotation": 90, "texture": "#1" },
                "east": { "uv": [14, 0, 16, 3.727], "rotation": 90, "texture": "#1" },
                "south": { "uv": [14, 0, 16, 3.727], "rotation": 90, "texture": "#1" },
                "west": { "uv": [14, 0, 16, 3.727], "rotation": 90, "texture": "#1" },
                "up": { "uv": [14, 0, 16, 3.727], "rotation": 90, "texture": "#1" },
                "down": { "uv": [14, 0, 16, 3.727], "rotation": 90, "texture": "#1" }
            }
        },
        {
            "name": "octagon",
            "from": [4.94534, 8.68632, -3.31261],
            "to": [10.93181, 11.166, 0.25232],
            "rotation": { "angle": 0, "axis": "y", "origin": [-1.20903, -6.52289, -10.28399] },
            "faces": {
                "north": { "uv": [14, 0, 16, 3.727], "rotation": 90, "texture": "#1" },
                "east": { "uv": [14, 0, 16, 3.727], "rotation": 90, "texture": "#1" },
                "south": { "uv": [14, 0, 16, 3.727], "rotation": 90, "texture": "#1" },
                "west": { "uv": [14, 0, 16, 3.727], "rotation": 90, "texture": "#1" },
                "up": { "uv": [14, 0, 16, 3.727], "rotation": 90, "texture": "#1" },
                "down": { "uv": [14, 0, 16, 3.727], "rotation": 90, "texture": "#1" }
            }
        },
        {
            "name": "octagon",
            "from": [24.37361, -5.49277, -2.93549],
            "to": [26.86797, 2.7728, -0.15199],
            "rotation": { "angle": 45, "axis": "z", "origin": [-1.20903, -6.52289, -10.28399] },
            "faces": {
                "north": { "uv": [0, 0, 1.97965, 6.55998], "texture": "#1" },
                "east": { "uv": [0, 0, 1.97965, 6.55998], "texture": "#1" },
                "south": { "uv": [0, 0, 1.97965, 6.55998], "rotation": 180, "texture": "#1" },
                "west": { "uv": [0, 0, 1.97965, 6.55998], "texture": "#1" },
                "up": { "uv": [0, 0, 1.97965, 6.55998], "texture": "#1" },
                "down": { "uv": [0, 0, 1.97965, 6.55998], "texture": "#1" }
            }
        },
        {
            "name": "octagon",
            "from": [15.42165, 5.79338, -2.97487],
            "to": [17.916, 14.05895, -0.13231],
            "rotation": { "angle": 0, "axis": "y", "origin": [-1.20903, -6.52289, -10.28399] },
            "faces": {
                "north": { "uv": [0, 0, 1.97964, 6.55998], "texture": "#1" },
                "east": { "uv": [0, 0, 1.97964, 6.55998], "texture": "#1" },
                "south": { "uv": [0, 0, 1.97964, 6.55998], "rotation": 180, "texture": "#1" },
                "west": { "uv": [0, 0, 1.97964, 6.55998], "texture": "#1" },
                "up": { "uv": [0, 0, 1.97964, 6.55998], "texture": "#1" },
                "down": { "uv": [0, 0, 1.97964, 6.55998], "texture": "#1" }
            }
        },
        {
            "name": "octagon",
            "from": [6.91311, -5.49277, -2.93549],
            "to": [9.40747, 2.7728, -0.15199],
            "rotation": { "angle": 45, "axis": "z", "origin": [-1.20903, -6.52289, -10.28399] },
            "faces": {
                "north": { "uv": [0, 0, 1.97965, 6.55998], "rotation": 180, "texture": "#1" },
                "east": { "uv": [0, 0, 6.55998, 1.97965], "rotation": 90, "texture": "#1" },
                "south": { "uv": [0, 0, 1.97965, 6.55998], "texture": "#1" },
                "west": { "uv": [0, 0, 1.97965, 6.55998], "rotation": 180, "texture": "#1" },
                "up": { "uv": [0, 0, 6.55998, 1.97965], "rotation": 90, "texture": "#1" },
                "down": { "uv": [0, 0, 6.55998, 1.97965], "rotation": 90, "texture": "#1" }
            }
        },
        {
            "name": "octagon",
            "from": [-2.03885, 5.79338, -2.97487],
            "to": [0.45551, 14.05895, -0.13231],
            "rotation": { "angle": 0, "axis": "y", "origin": [-1.20903, -6.52289, -10.28399] },
            "faces": {
                "north": { "uv": [0, 0, 1.97965, 6.55998], "rotation": 180, "texture": "#1" },
                "east": { "uv": [0, 0, 1.97965, 6.55998], "texture": "#1" },
                "south": { "uv": [0, 0, 1.97965, 6.55998], "texture": "#1" },
                "west": { "uv": [0, 0, 1.97965, 6.55998], "rotation": 180, "texture": "#1" },
                "up": { "uv": [0, 0, 1.97965, 6.55998], "texture": "#1" },
                "down": { "uv": [0, 0, 1.97965, 6.55998], "texture": "#1" }
            }
        },
        {
            "name": "octagon",
            "from": [12.75776, 6.12309, -2.93549],
            "to": [21.02332, 8.61744, -0.15199],
            "rotation": { "angle": 45, "axis": "z", "origin": [-1.20903, -6.52289, -10.28399] },
            "faces": {
                "north": { "uv": [0, 0, 1.97964, 6.55997], "rotation": 90, "texture": "#1" },
                "east": { "uv": [0, 0, 1.97964, 6.55997], "rotation": 90, "texture": "#1" },
                "south": { "uv": [0, 0, 1.97964, 6.55997], "rotation": 90, "texture": "#1" },
                "west": { "uv": [0, 0, 1.97964, 6.55997], "rotation": 90, "texture": "#1" },
                "up": { "uv": [0, 0, 1.97964, 6.55997], "rotation": 270, "texture": "#1" },
                "down": { "uv": [0, 0, 1.97964, 6.55997], "rotation": 90, "texture": "#1" }
            }
        },
        {
            "name": "octagon",
            "from": [3.80579, 17.40923, -2.97487],
            "to": [12.07136, 19.90359, -0.13231],
            "rotation": { "angle": 0, "axis": "y", "origin": [-1.20903, -6.52289, -10.28399] },
            "faces": {
                "north": { "uv": [0, 0, 1.97965, 6.55998], "rotation": 90, "texture": "#1" },
                "east": { "uv": [0, 0, 1.97965, 6.55998], "rotation": 90, "texture": "#1" },
                "south": { "uv": [0, 0, 1.97965, 6.55998], "rotation": 90, "texture": "#1" },
                "west": { "uv": [0, 0, 1.97965, 6.55998], "rotation": 90, "texture": "#1" },
                "up": { "uv": [0, 0, 1.97965, 6.55998], "rotation": 270, "texture": "#1" },
                "down": { "uv": [0, 0, 1.97965, 6.55998], "rotation": 90, "texture": "#1" }
            }
        },
        {
            "name": "octagon",
            "from": [12.75776, -11.33741, -2.93549],
            "to": [21.02332, -8.84305, -0.15199],
            "rotation": { "angle": 45, "axis": "z", "origin": [-1.20903, -6.52289, -10.28399] },
            "faces": {
                "north": { "uv": [0, 0, 1.97965, 6.55997], "rotation": 270, "texture": "#1" },
                "east": { "uv": [0, 0, 1.97965, 6.55997], "rotation": 90, "texture": "#1" },
                "south": { "uv": [0, 0, 1.97965, 6.55997], "rotation": 270, "texture": "#1" },
                "west": { "uv": [0, 0, 1.97965, 6.55997], "rotation": 90, "texture": "#1" },
                "up": { "uv": [0, 0, 1.97965, 6.55997], "rotation": 90, "texture": "#1" },
                "down": { "uv": [0, 0, 1.97965, 6.55997], "rotation": 90, "texture": "#1" }
            }
        },
        {
            "name": "octagon",
            "from": [3.80579, -0.05126, -2.97487],
            "to": [12.07136, 2.4431, -0.13231],
            "rotation": { "angle": 0, "axis": "y", "origin": [-1.20903, -6.52289, -10.28399] },
            "faces": {
                "north": { "uv": [0, 0, 1.97965, 6.55998], "rotation": 270, "texture": "#1" },
                "east": { "uv": [0, 0, 1.97965, 6.55998], "rotation": 90, "texture": "#1" },
                "south": { "uv": [0, 0, 1.97965, 6.55998], "rotation": 270, "texture": "#1" },
                "west": { "uv": [0, 0, 1.97965, 6.55998], "rotation": 90, "texture": "#1" },
                "up": { "uv": [0, 0, 1.97965, 6.55998], "rotation": 90, "texture": "#1" },
                "down": { "uv": [0, 0, 1.97965, 6.55998], "rotation": 90, "texture": "#1" }
            }
        }
    ],
    "display": {
        "thirdperson_righthand": {
            "rotation": [0, 90, 90],
            "translation": [5.5, -2, -2.75],
            "scale": [0.62891, 0.62891, 0.62891]
        },
        "thirdperson_lefthand": {
            "rotation": [0, 90, 90],
            "translation": [5.5, -2, -2.75],
            "scale": [0.62891, 0.62891, 0.62891]
        },
        "firstperson_righthand": {
            "rotation": [0, 118.25, 0],
            "translation": [1.75, 4.25, 0],
            "scale": [0.34961, 0.34961, 0.34961]
        },
        "firstperson_lefthand": {
            "rotation": [0, 118.25, 0],
            "translation": [1.75, 4.25, 0],
            "scale": [0.34961, 0.34961, 0.34961]
        },
        "ground": {
            "translation": [0.25, 2, 6.25],
            "scale": [0.71875, 0.71875, 0.71875]
        },
        "gui": {
            "rotation": [30, -157, 0],
            "translation": [-3, 3.75, 0],
            "scale": [0.8164, 0.8164, 0.8164]
        },
        "head": {
            "rotation": [0, -180, 0],
            "translation": [0, 16.5, -9.75],
            "scale": [1.10156, 1.10156, 1.10156]
        },
        "fixed": {
            "translation": [0, 0, 17],
            "scale": [2, 2, 2]
        }
    },
    "groups": [{
        "name": "Wheel",
        "origin": [8, 8, 8],
        "children": [{
                "name": "Spoke",
                "origin": [8, 8, 8],
                "children": [0, 1, 2, 3]
            },
            {
                "name": "Hub",
                "origin": [8, 8, 8],
                "children": [4, 5, 6, 7]
            },
            {
                "name": "Ring",
                "origin": [8, 8, 8],
                "children": [8, 9, 10, 11, 12, 13, 14, 15]
            }
        ]
    }]
}