{"textures":{"0":"modelengine:entity/spectre"},"elements":[{"name":"rightleg","from":[6.8,4.3999996,6.8],"to":[9.2,8.0,9.2],"rotation":{"angle":0.0,"axis":"x","origin":[8.7560005,9.92,8.0]},"faces":{"down":{"uv":[3.0,8.25,4.0,9.25],"rotation":0,"texture":"#0","tintindex":0},"east":{"uv":[8.0,6.5,7.0,8.0],"rotation":0,"texture":"#0","tintindex":0},"north":{"uv":[8.0,3.5,7.0,5.0],"rotation":0,"texture":"#0","tintindex":0},"south":{"uv":[7.0,7.0,6.0,8.5],"rotation":0,"texture":"#0","tintindex":0},"up":{"uv":[2.0,9.25,3.0,8.25],"rotation":0,"texture":"#0","tintindex":0},"west":{"uv":[8.0,5.0,7.0,6.5],"rotation":0,"texture":"#0","tintindex":0}}}],"display":{"head":{"translation":[0.0,-6.4,0.0],"rotation":[0.0,0.0,0.0],"scale":[3.8095,3.8095,3.8095]}}}