{"textures":{"0":"modelengine:entity/scarecrow_scythe","1":"modelengine:entity/scarycrow","2":"modelengine:entity/crow","3":"modelengine:entity/scarycrowglow"},"elements":[{"name":"cube","from":[7.7,3.1999998,6.2],"to":[8.9,8.6,8.0],"rotation":{"angle":0.0,"axis":"x","origin":[16.400002,11.0,5.6]},"faces":{"down":{"uv":[11.25,3.5,10.75,4.25],"rotation":0,"texture":"#3","tintindex":0},"east":{"uv":[3.25,10.0,4.0,12.25],"rotation":0,"texture":"#3","tintindex":0},"north":{"uv":[10.75,0.0,11.25,2.25],"rotation":0,"texture":"#3","tintindex":0},"south":{"uv":[1.0,10.75,1.5,13.0],"rotation":0,"texture":"#3","tintindex":0},"up":{"uv":[11.25,3.0,10.75,2.25],"rotation":0,"texture":"#3","tintindex":0},"west":{"uv":[4.0,10.0,4.75,12.25],"rotation":0,"texture":"#3","tintindex":0}}}],"display":{"head":{"translation":[0.0,-6.4,0.0],"rotation":[0.0,0.0,0.0],"scale":[3.8095,3.8095,3.8095]}}}