{ "credit": "Model by Elsweyr, forked by HypariaMC", "textures": { "particle": "decorations/box", "texture": "decorations/box", "grapes": "hyparia:furniture/grapes_purple" }, "elements": [{ "__comment": "Box30", "from": [9, 0, 6.5], "to": [10, 1, 7.5], "faces": { "down": { "uv": [12, 12, 14, 14], "texture": "#grapes" }, "up": { "uv": [12, 12, 14, 14], "texture": "#grapes" }, "north": { "uv": [12, 12, 14, 14], "texture": "#grapes" }, "south": { "uv": [12, 12, 14, 14], "texture": "#grapes" }, "west": { "uv": [12, 12, 14, 14], "texture": "#grapes" }, "east": { "uv": [12, 12, 14, 14], "texture": "#grapes" } } }, { "__comment": "Box30", "from": [8.5, 1, 7], "to": [9.5, 2, 8], "faces": { "down": { "uv": [10, 10, 12, 12], "texture": "#grapes" }, "up": { "uv": [10, 10, 12, 12], "texture": "#grapes" }, "north": { "uv": [10, 10, 12, 12], "texture": "#grapes" }, "south": { "uv": [10, 10, 12, 12], "texture": "#grapes" }, "west": { "uv": [10, 10, 12, 12], "texture": "#grapes" }, "east": { "uv": [10, 10, 12, 12], "texture": "#grapes" } } }, { "__comment": "Box30", "from": [7.5, 1.5, 7], "to": [8.5, 2.5, 8], "faces": { "down": { "uv": [10, 10, 12, 12], "texture": "#grapes" }, "up": { "uv": [10, 10, 12, 12], "texture": "#grapes" }, "north": { "uv": [10, 10, 12, 12], "texture": "#grapes" }, "south": { "uv": [10, 10, 12, 12], "texture": "#grapes" }, "west": { "uv": [10, 10, 12, 12], "texture": "#grapes" }, "east": { "uv": [10, 10, 12, 12], "texture": "#grapes" } } }, { "__comment": "Box30", "from": [8, 1, 6], "to": [9, 2, 7], "faces": { "down": { "uv": [10, 10, 12, 12], "texture": "#grapes" }, "up": { "uv": [10, 10, 12, 12], "texture": "#grapes" }, "north": { "uv": [10, 10, 12, 12], "texture": "#grapes" }, "south": { "uv": [10, 10, 12, 12], "texture": "#grapes" }, "west": { "uv": [10, 10, 12, 12], "texture": "#grapes" }, "east": { "uv": [10, 10, 12, 12], "texture": "#grapes" } } }, { "__comment": "Box30", "from": [7, 0.5, 6.5], "to": [8, 1.5, 7.5], "faces": { "down": { "uv": [12, 12, 14, 14], "texture": "#grapes" }, "up": { "uv": [12, 12, 14, 14], "texture": "#grapes" }, "north": { "uv": [12, 12, 14, 14], "texture": "#grapes" }, "south": { "uv": [12, 12, 14, 14], "texture": "#grapes" }, "west": { "uv": [12, 12, 14, 14], "texture": "#grapes" }, "east": { "uv": [12, 12, 14, 14], "texture": "#grapes" } } }, { "__comment": "Box30", "from": [7.5, 2, 8], "to": [8.5, 3, 9], "faces": { "down": { "uv": [12, 12, 14, 14], "texture": "#grapes" }, "up": { "uv": [12, 12, 14, 14], "texture": "#grapes" }, "north": { "uv": [12, 12, 14, 14], "texture": "#grapes" }, "south": { "uv": [12, 12, 14, 14], "texture": "#grapes" }, "west": { "uv": [12, 12, 14, 14], "texture": "#grapes" }, "east": { "uv": [12, 12, 14, 14], "texture": "#grapes" } } }, { "__comment": "Box30", "from": [6.5, 2, 7], "to": [7.5, 3, 8], "faces": { "down": { "uv": [10, 10, 12, 12], "texture": "#grapes" }, "up": { "uv": [10, 10, 12, 12], "texture": "#grapes" }, "north": { "uv": [10, 10, 12, 12], "texture": "#grapes" }, "south": { "uv": [10, 10, 12, 12], "texture": "#grapes" }, "west": { "uv": [10, 10, 12, 12], "texture": "#grapes" }, "east": { "uv": [10, 10, 12, 12], "texture": "#grapes" } } }, { "__comment": "Box30", "from": [7, 1, 7.5], "to": [8, 2, 8.5], "faces": { "down": { "uv": [12, 12, 14, 14], "texture": "#grapes" }, "up": { "uv": [12, 12, 14, 14], "texture": "#grapes" }, "north": { "uv": [12, 12, 14, 14], "texture": "#grapes" }, "south": { "uv": [12, 12, 14, 14], "texture": "#grapes" }, "west": { "uv": [12, 12, 14, 14], "texture": "#grapes" }, "east": { "uv": [12, 12, 14, 14], "texture": "#grapes" } } }, { "__comment": "Box30", "from": [5.5, 2.5, 6.5], "to": [6.5, 3.5, 7.5], "faces": { "down": { "uv": [12, 12, 14, 14], "texture": "#grapes" }, "up": { "uv": [12, 12, 14, 14], "texture": "#grapes" }, "north": { "uv": [12, 12, 14, 14], "texture": "#grapes" }, "south": { "uv": [12, 12, 14, 14], "texture": "#grapes" }, "west": { "uv": [12, 12, 14, 14], "texture": "#grapes" }, "east": { "uv": [12, 12, 14, 14], "texture": "#grapes" } } }, { "__comment": "Box30", "from": [6.5, 2.5, 8], "to": [7.5, 3.5, 9], "faces": { "down": { "uv": [12, 12, 14, 14], "texture": "#grapes" }, "up": { "uv": [12, 12, 14, 14], "texture": "#grapes" }, "north": { "uv": [12, 12, 14, 14], "texture": "#grapes" }, "south": { "uv": [12, 12, 14, 14], "texture": "#grapes" }, "west": { "uv": [12, 12, 14, 14], "texture": "#grapes" }, "east": { "uv": [12, 12, 14, 14], "texture": "#grapes" } } }, { "__comment": "Box30", "from": [5.5, 3, 7.5], "to": [6.5, 4, 8.5], "faces": { "down": { "uv": [10, 10, 12, 12], "texture": "#grapes" }, "up": { "uv": [10, 10, 12, 12], "texture": "#grapes" }, "north": { "uv": [10, 10, 12, 12], "texture": "#grapes" }, "south": { "uv": [10, 10, 12, 12], "texture": "#grapes" }, "west": { "uv": [10, 10, 12, 12], "texture": "#grapes" }, "east": { "uv": [10, 10, 12, 12], "texture": "#grapes" } } }, { "__comment": "Box30", "from": [5.5, 2, 8], "to": [6.5, 3, 9], "faces": { "down": { "uv": [12, 12, 14, 14], "texture": "#grapes" }, "up": { "uv": [12, 12, 14, 14], "texture": "#grapes" }, "north": { "uv": [12, 12, 14, 14], "texture": "#grapes" }, "south": { "uv": [12, 12, 14, 14], "texture": "#grapes" }, "west": { "uv": [12, 12, 14, 14], "texture": "#grapes" }, "east": { "uv": [12, 12, 14, 14], "texture": "#grapes" } } }, { "__comment": "Box30", "from": [6.5, 3, 9], "to": [7.5, 4, 10], "faces": { "down": { "uv": [10, 10, 12, 12], "texture": "#grapes" }, "up": { "uv": [10, 10, 12, 12], "texture": "#grapes" }, "north": { "uv": [10, 10, 12, 12], "texture": "#grapes" }, "south": { "uv": [10, 10, 12, 12], "texture": "#grapes" }, "west": { "uv": [10, 10, 12, 12], "texture": "#grapes" }, "east": { "uv": [10, 10, 12, 12], "texture": "#grapes" } } }, { "__comment": "Box30", "from": [5.5, 3.5, 8.5], "to": [6.5, 4.5, 9.5], "faces": { "down": { "uv": [10, 10, 12, 12], "texture": "#grapes" }, "up": { "uv": [10, 10, 12, 12], "texture": "#grapes" }, "north": { "uv": [10, 10, 12, 12], "texture": "#grapes" }, "south": { "uv": [10, 10, 12, 12], "texture": "#grapes" }, "west": { "uv": [10, 10, 12, 12], "texture": "#grapes" }, "east": { "uv": [10, 10, 12, 12], "texture": "#grapes" } } }, { "__comment": "PlaneZ44", "from": [4, 4, 9], "to": [6, 7, 9.001], "faces": { "north": { "uv": [4, 10, 0, 16], "texture": "#grapes" }, "south": { "uv": [5, 10, 9, 16], "texture": "#grapes" } } }], "display": { "thirdperson_righthand": { "translation": [0, 3.9456, 0], "scale": [0.5, 0.5, 0.5] }, "thirdperson_lefthand": { "translation": [0, 3.9456, 0], "scale": [0.5, 0.5, 0.5] }, "firstperson_righthand": { "translation": [0, 6.2336, 0] }, "firstperson_lefthand": { "translation": [0, 6.2336, 0] }, "gui": { "rotation": [29, 167, 0], "translation": [0, 4.0407, 0] }, "head": { "translation": [0, -30.47, 0], "scale": [1.65, 1.65, 1.65] }, "ground": { "translation": [0, 3.5, 0], "scale": [0.75, 0.75, 0.75] } } }