{ "credit": "Model by Elsweyr, forked by HypariaMC", "textures": { "particle": "hyparia:furniture/meat_hunk", "texture": "hyparia:furniture/meat_hunk" }, "elements": [{ "__comment": "Meat 1", "from": [3, 0, 5.5], "to": [9, 5, 10.5], "faces": { "down": { "uv": [0, 11, 6, 16], "texture": "#texture" }, "up": { "uv": [6, 11, 12, 16], "texture": "#texture" }, "north": { "uv": [0, 6, 6, 11], "texture": "#texture" }, "south": { "uv": [0, 6, 6, 11], "texture": "#texture" }, "west": { "uv": [6, 6, 11, 11], "texture": "#texture" }, "east": { "uv": [6, 6, 11, 11], "texture": "#texture" } } }, { "__comment": "Meat 2", "from": [9, 0.5, 6], "to": [13, 4.5, 10], "faces": { "down": { "uv": [12, 4, 16, 8], "texture": "#texture" }, "up": { "uv": [8, 0, 12, 4], "texture": "#texture" }, "north": { "uv": [12, 0, 16, 4], "texture": "#texture" }, "south": { "uv": [12, 0, 16, 4], "texture": "#texture" }, "west": { "uv": [12, 0, 16, 4], "texture": "#texture" }, "east": { "uv": [12, 0, 16, 4], "texture": "#texture" } } }], "display": { "thirdperson_righthand": { "translation": [0, 3.4673, 0], "scale": [0.5, 0.5, 0.5] }, "thirdperson_lefthand": { "translation": [0, 3.4673, 0], "scale": [0.5, 0.5, 0.5] }, "firstperson_righthand": { "translation": [0, 3.8967, 0], "scale": [0.5, 0.5, 0.5] }, "firstperson_lefthand": { "translation": [0, 3.8967, 0], "scale": [0.5, 0.5, 0.5] }, "gui": { "rotation": [22, -27, 0], "translation": [-0.391, 2.2554, 0], "scale": [0.5, 0.5, 0.5] }, "head": { "rotation": [0, 180, 0], "translation": [0, -30.1, 0], "scale": [1.65, 1.65, 1.65] }, "ground": { "translation": [0, 3.5, 0], "scale": [0.5, 0.5, 0.5] } } }