{ "credit": "Model by Heliosard", "textures": { "0": "block/spruce_planks", "1": "block/stripped_spruce_log", "2": "block/barrel_side", "3": "block/stripped_spruce_log_top", "particle": "block/spruce_planks" }, "elements": [{ "from": [19.99652, 15.4965, 6], "to": [23.99652, 18.4965, 9], "rotation": { "angle": 0, "axis": "z", "origin": [6.99651, 16.99999, 7.5035] }, "faces": { "north": { "uv": [0, 13, 4, 16], "texture": "#1" }, "east": { "uv": [1, 0, 4, 3], "rotation": 270, "texture": "#1" }, "south": { "uv": [0, 7, 4, 10], "texture": "#1" }, "west": { "uv": [1, 0, 4, 3], "rotation": 270, "texture": "#1" }, "up": { "uv": [0, 10, 4, 13], "rotation": 180, "texture": "#1" }, "down": { "uv": [0, 4, 4, 7], "texture": "#1" } } }, { "from": [28, -6, 7], "to": [31, -3, 8], "rotation": { "angle": 45, "axis": "z", "origin": [1, 0, 0] }, "faces": { "north": { "uv": [0, 13, 3, 16], "texture": "#3" }, "east": { "uv": [0, 0, 1, 3], "texture": "#3" }, "south": { "uv": [13, 13, 16, 16], "texture": "#3" }, "west": { "uv": [0, 0, 1, 3], "texture": "#3" }, "up": { "uv": [0, 0, 3, 1], "texture": "#3" }, "down": { "uv": [0, 0, 3, 1], "texture": "#3" } } }, { "from": [2.99652, 15.4965, 6], "to": [19.99652, 18.4965, 9], "rotation": { "angle": 0, "axis": "z", "origin": [6.99651, 16.99999, 7.5035] }, "faces": { "north": { "uv": [0, 13, 16, 16], "texture": "#1" }, "east": { "uv": [1, 0, 4, 3], "rotation": 270, "texture": "#1" }, "south": { "uv": [0, 7, 16, 10], "texture": "#1" }, "west": { "uv": [1, 0, 4, 3], "rotation": 270, "texture": "#1" }, "up": { "uv": [0, 10, 16, 13], "rotation": 180, "texture": "#1" }, "down": { "uv": [0, 4, 16, 7], "texture": "#1" } } }, { "from": [7.00348, 14.2465, 5.5], "to": [8.00348, 19.4965, 9.75], "rotation": { "angle": -45, "axis": "z", "origin": [7.5244, 17.48422, 7.53317] }, "faces": { "north": { "uv": [14.25, 3, 9, 4], "rotation": 90, "texture": "#2" }, "east": { "uv": [2, 3, 1, 4], "texture": "#2" }, "south": { "uv": [12.25, 3, 7, 4], "rotation": 90, "texture": "#2" }, "west": { "uv": [2, 3, 1, 4], "texture": "#2" }, "up": { "uv": [13.25, 3, 9, 4], "rotation": 90, "texture": "#2" }, "down": { "uv": [10.25, 3, 6, 4], "rotation": 90, "texture": "#2" } } }, { "from": [5.99652, 14.2465, 5.75], "to": [6.99652, 19.4965, 10], "rotation": { "angle": 45, "axis": "z", "origin": [6.4756, 17.48422, 7.53317] }, "faces": { "north": { "uv": [5, 3, 10.25, 4], "rotation": 90, "texture": "#2" }, "east": { "uv": [1, 3, 2, 4], "texture": "#2" }, "south": { "uv": [8, 3, 13.25, 4], "rotation": 90, "texture": "#2" }, "west": { "uv": [1, 3, 2, 4], "texture": "#2" }, "up": { "uv": [1, 3, 5.25, 4], "rotation": 90, "texture": "#2" }, "down": { "uv": [8, 3, 12.25, 4], "rotation": 90, "texture": "#2" } } }, { "from": [11.5, 26.5, 7], "to": [14.5, 29.5, 8], "rotation": { "angle": 45, "axis": "z", "origin": [0, 0, 0] }, "faces": { "north": { "uv": [13, 0, 16, 3], "texture": "#3" }, "east": { "uv": [0, 0, 1, 3], "texture": "#3" }, "south": { "uv": [0, 0, 3, 3], "texture": "#3" }, "west": { "uv": [0, 0, 1, 3], "texture": "#3" }, "up": { "uv": [0, 0, 3, 1], "texture": "#3" }, "down": { "uv": [0, 0, 3, 1], "texture": "#3" } } }, { "from": [-10.00348, 27.4965, 6], "to": [-6.00348, 30.4965, 9], "rotation": { "angle": 0, "axis": "z", "origin": [6.99651, 18.99999, 7.5035] }, "faces": { "north": { "uv": [0, 0, 4, 3], "texture": "#1" }, "east": { "uv": [1, 0, 4, 3], "rotation": 270, "texture": "#1" }, "south": { "uv": [0, 6, 4, 9], "texture": "#1" }, "west": { "uv": [1, 0, 4, 3], "rotation": 270, "texture": "#1" }, "up": { "uv": [0, 3, 4, 6], "texture": "#1" }, "down": { "uv": [0, 9, 4, 12], "texture": "#1" } } }, { "from": [-6.00348, 27.4965, 6], "to": [10.99652, 30.4965, 9], "rotation": { "angle": 0, "axis": "z", "origin": [6.99651, 18.99999, 7.5035] }, "faces": { "north": { "uv": [0, 0, 16, 3], "texture": "#1" }, "east": { "uv": [1, 0, 4, 3], "rotation": 270, "texture": "#1" }, "south": { "uv": [0, 6, 16, 9], "texture": "#1" }, "west": { "uv": [1, 0, 4, 3], "rotation": 270, "texture": "#1" }, "up": { "uv": [0, 3, 16, 6], "texture": "#1" }, "down": { "uv": [0, 9, 16, 12], "texture": "#1" } } }, { "from": [5.99652, 26.2465, 5.75], "to": [6.99652, 31.4965, 10], "rotation": { "angle": 45, "axis": "z", "origin": [6.4756, 29.48422, 7.53317] }, "faces": { "north": { "uv": [0, 3, 5.25, 4], "rotation": 90, "texture": "#2" }, "east": { "uv": [1, 3, 2, 4], "texture": "#2" }, "south": { "uv": [0, 3, 5.25, 4], "rotation": 90, "texture": "#2" }, "west": { "uv": [1, 3, 2, 4], "texture": "#2" }, "up": { "uv": [6, 3, 10.25, 4], "rotation": 90, "texture": "#2" }, "down": { "uv": [6, 3, 10.25, 4], "rotation": 90, "texture": "#2" } } }, { "from": [7.00348, 26.2465, 5.5], "to": [8.00348, 31.4965, 9.75], "rotation": { "angle": -45, "axis": "z", "origin": [7.5244, 29.48422, 7.53317] }, "faces": { "north": { "uv": [12.25, 3, 7, 4], "rotation": 90, "texture": "#2" }, "east": { "uv": [1, 3, 2, 4], "texture": "#2" }, "south": { "uv": [10.25, 3, 5, 4], "rotation": 90, "texture": "#2" }, "west": { "uv": [2, 3, 1, 4], "texture": "#2" }, "up": { "uv": [14.25, 3, 10, 4], "rotation": 90, "texture": "#2" }, "down": { "uv": [10.25, 11, 6, 12], "rotation": 90, "texture": "#2" } } }, { "from": [5.5, 16, 6.5], "to": [8.5, 32, 9.5], "rotation": { "angle": 0, "axis": "y", "origin": [13.5, 9, 14.5] }, "faces": { "north": { "uv": [0, 0, 3, 16], "texture": "#0" }, "east": { "uv": [9, 0, 12, 16], "texture": "#0" }, "south": { "uv": [6, 0, 9, 16], "texture": "#0" }, "west": { "uv": [3, 0, 6, 16], "texture": "#0" }, "up": { "uv": [1, 2, 4, 5], "texture": "#0" }, "down": { "uv": [1, 0, 4, 16], "texture": "#0" } } }, { "from": [5.5, 0, 6.5], "to": [8.5, 16, 9.5], "rotation": { "angle": 0, "axis": "y", "origin": [13.5, 9, 14.5] }, "faces": { "north": { "uv": [0, 0, 3, 16], "texture": "#0" }, "east": { "uv": [9, 0, 12, 16], "texture": "#0" }, "south": { "uv": [6, 0, 9, 16], "texture": "#0" }, "west": { "uv": [3, 0, 6, 16], "texture": "#0" }, "up": { "uv": [1, 0, 4, 16], "texture": "#0" }, "down": { "uv": [6, 12, 9, 15], "texture": "#0" } } }], "display": { "head": { "translation": [0, -30.42, 0], "scale": [1.6, 1.6, 1.6] } }, "groups": [{ "name": "group", "origin": [7.99651, 16.99999, 7.5035], "children": [{ "name": "group", "origin": [6.99651, 16.99999, 7.5035], "children": [0, 1, 2] }, { "name": "group", "origin": [7.99651, 16.99999, 7.5035], "children": [3, 4] }] }, { "name": "group", "origin": [8.5244, 29.48422, 7.53317], "children": [{ "name": "group", "origin": [6.99651, 18.99999, 7.5035], "children": [5, 6, 7] }, { "name": "group", "origin": [8.5244, 29.48422, 7.53317], "children": [8, 9] }] }, { "name": "group", "origin": [13.5, 9, 14.5], "children": [10, 11] }] }