{ "credit": "Model by Elsweyr, forked by HypariaMC", "textures": { "particle": "hyparia:furniture/washtub", "texture": "hyparia:furniture/washtub" }, "elements": [{ "name": "Box1", "from": [5.00002, 0.00034, 0.49997], "to": [11.00002, 8.00034, 1.49997], "faces": { "north": { "uv": [7, 12, 10, 16], "texture": "#texture" }, "east": { "uv": [6.5, 12, 7, 16], "texture": "#texture" }, "south": { "uv": [7, 12, 10, 16], "texture": "#texture" }, "west": { "uv": [6.5, 12, 7, 16], "texture": "#texture" }, "up": { "uv": [10, 11.5, 7, 12], "texture": "#texture" }, "down": { "uv": [10, 11.5, 7, 12], "texture": "#texture" } } }, { "name": "Box1", "from": [0.75045, -0.00098, 4.75078], "to": [6.75045, 7.99902, 5.75078], "rotation": { "angle": 45, "axis": "y", "origin": [0.75, 0, 4.75] }, "faces": { "north": { "uv": [10, 12, 13, 16], "texture": "#texture" }, "east": { "uv": [6.5, 12, 7, 16], "texture": "#texture" }, "south": { "uv": [10, 12, 13, 16], "texture": "#texture" }, "west": { "uv": [6.5, 12, 7, 16], "texture": "#texture" }, "up": { "uv": [13, 11.5, 10, 12], "texture": "#texture" }, "down": { "uv": [13, 11.5, 10, 12], "texture": "#texture" } } }, { "name": "Box1", "from": [0.74994, 0.00012, 4.75081], "to": [1.74994, 8.00011, 10.75081], "faces": { "north": { "uv": [6.5, 12, 7, 16], "texture": "#texture" }, "east": { "uv": [13, 12, 16, 16], "texture": "#texture" }, "south": { "uv": [6.5, 12, 7, 16], "texture": "#texture" }, "west": { "uv": [13, 12, 16, 16], "texture": "#texture" }, "up": { "uv": [16, 11.5, 13, 12], "rotation": 270, "texture": "#texture" }, "down": { "uv": [13, 11.5, 10, 12], "rotation": 90, "texture": "#texture" } } }, { "name": "Box1", "from": [4.99938, -0.0009, 9.0002], "to": [5.99938, 7.9991, 15.0002], "rotation": { "angle": 45, "axis": "y", "origin": [5, 0, 15] }, "faces": { "north": { "uv": [6.5, 12, 7, 16], "texture": "#texture" }, "east": { "uv": [7, 12, 10, 16], "texture": "#texture" }, "south": { "uv": [6.5, 12, 7, 16], "texture": "#texture" }, "west": { "uv": [7, 12, 10, 16], "texture": "#texture" }, "up": { "uv": [10, 11.5, 7, 12], "rotation": 270, "texture": "#texture" }, "down": { "uv": [10, 11.5, 7, 12], "rotation": 90, "texture": "#texture" } } }, { "name": "Box1", "from": [5.00034, -0.00059, 14.0007], "to": [11.00034, 7.99941, 15.0007], "faces": { "north": { "uv": [10, 12, 13, 16], "texture": "#texture" }, "east": { "uv": [6.5, 12, 7, 16], "texture": "#texture" }, "south": { "uv": [10, 12, 13, 16], "texture": "#texture" }, "west": { "uv": [6.5, 12, 7, 16], "texture": "#texture" }, "up": { "uv": [10, 11.5, 13, 12], "texture": "#texture" }, "down": { "uv": [10, 11.5, 13, 12], "texture": "#texture" } } }, { "name": "Box1", "from": [9.25087, -0.00035, 9.75067], "to": [15.25087, 7.99965, 10.75067], "rotation": { "angle": 45, "axis": "y", "origin": [15.25, 0, 10.75] }, "faces": { "north": { "uv": [13, 12, 16, 16], "texture": "#texture" }, "east": { "uv": [6.5, 12, 7, 16], "texture": "#texture" }, "south": { "uv": [13, 12, 16, 16], "texture": "#texture" }, "west": { "uv": [6.5, 12, 7, 16], "texture": "#texture" }, "up": { "uv": [13, 11.5, 16, 12], "texture": "#texture" }, "down": { "uv": [13, 11.5, 16, 12], "texture": "#texture" } } }, { "name": "Box1", "from": [14.25039, 0.00094, 4.75033], "to": [15.25039, 8.00095, 10.75033], "faces": { "north": { "uv": [6.5, 12, 7, 16], "texture": "#texture" }, "east": { "uv": [7, 12, 10, 16], "texture": "#texture" }, "south": { "uv": [6.5, 12, 7, 16], "texture": "#texture" }, "west": { "uv": [7, 12, 10, 16], "texture": "#texture" }, "up": { "uv": [10, 11.5, 13, 12], "rotation": 270, "texture": "#texture" }, "down": { "uv": [10, 11.5, 13, 12], "rotation": 90, "texture": "#texture" } } }, { "name": "Box1", "from": [10.00043, -0.00025, 0.50006], "to": [11.00043, 7.99975, 6.50006], "rotation": { "angle": 45, "axis": "y", "origin": [11, 0, 0.5] }, "faces": { "north": { "uv": [6.5, 12, 7, 16], "texture": "#texture" }, "east": { "uv": [10, 12, 13, 16], "texture": "#texture" }, "south": { "uv": [6.5, 12, 7, 16], "texture": "#texture" }, "west": { "uv": [10, 12, 13, 16], "texture": "#texture" }, "up": { "uv": [10, 11.5, 13, 12], "rotation": 270, "texture": "#texture" }, "down": { "uv": [10, 11.5, 13, 12], "rotation": 90, "texture": "#texture" } } }, { "name": "PlaneY12", "from": [0.50094, 1.00083, 0.50032], "to": [15.50094, 1.00183, 15.50032], "faces": { "up": { "uv": [8.5, 0, 16, 7.5], "rotation": 180, "texture": "#texture" }, "down": { "uv": [8.5, 0, 16, 7.5], "texture": "#texture" } } }, { "name": "Handle1", "from": [14.49954, 5.00035, 5.50004], "to": [16.49954, 6.00035, 6.50004], "rotation": { "angle": -45, "axis": "z", "origin": [14.5, 5, 5.5] }, "faces": { "north": { "uv": [1, 15.5, 2, 16], "texture": "#texture" }, "east": { "uv": [1.5, 15.5, 2, 16], "texture": "#texture" }, "south": { "uv": [1, 15.5, 2, 16], "texture": "#texture" }, "west": { "uv": [1, 15.5, 1.5, 16], "texture": "#texture" }, "up": { "uv": [2, 16, 1, 15.5], "texture": "#texture" }, "down": { "uv": [2, 15.5, 1, 16], "texture": "#texture" } } }, { "name": "Handle2", "from": [14.50076, 4.99928, 9.50069], "to": [16.50076, 5.99928, 10.50069], "rotation": { "angle": -45, "axis": "z", "origin": [14.5, 5, 5.5] }, "faces": { "north": { "uv": [1, 13.5, 2, 14], "texture": "#texture" }, "east": { "uv": [1.5, 13.5, 2, 14], "texture": "#texture" }, "south": { "uv": [1, 13.5, 2, 14], "texture": "#texture" }, "west": { "uv": [1, 13.5, 1.5, 14], "texture": "#texture" }, "up": { "uv": [2, 14, 1, 13.5], "texture": "#texture" }, "down": { "uv": [2, 13.5, 1, 14], "texture": "#texture" } } }, { "name": "Handle", "from": [16.4997, 4.99991, 5.49998], "to": [17.4997, 5.99991, 10.49998], "rotation": { "angle": -45, "axis": "z", "origin": [14.5, 5, 5.5] }, "faces": { "north": { "uv": [0.5, 15.5, 1, 16], "texture": "#texture" }, "east": { "uv": [0, 13.5, 0.5, 16], "rotation": 90, "texture": "#texture" }, "south": { "uv": [0.5, 13.5, 1, 14], "texture": "#texture" }, "west": { "uv": [0, 13.5, 0.5, 16], "rotation": 90, "texture": "#texture" }, "up": { "uv": [1, 13.5, 0.5, 16], "texture": "#texture" }, "down": { "uv": [1, 13.5, 0.5, 16], "texture": "#texture" } } }, { "name": "Handle", "from": [-1.00026, 3.49951, 5.00099], "to": [-0.00026, 4.49951, 10.00099], "rotation": { "angle": 45, "axis": "z", "origin": [0, 3.5, 10] }, "faces": { "north": { "uv": [0.5, 13.5, 1, 14], "texture": "#texture" }, "east": { "uv": [0, 13.5, 0.5, 16], "rotation": 90, "texture": "#texture" }, "south": { "uv": [0.5, 15.5, 1, 16], "texture": "#texture" }, "west": { "uv": [0, 13.5, 0.5, 16], "rotation": 90, "texture": "#texture" }, "up": { "uv": [1, 13.5, 0.5, 16], "rotation": 180, "texture": "#texture" }, "down": { "uv": [1, 13.5, 0.5, 16], "rotation": 180, "texture": "#texture" } } }, { "name": "Handle1", "from": [0.00092, 3.50018, 8.99938], "to": [2.00092, 4.50018, 9.99938], "rotation": { "angle": 45, "axis": "z", "origin": [0, 3.5, 10] }, "faces": { "north": { "uv": [1, 15.5, 2, 16], "texture": "#texture" }, "east": { "uv": [1, 15.5, 1.5, 16], "texture": "#texture" }, "south": { "uv": [1, 15.5, 2, 16], "texture": "#texture" }, "west": { "uv": [1.5, 15.5, 2, 16], "texture": "#texture" }, "up": { "uv": [2, 16, 1, 15.5], "rotation": 180, "texture": "#texture" }, "down": { "uv": [2, 15.5, 1, 16], "rotation": 180, "texture": "#texture" } } }, { "name": "Handle2", "from": [0.00072, 3.50085, 4.99954], "to": [2.00072, 4.50085, 5.99954], "rotation": { "angle": 45, "axis": "z", "origin": [0, 3.5, 10] }, "faces": { "north": { "uv": [1, 13.5, 2, 14], "texture": "#texture" }, "east": { "uv": [1, 13.5, 1.5, 14], "texture": "#texture" }, "south": { "uv": [1, 13.5, 2, 14], "texture": "#texture" }, "west": { "uv": [1.5, 13.5, 2, 14], "texture": "#texture" }, "up": { "uv": [2, 14, 1, 13.5], "rotation": 180, "texture": "#texture" }, "down": { "uv": [2, 13.5, 1, 14], "rotation": 180, "texture": "#texture" } } }], "display": { "thirdperson_righthand": { "translation": [0, 3.3505, 0], "scale": [0.5, 0.5, 0.5] }, "thirdperson_lefthand": { "translation": [0, 3.3505, 0], "scale": [0.5, 0.5, 0.5] }, "ground": { "translation": [0, 4, 0], "scale": [0.6, 0.6, 0.6] }, "gui": { "rotation": [23, -15, 0], "translation": [0, 1.4538, 0], "scale": [0.5, 0.5, 0.5] }, "head": { "translation": [0, -29.6, 0], "scale": [1.65, 1.65, 1.65] } } }