{ "credit": "Model by Elsweyr, forked by HypariaMC", "textures": { "texture": "hyparia:furniture/deer", "rope_hanging": "hyparia:furniture/rope_hanging" }, "elements": [{ "__comment": "Chest", "from": [4, 9, -6], "to": [11, 17, 4], "faces": { "down": { "uv": [4.25, 0, 6, 2.5], "texture": "#texture" }, "up": { "uv": [2.5, 0, 4.25, 2.5], "texture": "#texture" }, "north": { "uv": [2.5, 2.5, 4.25, 4.5], "texture": "#texture" }, "south": { "uv": [0.75, 0.5, 2.5, 2.5], "texture": "#texture" }, "west": { "uv": [4.25, 2.5, 6.75, 4.5], "texture": "#texture" }, "east": { "uv": [0, 2.5, 2.5, 4.5], "texture": "#texture" } } }, { "__comment": "Abdomen", "from": [4.5, 9.5, 4], "to": [10.5, 16.5, 12], "faces": { "down": { "uv": [10.25, 0, 11.75, 2], "texture": "#texture" }, "up": { "uv": [8.75, 0, 10.25, 2], "texture": "#texture" }, "north": { "uv": [8.75, 2, 10.25, 3.75], "texture": "#texture" }, "south": { "uv": [7.25, 0.25, 8.75, 2], "texture": "#texture" }, "west": { "uv": [10.25, 2, 12.25, 3.75], "texture": "#texture" }, "east": { "uv": [6.75, 2, 8.75, 3.75], "texture": "#texture" } } }, { "__comment": "Tail", "from": [6.5, 10, 13.5], "to": [8.5, 15, 14.5], "faces": { "down": { "uv": [6.75, 0, 7.25, 0.25], "texture": "#texture" }, "up": { "uv": [6.25, 0, 6.75, 0.25], "texture": "#texture" }, "north": { "uv": [6.25, 0.25, 6.75, 1.5], "texture": "#texture" }, "south": { "uv": [6.25, 0.25, 6.75, 1.5], "texture": "#texture" }, "west": { "uv": [6, 0.25, 6.25, 1.5], "texture": "#texture" }, "east": { "uv": [6.75, 0.25, 7, 1.5], "texture": "#texture" } } }, { "__comment": "Neck", "from": [5, 11.5833, -10.5833], "to": [10, 18.5833, -5.583299], "rotation": { "origin": [5, 18, -10], "axis": "x", "angle": -45 }, "faces": { "down": { "uv": [0.5, 5, 1.75, 6.25], "texture": "#texture" }, "up": { "uv": [1.75, 6.25, 3, 7.5], "texture": "#texture" }, "north": { "uv": [4.25, 6.25, 3, 4.5], "texture": "#texture" }, "south": { "uv": [1.75, 4.5, 3, 6.25], "texture": "#texture" }, "west": { "uv": [3, 6.25, 4.75, 7.5], "texture": "#texture", "rotation": 90 }, "east": { "uv": [0, 6.25, 1.75, 7.5], "texture": "#texture", "rotation": 270 } } }, { "__comment": "Head", "from": [4.5, 17.5, -12], "to": [10.5, 22.5, -6], "faces": { "down": { "uv": [3.25, 7.5, 4.75, 9.25], "texture": "#texture" }, "up": { "uv": [1.75, 7.5, 3.25, 9.25], "texture": "#texture" }, "north": { "uv": [1.75, 9.25, 3.25, 10.5], "texture": "#texture" }, "south": { "uv": [0.25, 8, 1.75, 9.25], "texture": "#texture" }, "west": { "uv": [3.25, 9.25, 5, 10.5], "texture": "#texture" }, "east": { "uv": [0, 9.25, 1.75, 10.5], "texture": "#texture" } } }, { "__comment": "Nose", "from": [6, 17.5, -15], "to": [9, 19.5, -10], "rotation": { "origin": [6, 17.5, -15], "axis": "x", "angle": -22.5 }, "faces": { "down": { "uv": [14.75, 0, 15.5, 1.25], "texture": "#texture" }, "up": { "uv": [14, 0, 14.75, 1.25], "texture": "#texture", "rotation": 180 }, "north": { "uv": [14, 1.25, 14.75, 1.75], "texture": "#texture" }, "south": { "uv": [14, 1.25, 14.75, 1.75], "texture": "#texture" }, "west": { "uv": [14.75, 1.25, 16, 1.75], "texture": "#texture" }, "east": { "uv": [12.75, 1.25, 14, 1.75], "texture": "#texture" } } }, { "__comment": "Face", "from": [6.01, 17.501, -15], "to": [8.959999, 19.501, -11], "faces": { "down": { "uv": [15, 1.75, 15.75, 2.75], "texture": "#texture" }, "up": { "uv": [14.25, 1.75, 15, 2.75], "texture": "#texture" }, "north": { "uv": [13.5, 2.25, 14.25, 2.75], "texture": "#texture" }, "south": { "uv": [14.25, 2.75, 15, 3.25], "texture": "#texture" }, "west": { "uv": [13.25, 2.75, 14.25, 3.25], "texture": "#texture" }, "east": { "uv": [15, 2.75, 16, 3.25], "texture": "#texture" } } }, { "__comment": "Back Thigh R", "from": [8.5, 7, 4.5], "to": [11.5, 13, 12.5], "rotation": { "origin": [8.5, 7, 12.5], "axis": "x", "angle": 22.5 }, "faces": { "down": { "uv": [0.75, 13.25, 0, 11.25], "texture": "#texture" }, "up": { "uv": [2.25, 11.25, 3, 13.25], "texture": "#texture" }, "north": { "uv": [2.25, 11.25, 0.75, 10.5], "texture": "#texture", "rotation": 90 }, "south": { "uv": [0.75, 13.25, 2.25, 14], "texture": "#texture", "rotation": 270 }, "west": { "uv": [0.75, 11.25, 2.25, 13.25], "texture": "#texture", "rotation": 270 }, "east": { "uv": [2.25, 11.25, 0.75, 13.25], "texture": "#texture", "rotation": 90 } } }, { "__comment": "Buttocks", "from": [5, 10.875, 9.5], "to": [10, 16.875, 12.5], "rotation": { "origin": [5, 10.875, 9.5], "axis": "x", "angle": 22.5 }, "faces": { "down": { "uv": [14, 3.25, 15.25, 4], "texture": "#texture" }, "up": { "uv": [14, 5.5, 15.25, 6.25], "texture": "#texture" }, "north": { "uv": [14, 4, 15.25, 5.5], "texture": "#texture" }, "south": { "uv": [14, 4, 15.25, 5.5], "texture": "#texture" }, "west": { "uv": [13.25, 4, 14, 5.5], "texture": "#texture" }, "east": { "uv": [15.25, 4, 16, 5.5], "texture": "#texture" } } }, { "__comment": "Front Shoulder R", "from": [10, 7, -8], "to": [12, 12, -1], "rotation": { "origin": [10, 12, -8], "axis": "x", "angle": -22.5 }, "faces": { "down": { "uv": [4.75, 11, 5.25, 12.75], "texture": "#texture" }, "up": { "uv": [3.5, 12.75, 3, 11], "texture": "#texture" }, "north": { "uv": [4.75, 13.25, 3.5, 12.75], "texture": "#texture", "rotation": 270 }, "south": { "uv": [3.5, 10.5, 4.75, 11], "texture": "#texture", "rotation": 90 }, "west": { "uv": [3.5, 11, 4.75, 12.75], "texture": "#texture", "rotation": 90 }, "east": { "uv": [4.75, 11, 3.5, 12.75], "texture": "#texture", "rotation": 270 } } }, { "__comment": "Back Joint R", "from": [9, 8.5, 13], "to": [11, 11.5, 16], "rotation": { "origin": [9, 8.5, 16], "axis": "x", "angle": 22.5 }, "faces": { "down": { "uv": [1.75, 15.5, 1.25, 14.75], "texture": "#texture" }, "up": { "uv": [0, 14.75, 0.5, 15.5], "texture": "#texture" }, "north": { "uv": [1.25, 14.75, 0.5, 14.25], "texture": "#texture" }, "south": { "uv": [0.5, 15.5, 1.25, 16], "texture": "#texture" }, "west": { "uv": [0.5, 14.75, 1.25, 15.5], "texture": "#texture", "rotation": 270 }, "east": { "uv": [1.25, 14.75, 0.5, 15.5], "texture": "#texture", "rotation": 90 } } }, { "__comment": "Back Leg R", "from": [7.5, 9, 15], "to": [9.5, 11, 19], "rotation": { "origin": [7.5, 9, 19], "axis": "y", "angle": -22.5 }, "faces": { "down": { "uv": [2.75, 16, 2.25, 15], "texture": "#texture" }, "up": { "uv": [3.25, 15, 3.75, 16], "texture": "#texture" }, "north": { "uv": [2.75, 15, 2.25, 14.5], "texture": "#texture" }, "south": { "uv": [2.75, 14.5, 3.25, 15], "texture": "#texture" }, "west": { "uv": [1.75, 15, 2.25, 16], "texture": "#texture", "rotation": 270 }, "east": { "uv": [2.75, 15, 3.25, 16], "texture": "#texture", "rotation": 90 } } }, { "__comment": "Front Leg R", "from": [10, 9.11, -12], "to": [11.89, 11, -6], "faces": { "down": { "uv": [5.25, 14.25, 5.75, 16], "texture": "#texture" }, "up": { "uv": [4.75, 16, 4.25, 14.25], "texture": "#texture" }, "north": { "uv": [5.25, 14.25, 4.75, 13.75], "texture": "#texture" }, "south": { "uv": [4.25, 13.75, 4.75, 14.25], "texture": "#texture" }, "west": { "uv": [4.75, 14.25, 5.25, 16], "texture": "#texture", "rotation": 90 }, "east": { "uv": [3.75, 14.25, 4.25, 16], "texture": "#texture", "rotation": 270 } } }, { "__comment": "Front Hoof R", "from": [10, 8.91, -14], "to": [12.09, 11, -12], "faces": { "down": { "uv": [7.25, 15.5, 7.75, 16], "texture": "#texture" }, "up": { "uv": [6.75, 16, 6.25, 15.5], "texture": "#texture" }, "north": { "uv": [7.25, 15.5, 6.75, 15], "texture": "#texture" }, "south": { "uv": [6.25, 15, 6.75, 15.5], "texture": "#texture" }, "west": { "uv": [6.75, 15.5, 7.25, 16], "texture": "#texture", "rotation": 90 }, "east": { "uv": [5.75, 15.5, 6.25, 16], "texture": "#texture", "rotation": 270 } } }, { "__comment": "Back Hoof R", "from": [7.5, 9, 19], "to": [9.59, 11.09, 21], "faces": { "down": { "uv": [6.75, 16, 6.25, 15.5], "texture": "#texture" }, "up": { "uv": [7.25, 15.5, 7.75, 16], "texture": "#texture" }, "north": { "uv": [6.75, 15.5, 6.25, 15], "texture": "#texture" }, "south": { "uv": [6.75, 15, 7.25, 15.5], "texture": "#texture" }, "west": { "uv": [6.75, 15.5, 7.25, 16], "texture": "#texture", "rotation": 270 }, "east": { "uv": [5.75, 15.5, 6.25, 16], "texture": "#texture", "rotation": 90 } } }, { "__comment": "Back Thigh L", "from": [3.5, 7, 4.5], "to": [6.5, 13, 12.5], "rotation": { "origin": [3.5, 7, 12.5], "axis": "x", "angle": 22.5 }, "faces": { "down": { "uv": [0.75, 13.25, 0, 11.25], "texture": "#texture" }, "up": { "uv": [2.25, 11.25, 3, 13.25], "texture": "#texture" }, "north": { "uv": [2.25, 11.25, 0.75, 10.5], "texture": "#texture", "rotation": 90 }, "south": { "uv": [0.75, 13.25, 2.25, 14], "texture": "#texture", "rotation": 270 }, "west": { "uv": [0.75, 11.25, 2.25, 13.25], "texture": "#texture", "rotation": 270 }, "east": { "uv": [2.25, 11.25, 0.75, 13.25], "texture": "#texture", "rotation": 90 } } }, { "__comment": "Back Joint L", "from": [4, 8.5, 13], "to": [6, 11.5, 16], "rotation": { "origin": [4, 8.5, 16], "axis": "x", "angle": 22.5 }, "faces": { "down": { "uv": [1.75, 15.5, 1.25, 14.75], "texture": "#texture" }, "up": { "uv": [0, 14.75, 0.5, 15.5], "texture": "#texture" }, "north": { "uv": [1.25, 14.75, 0.5, 14.25], "texture": "#texture" }, "south": { "uv": [0.5, 15.5, 1.25, 16], "texture": "#texture" }, "west": { "uv": [0.5, 14.75, 1.25, 15.5], "texture": "#texture", "rotation": 270 }, "east": { "uv": [1.25, 14.75, 0.5, 15.5], "texture": "#texture", "rotation": 90 } } }, { "__comment": "Back Leg L", "from": [5.5, 9, 16], "to": [7.5, 11, 20], "rotation": { "origin": [5.5, 9, 20], "axis": "y", "angle": 22.5 }, "faces": { "down": { "uv": [2.75, 16, 2.25, 15], "texture": "#texture" }, "up": { "uv": [3.25, 15, 3.75, 16], "texture": "#texture" }, "north": { "uv": [2.75, 15, 2.25, 14.5], "texture": "#texture" }, "south": { "uv": [2.75, 14.5, 3.25, 15], "texture": "#texture" }, "west": { "uv": [1.75, 15, 2.25, 16], "texture": "#texture", "rotation": 270 }, "east": { "uv": [2.75, 15, 3.25, 16], "texture": "#texture", "rotation": 90 } } }, { "__comment": "Back Hoof L", "from": [5.5, 9, 19], "to": [7.59, 11.09, 21], "faces": { "down": { "uv": [6.75, 16, 6.25, 15.5], "texture": "#texture" }, "up": { "uv": [7.25, 15.5, 7.75, 16], "texture": "#texture" }, "north": { "uv": [6.75, 15.5, 6.25, 15], "texture": "#texture" }, "south": { "uv": [6.75, 15, 7.25, 15.5], "texture": "#texture" }, "west": { "uv": [6.75, 15.5, 7.25, 16], "texture": "#texture", "rotation": 270 }, "east": { "uv": [5.75, 15.5, 6.25, 16], "texture": "#texture", "rotation": 90 } } }, { "__comment": "Front Shoulder L", "from": [3, 7, -8], "to": [5, 12, -1], "rotation": { "origin": [3, 12, -8], "axis": "x", "angle": -22.5 }, "faces": { "down": { "uv": [4.75, 11, 5.25, 12.75], "texture": "#texture" }, "up": { "uv": [3.5, 12.75, 3, 11], "texture": "#texture" }, "north": { "uv": [4.75, 13.25, 3.5, 12.75], "texture": "#texture", "rotation": 270 }, "south": { "uv": [3.5, 10.5, 4.75, 11], "texture": "#texture", "rotation": 90 }, "west": { "uv": [3.5, 11, 4.75, 12.75], "texture": "#texture", "rotation": 90 }, "east": { "uv": [4.75, 11, 3.5, 12.75], "texture": "#texture", "rotation": 270 } } }, { "__comment": "Front Leg L", "from": [3.125, 9.11, -12], "to": [5.015, 11, -6], "faces": { "down": { "uv": [5.25, 14.25, 5.75, 16], "texture": "#texture" }, "up": { "uv": [4.75, 16, 4.25, 14.25], "texture": "#texture" }, "north": { "uv": [5.25, 14.25, 4.75, 13.75], "texture": "#texture" }, "south": { "uv": [4.25, 13.75, 4.75, 14.25], "texture": "#texture" }, "west": { "uv": [4.75, 14.25, 5.25, 16], "texture": "#texture", "rotation": 90 }, "east": { "uv": [3.75, 14.25, 4.25, 16], "texture": "#texture", "rotation": 270 } } }, { "__comment": "Front Hoof L", "from": [3, 9.035, -14], "to": [5.09, 11.125, -12], "faces": { "down": { "uv": [7.25, 15.5, 7.75, 16], "texture": "#texture" }, "up": { "uv": [6.75, 16, 6.25, 15.5], "texture": "#texture" }, "north": { "uv": [7.25, 15.5, 6.75, 15], "texture": "#texture" }, "south": { "uv": [6.25, 15, 6.75, 15.5], "texture": "#texture" }, "west": { "uv": [6.75, 15.5, 7.25, 16], "texture": "#texture", "rotation": 90 }, "east": { "uv": [5.75, 15.5, 6.25, 16], "texture": "#texture", "rotation": 270 } } }, { "__comment": "Ear L", "from": [5, 20.5, -7.5], "to": [7, 24.5, -6.5], "rotation": { "origin": [5, 20.5, -7.5], "axis": "z", "angle": 45 }, "faces": { "down": { "uv": [8, 14.75, 8.5, 15], "texture": "#texture" }, "up": { "uv": [8.5, 15, 9, 14.75], "texture": "#texture" }, "north": { "uv": [8.5, 15, 9, 16], "texture": "#texture" }, "south": { "uv": [7.75, 15, 8.25, 16], "texture": "#texture" }, "west": { "uv": [9, 15, 9.25, 16], "texture": "#texture" }, "east": { "uv": [8.25, 15, 8.5, 16], "texture": "#texture" } } }, { "__comment": "Ear R", "from": [8.5, 22, -7.5], "to": [10.5, 26, -6.5], "rotation": { "origin": [8.5, 22, -7.5], "axis": "z", "angle": -45 }, "faces": { "down": { "uv": [8, 14.75, 8.5, 15], "texture": "#texture" }, "up": { "uv": [8.5, 15, 9, 14.75], "texture": "#texture" }, "north": { "uv": [8.5, 15, 9, 16], "texture": "#texture" }, "south": { "uv": [7.75, 15, 8.25, 16], "texture": "#texture" }, "west": { "uv": [9, 15, 9.25, 16], "texture": "#texture" }, "east": { "uv": [8.25, 15, 8.5, 16], "texture": "#texture" } } }, { "__comment": "Antler", "from": [7, 21.5, -9], "to": [8, 26.5, -8], "rotation": { "origin": [7, 21.5, -9], "axis": "z", "angle": 45 }, "faces": { "down": { "uv": [15.75, 14.5, 16, 14.75], "texture": "#texture" }, "up": { "uv": [15.75, 14.5, 16, 14.75], "texture": "#texture" }, "north": { "uv": [15.75, 14.75, 16, 16], "texture": "#texture" }, "south": { "uv": [15.75, 14.75, 16, 16], "texture": "#texture" }, "west": { "uv": [15.75, 14.75, 16, 16], "texture": "#texture" }, "east": { "uv": [15.75, 14.75, 16, 16], "texture": "#texture" } } }, { "__comment": "Antler1", "from": [7.5, 22, -9], "to": [8.5, 27, -8], "rotation": { "origin": [7.5, 22, -9], "axis": "z", "angle": -45 }, "faces": { "down": { "uv": [15.75, 14.5, 16, 14.75], "texture": "#texture" }, "up": { "uv": [15.75, 14.5, 16, 14.75], "texture": "#texture" }, "north": { "uv": [15.75, 14.75, 16, 16], "texture": "#texture" }, "south": { "uv": [15.75, 14.75, 16, 16], "texture": "#texture" }, "west": { "uv": [15.75, 14.75, 16, 16], "texture": "#texture" }, "east": { "uv": [15.75, 14.75, 16, 16], "texture": "#texture" } } }, { "__comment": "Antler2", "from": [0, 24.75, -9], "to": [4, 25.75, -8], "rotation": { "origin": [4, 24.75, -9], "axis": "z", "angle": -22.5 }, "faces": { "down": { "uv": [15.75, 16, 15.5, 15], "texture": "#texture", "rotation": 90 }, "up": { "uv": [15.5, 15, 15.75, 16], "texture": "#texture", "rotation": 270 }, "north": { "uv": [15.75, 16, 15.5, 15], "texture": "#texture", "rotation": 270 }, "south": { "uv": [15.75, 16, 15.5, 15], "texture": "#texture", "rotation": 90 }, "west": { "uv": [15.75, 15, 15.5, 14.75], "texture": "#texture", "rotation": 90 }, "east": { "uv": [15.5, 14.75, 15.75, 15], "texture": "#texture", "rotation": 270 } } }, { "__comment": "Antler3", "from": [11, 26.125, -9], "to": [15, 27.125, -8], "rotation": { "origin": [15, 26.125, -9], "axis": "z", "angle": 22.5 }, "faces": { "down": { "uv": [15.75, 16, 15.5, 15], "texture": "#texture", "rotation": 90 }, "up": { "uv": [15.5, 15, 15.75, 16], "texture": "#texture", "rotation": 270 }, "north": { "uv": [15.5, 15, 15.75, 16], "texture": "#texture", "rotation": 90 }, "south": { "uv": [15.5, 15, 15.75, 16], "texture": "#texture", "rotation": 270 }, "west": { "uv": [15.5, 14.75, 15.75, 15], "texture": "#texture", "rotation": 270 }, "east": { "uv": [15.75, 15, 15.5, 14.75], "texture": "#texture", "rotation": 90 } } }, { "__comment": "Antler4", "from": [0.25, 26.25, -9], "to": [1.25, 30.25, -8], "rotation": { "origin": [0.25, 26.25, -9], "axis": "z", "angle": 22.5 }, "faces": { "down": { "uv": [15.25, 14.75, 15.5, 15], "texture": "#texture" }, "up": { "uv": [15.25, 15, 15.5, 15.25], "texture": "#texture" }, "north": { "uv": [15.25, 15, 15.5, 16], "texture": "#texture" }, "south": { "uv": [15.25, 15, 15.5, 16], "texture": "#texture" }, "west": { "uv": [15.25, 15, 15.5, 16], "texture": "#texture" }, "east": { "uv": [15.25, 15, 15.5, 16], "texture": "#texture" } } }, { "__comment": "Antler5", "from": [14, 26.5, -9], "to": [15, 30.5, -8], "rotation": { "origin": [14, 26.5, -9], "axis": "z", "angle": -22.5 }, "faces": { "down": { "uv": [15.25, 14.75, 15.5, 15], "texture": "#texture" }, "up": { "uv": [15.25, 15, 15.5, 15.25], "texture": "#texture" }, "north": { "uv": [15.25, 15, 15.5, 16], "texture": "#texture" }, "south": { "uv": [15.25, 15, 15.5, 16], "texture": "#texture" }, "west": { "uv": [15.25, 15, 15.5, 16], "texture": "#texture" }, "east": { "uv": [15.25, 15, 15.5, 16], "texture": "#texture" } } }, { "__comment": "Antler6", "from": [10.5, 24.5, -9], "to": [11.5, 27.5, -8], "rotation": { "origin": [10.5, 24.5, -9], "axis": "x", "angle": -45 }, "faces": { "down": { "uv": [15, 15, 15.25, 15.25], "texture": "#texture" }, "up": { "uv": [15, 15.25, 15.25, 15.5], "texture": "#texture" }, "north": { "uv": [15, 15.25, 15.25, 16], "texture": "#texture" }, "south": { "uv": [15, 15.25, 15.25, 16], "texture": "#texture" }, "west": { "uv": [15, 15.25, 15.25, 16], "texture": "#texture" }, "east": { "uv": [15, 15.25, 15.25, 16], "texture": "#texture" } } }, { "__comment": "Antler7", "from": [3.875, 24.5, -9], "to": [4.875, 27.5, -8], "rotation": { "origin": [3.875, 24.5, -9], "axis": "x", "angle": -45 }, "faces": { "down": { "uv": [15, 15, 15.25, 15.25], "texture": "#texture" }, "up": { "uv": [15, 15.25, 15.25, 15.5], "texture": "#texture" }, "north": { "uv": [15, 15.25, 15.25, 16], "texture": "#texture" }, "south": { "uv": [15, 15.25, 15.25, 16], "texture": "#texture" }, "west": { "uv": [15, 15.25, 15.25, 16], "texture": "#texture" }, "east": { "uv": [15, 15.25, 15.25, 16], "texture": "#texture" } } }, { "__comment": "Rope Tie", "from": [4.5, 8, 17.5], "to": [10.5, 12, 19.5], "faces": { "down": { "uv": [13, 0, 16, 1], "texture": "#rope_hanging" }, "up": { "uv": [13, 0, 16, 1], "texture": "#rope_hanging" }, "north": { "uv": [13, 1, 16, 3], "texture": "#rope_hanging" }, "south": { "uv": [13, 1, 16, 3], "texture": "#rope_hanging" }, "west": { "uv": [12, 1, 13, 3], "texture": "#rope_hanging" }, "east": { "uv": [12, 1, 13, 3], "texture": "#rope_hanging" } } }, { "__comment": "Rope", "from": [7, 11, 19.5], "to": [8, 12, 31.5], "faces": { "down": { "uv": [0, 15, 6, 15.5], "texture": "#rope_hanging", "rotation": 270 }, "up": { "uv": [0, 15, 6, 15.5], "texture": "#rope_hanging", "rotation": 90 }, "north": { "uv": [0, 15, 0.5, 15.5], "texture": "#rope_hanging" }, "south": { "uv": [5.5, 15, 6, 15.5], "texture": "#rope_hanging" }, "west": { "uv": [0, 15, 6, 15.5], "texture": "#rope_hanging" }, "east": { "uv": [0, 15, 6, 15.5], "texture": "#rope_hanging" } } }], "display": { "thirdperson_righthand": { "scale": [0.25, 0.25, 0.25] }, "thirdperson_lefthand": { "scale": [0.25, 0.25, 0.25] }, "firstperson_righthand": { "translation": [0, -7.486, 18.839] }, "firstperson_lefthand": { "translation": [0, -7.486, 18.839] }, "gui": { "rotation": [93, 180, -48], "translation": [0.9809, 0.3463, 0], "scale": [0.25, 0.25, 0.25] }, "head": { "rotation": [-90, 0, 0], "translation": [0, -6.4, 7.913], "scale": [1.7, 1.7, 1.7] }, "ground": { "scale": [0.25, 0.25, 0.25] } } }