{ "credit": "Model by Elsweyr, forked by HypariaMC", "textures": { "particle": "hyparia:furniture/mat_reeds", "texture": "hyparia:furniture/mat_reeds" }, "elements": [{ "__comment": "Mat", "from": [0, 0, -7.5], "to": [16, 0.001, 24.5], "faces": { "down": { "uv": [2.5, 4.5, 4, 6], "texture": "#texture" }, "up": { "uv": [8, 0, 16, 15.5], "texture": "#texture" } } }, { "__comment": "Pillow", "from": [0, 0, 22.5], "to": [16, 2, 24.5], "rotation": { "origin": [0, 0, 22.5], "axis": "x", "angle": 0 }, "faces": { "down": { "uv": [0, 15, 8, 16], "texture": "#texture" }, "up": { "uv": [0, 15, 8, 16], "texture": "#texture" }, "north": { "uv": [0, 15, 8, 16], "texture": "#texture" }, "south": { "uv": [0, 15, 8, 16], "texture": "#texture" }, "west": { "uv": [0, 14, 1, 15], "texture": "#texture" }, "east": { "uv": [0, 14, 1, 15], "texture": "#texture" } } }], "display": { "thirdperson_righthand": { "translation": [0, 4.2309, 0], "scale": [0.5, 0.5, 0.5] }, "thirdperson_lefthand": { "translation": [0, 4.2309, 0], "scale": [0.5, 0.5, 0.5] }, "firstperson_righthand": { "translation": [0, 5.3179, 0], "scale": [0.5, 0.5, 0.5] }, "firstperson_lefthand": { "translation": [0, 5.3179, 0], "scale": [0.5, 0.5, 0.5] }, "gui": { "rotation": [36, 154, 0], "translation": [0, 2.0869, 0], "scale": [0.5, 0.5, 0.5] }, "head": { "translation": [0, -30, 0], "scale": [1.65, 1.65, 1.65] }, "ground": { "translation": [0, 3.6358, 0], "scale": [0.5, 0.5, 0.5] } } }