{ "credit": "Model by Elsweyr, forked by HypariaMC", "textures": { "particle": "hyparia:furniture/mirror", "texture": "hyparia:furniture/mirror" }, "elements": [{ "__comment": "Mirror", "from": [2, 4, 8], "to": [14, 28, 8.09], "faces": { "north": { "uv": [1, 2, 7, 14], "texture": "#texture" }, "south": { "uv": [10, 2, 16, 14], "texture": "#texture" } } }, { "__comment": "Side L", "from": [0, 4, 7], "to": [2, 28, 9], "faces": { "down": { "uv": [7, 14, 8, 15], "texture": "#texture" }, "up": { "uv": [7, 14, 8, 15], "texture": "#texture" }, "north": { "uv": [7, 2, 8, 14], "texture": "#texture" }, "south": { "uv": [0, 2, 1, 14], "texture": "#texture" }, "west": { "uv": [8, 2, 9, 14], "texture": "#texture" }, "east": { "uv": [8, 2, 9, 14], "texture": "#texture" } } }, { "__comment": "Side R", "from": [14, 4, 7], "to": [16, 28, 9], "faces": { "down": { "uv": [7, 14, 8, 15], "texture": "#texture" }, "up": { "uv": [7, 14, 8, 15], "texture": "#texture" }, "north": { "uv": [0, 2, 1, 14], "texture": "#texture" }, "south": { "uv": [7, 2, 8, 14], "texture": "#texture" }, "west": { "uv": [8, 2, 9, 14], "texture": "#texture" }, "east": { "uv": [8, 2, 9, 14], "texture": "#texture" } } }, { "__comment": "Bottom Support", "from": [2, 0, 7], "to": [14, 4, 9], "faces": { "down": { "uv": [10, 1, 16, 2], "texture": "#texture" }, "up": { "uv": [10, 1, 16, 2], "texture": "#texture" }, "north": { "uv": [10, 0, 16, 2], "texture": "#texture" }, "south": { "uv": [10, 0, 16, 2], "texture": "#texture" }, "west": { "uv": [9, 0, 10, 2], "texture": "#texture" }, "east": { "uv": [9, 0, 10, 2], "texture": "#texture" } } }, { "__comment": "Leg R", "from": [14, 0, 4], "to": [16, 4, 12], "faces": { "down": { "uv": [10, 16, 9, 12], "texture": "#texture" }, "up": { "uv": [10, 16, 9, 12], "texture": "#texture" }, "north": { "uv": [10, 14, 11, 16], "texture": "#texture" }, "south": { "uv": [10, 14, 11, 16], "texture": "#texture" }, "west": { "uv": [15, 14, 11, 16], "texture": "#texture" }, "east": { "uv": [15, 14, 11, 16], "texture": "#texture" } } }, { "__comment": "Leg L", "from": [0, 0, 4], "to": [2, 4, 12], "faces": { "down": { "uv": [10, 16, 9, 12], "texture": "#texture" }, "up": { "uv": [10, 16, 9, 12], "texture": "#texture" }, "north": { "uv": [10, 14, 11, 16], "texture": "#texture" }, "south": { "uv": [10, 14, 11, 16], "texture": "#texture" }, "west": { "uv": [11, 14, 15, 16], "texture": "#texture" }, "east": { "uv": [11, 14, 15, 16], "texture": "#texture" } } }, { "__comment": "Cube7", "from": [-1, 28, 7], "to": [17, 32, 9], "faces": { "down": { "uv": [0, 15, 9, 16], "texture": "#texture" }, "up": { "uv": [0, 15, 9, 16], "texture": "#texture" }, "north": { "uv": [0, 0, 9, 2], "texture": "#texture" }, "south": { "uv": [0, 0, 9, 2], "texture": "#texture" }, "west": { "uv": [9, 0, 10, 2], "texture": "#texture" }, "east": { "uv": [10, 0, 9, 2], "texture": "#texture" } } }], "display": { "thirdperson_righthand": { "scale": [0.25, 0.25, 0.25] }, "thirdperson_lefthand": { "scale": [0.25, 0.25, 0.25] }, "firstperson_righthand": { "translation": [1.0923, 0.8349, 0], "scale": [0.25, 0.25, 0.25] }, "firstperson_lefthand": { "translation": [3.9266, -1.79, 0], "scale": [0.5, 0.5, 0.5] }, "gui": { "rotation": [9, 139, 0], "translation": [0, -3.5, 0], "scale": [0.4, 0.4, 0.4] }, "head": { "translation": [0, -27.25, 0], "scale": [2, 2, 2] }, "ground": { "translation": [0, 3.8043, 0], "scale": [0.25, 0.25, 0.25] } } }