{ "credit": "Model by Elsweyr, forked by HypariaMC", "textures": { "particle": "hyparia:furniture/sack", "texture": "hyparia:furniture/sack" }, "elements": [{ "__comment": "Cube1", "from": [4, 0, 4], "to": [12, 8, 12], "faces": { "down": { "uv": [4, 8, 8, 12], "texture": "#texture" }, "up": { "uv": [4, 0, 8, 4], "texture": "#texture" }, "north": { "uv": [12, 4, 16, 8], "texture": "#texture" }, "south": { "uv": [4, 4, 8, 8], "texture": "#texture" }, "west": { "uv": [0, 4, 4, 8], "texture": "#texture" }, "east": { "uv": [8, 4, 12, 8], "texture": "#texture" } } }, { "__comment": "Cube2", "from": [6, 8, 6], "to": [10, 9, 10], "faces": { "down": { "uv": [8, 14, 10, 16], "texture": "#texture" }, "up": { "uv": [8, 14, 10, 16], "texture": "#texture" }, "north": { "uv": [6, 15.5, 8, 16], "texture": "#texture" }, "south": { "uv": [2, 15.5, 4, 16], "texture": "#texture" }, "west": { "uv": [0, 15.5, 2, 16], "texture": "#texture" }, "east": { "uv": [4, 15.5, 6, 16], "texture": "#texture" } } }, { "__comment": "Cube3", "from": [5.5, 9, 5.5], "to": [10.5, 10, 10.5], "faces": { "down": { "uv": [10, 9.5, 12.5, 12], "texture": "#texture" }, "up": { "uv": [10, 9.5, 12.5, 12], "texture": "#texture" }, "north": { "uv": [13.5, 12, 16, 12.5], "texture": "#texture" }, "south": { "uv": [10, 12, 12.5, 12.5], "texture": "#texture" }, "west": { "uv": [8, 12, 10.5, 12.5], "texture": "#texture" }, "east": { "uv": [11.5, 12, 14, 12.5], "texture": "#texture" } } }], "display": { "thirdperson_righthand": { "translation": [0, 1.3695, 0], "scale": [0.5, 0.5, 0.5] }, "thirdperson_lefthand": { "translation": [0, 1.3695, 0], "scale": [0.5, 0.5, 0.5] }, "firstperson_righthand": { "translation": [0, 3.1304, 0], "scale": [0.75, 0.75, 0.75] }, "firstperson_lefthand": { "translation": [0, 3.1304, 0], "scale": [0.75, 0.75, 0.75] }, "gui": { "rotation": [16, 64, 0], "translation": [0, 2.7065, 0], "scale": [0.9, 0.9, 0.9] }, "head": { "translation": [0, -30, 0], "scale": [1.65, 1.65, 1.65] }, "ground": { "translation": [0, 4.1739, 0], "scale": [0.5, 0.5, 0.5] } } }