{
	"credit": "Made with Blockbench",
	"textures": {
		"texture": "hyparia:furniture/candles",
		"flame": "hyparia:furniture/flame",
		"chamberstick": "hyparia:furniture/candle_chamberstick"
	},
	"elements": [
		{
			"name": "Candle",
			"from": [7, 0.1, 7],
			"to": [9, 5.1, 9],
			"faces": {
				"north": {"uv": [10, 2, 12, 7], "texture": "#texture"},
				"east": {"uv": [8, 2, 10, 7], "texture": "#texture"},
				"south": {"uv": [14, 2, 16, 7], "texture": "#texture"},
				"west": {"uv": [12, 2, 14, 7], "texture": "#texture"},
				"up": {"uv": [10, 0, 12, 2], "texture": "#texture"},
				"down": {"uv": [12, 0, 14, 2], "texture": "#texture"}
			}
		},
		{
			"name": "Flame 1",
			"from": [7, 5.1, 8],
			"to": [9, 7.1, 8.001],
			"faces": {
				"north": {"uv": [0, 0, 16, 16], "texture": "#flame"},
				"south": {"uv": [0, 0, 16, 16], "texture": "#flame"}
			}
		},
		{
			"name": "Flame 2",
			"from": [8, 5.1, 7],
			"to": [8.001, 7.1, 9],
			"faces": {
				"east": {"uv": [0, 0, 16, 16], "texture": "#flame"},
				"west": {"uv": [0, 0, 16, 16], "texture": "#flame"}
			}
		},
		{
			"name": "Base",
			"from": [6, 0, 6],
			"to": [10, 1, 10],
			"faces": {
				"north": {"uv": [8, 14, 16, 16], "texture": "#chamberstick"},
				"east": {"uv": [8, 14, 16, 16], "texture": "#chamberstick"},
				"south": {"uv": [8, 14, 16, 16], "texture": "#chamberstick"},
				"west": {"uv": [8, 14, 16, 16], "texture": "#chamberstick"},
				"up": {"uv": [8, 6, 16, 14], "texture": "#chamberstick"},
				"down": {"uv": [8, 6, 16, 14], "texture": "#chamberstick"}
			}
		},
		{
			"name": "Box6",
			"from": [5, 0, 7.5],
			"to": [6, 1, 8.5],
			"faces": {
				"north": {"uv": [15, 0, 16, 1], "texture": "#chamberstick"},
				"east": {"uv": [13, 2, 14, 3], "texture": "#chamberstick"},
				"south": {"uv": [15, 0, 16, 2], "texture": "#chamberstick"},
				"west": {"uv": [8, 14, 10, 16], "texture": "#chamberstick"},
				"up": {"uv": [10, 14, 12, 16], "texture": "#chamberstick"},
				"down": {"uv": [10, 14, 12, 16], "texture": "#chamberstick"}
			}
		}
	],
	"display": {
		"thirdperson_righthand": {
			"rotation": [90, -90, 0],
			"translation": [0, 2.4374, 8.3831]
		},
		"thirdperson_lefthand": {
			"rotation": [90, -90, 0],
			"translation": [0, 2.4374, 8.3831]
		},
		"firstperson_righthand": {
			"rotation": [0, 90, 0],
			"translation": [0, 8.2499, 0]
		},
		"firstperson_lefthand": {
			"rotation": [0, 90, 0],
			"translation": [0, 8.2499, 0]
		},
		"ground": {
			"translation": [0, 5.7554, 0]
		},
		"gui": {
			"rotation": [20, 149, 0],
			"translation": [0, 4.4483, 0]
		},
		"head": {
			"translation": [0, -30.03, 0],
			"scale": [1.65, 1.65, 1.65]
		}
	}
}