{
	"credit": "Made with Blockbench",
	"textures": {
		"texture": "hyparia:furniture/map_hanging"
	},
	"elements": [
		{
			"name": "PlaneZ1",
			"from": [-6.5, 0.5, 13],
			"to": [22.5, 22.5, 13.001],
			"faces": {
				"north": {"uv": [0, 0, 14.5, 11], "texture": "#texture"},
				"south": {"uv": [14.5, 0, 0, 11], "texture": "#texture"}
			}
		},
		{
			"name": "Box2",
			"from": [-8, 22, 13.125],
			"to": [24, 23, 14.125],
			"faces": {
				"north": {"uv": [0, 11, 16, 11.5], "texture": "#texture"},
				"east": {"uv": [0, 11.5, 0.5, 12], "texture": "#texture"},
				"south": {"uv": [0, 11, 16, 11.5], "texture": "#texture"},
				"west": {"uv": [0, 11.5, 0.5, 12], "texture": "#texture"},
				"up": {"uv": [0, 11, 16, 11.5], "rotation": 180, "texture": "#texture"},
				"down": {"uv": [0, 11, 16, 11.5], "texture": "#texture"}
			}
		},
		{
			"name": "PlaneZ3",
			"from": [-8, 23, 13.625],
			"to": [24, 29, 13.626],
			"faces": {
				"north": {"uv": [0, 13, 16, 16], "texture": "#texture"},
				"south": {"uv": [0, 13, 16, 16], "texture": "#texture"}
			}
		},
		{
			"name": "Box2",
			"from": [-8, 0, 13.125],
			"to": [24, 1, 14.125],
			"faces": {
				"north": {"uv": [0, 11, 16, 11.5], "texture": "#texture"},
				"east": {"uv": [0, 11.5, 0.5, 12], "texture": "#texture"},
				"south": {"uv": [0, 11, 16, 11.5], "texture": "#texture"},
				"west": {"uv": [0, 11.5, 0.5, 12], "texture": "#texture"},
				"up": {"uv": [0, 11, 16, 11.5], "rotation": 180, "texture": "#texture"},
				"down": {"uv": [0, 11, 16, 11.5], "texture": "#texture"}
			}
		}
	],
	"display": {
		"thirdperson_righthand": {
			"rotation": [90, -90, 0],
			"translation": [2.5872, -2.028, -5.406],
			"scale": [0.5, 0.5, 0.5]
		},
		"thirdperson_lefthand": {
			"rotation": [90, -90, 0],
			"translation": [2.5872, -2.028, -5.406],
			"scale": [0.5, 0.5, 0.5]
		},
		"firstperson_righthand": {
			"rotation": [0, 180, 0],
			"translation": [0, -3.252, 0],
			"scale": [0.5, 0.5, 0.5]
		},
		"firstperson_lefthand": {
			"rotation": [0, 180, 0],
			"translation": [0, -3.252, 0],
			"scale": [0.5, 0.5, 0.5]
		},
		"ground": {
			"translation": [0, 3.0326, 0],
			"scale": [0.25, 0.25, 0.25]
		},
		"gui": {
			"rotation": [11, 159, 0],
			"translation": [0.0788, -1.883, 0],
			"scale": [0.25, 0.25, 0.25]
		},
		"head": {
			"translation": [0, 0, -3.766],
			"scale": [1.65, 1.65, 1.65]
		},
		"fixed": {
			"translation": [0, 0, -10.44],
			"scale": [2, 2, 2]
		}
	}
}