{
	"credit": "Made with Blockbench",
	"textures": {
		"particle": "hyparia:furniture/plate",
		"texture": "hyparia:furniture/plate"
	},
	"elements": [
		{
			"name": "PlaneY1",
			"from": [3.5, 0, 3],
			"to": [13.5, 0.001, 13],
			"faces": {
				"up": {"uv": [3, 3, 13, 13], "texture": "#texture"},
				"down": {"uv": [3, 3, 13, 13], "texture": "#texture"}
			}
		}
	],
	"display": {
		"thirdperson_righthand": {
			"translation": [0, 8.2527, 0]
		},
		"thirdperson_lefthand": {
			"translation": [0, 8.2527, 0]
		},
		"firstperson_righthand": {
			"translation": [0, 8.8641, 0]
		},
		"firstperson_lefthand": {
			"translation": [0, 8.8641, 0]
		},
		"ground": {
			"translation": [0, 3.5678, 0],
			"scale": [0.5, 0.5, 0.5]
		},
		"gui": {
			"rotation": [74, 3, -36],
			"translation": [4.6059, 2.1195, 1.623]
		},
		"head": {
			"rotation": [0, 180, 0],
			"translation": [0, -27, 0],
			"scale": [2, 2, 2]
		}
	}
}