{
	"credit": "Made with Blockbench",
	"textures": {
		"texture": "hyparia:furniture/sign_stable"
	},
	"elements": [
		{
			"name": "Sign",
			"from": [-3.5, -5, 6.5],
			"to": [20.5, 21, 9.5],
			"faces": {
				"north": {"uv": [0, 3, 12, 16], "texture": "#texture"},
				"east": {"uv": [12, 3, 13.5, 16], "texture": "#texture"},
				"south": {"uv": [0, 3, 12, 16], "texture": "#texture"},
				"west": {"uv": [12, 3, 13.5, 16], "texture": "#texture"},
				"up": {"uv": [0, 1.5, 12, 3], "texture": "#texture"},
				"down": {"uv": [0, 1.5, 12, 3], "texture": "#texture"}
			}
		},
		{
			"name": "Chain NS 1",
			"from": [15, 21, 8],
			"to": [16.5, 30, 8.001],
			"faces": {
				"north": {"uv": [15.25, 11.5, 16, 16], "texture": "#texture"},
				"south": {"uv": [15.25, 11.5, 16, 16], "texture": "#texture"}
			}
		},
		{
			"name": "Chain NS 2",
			"from": [0, 21, 8],
			"to": [1.5, 30, 8.001],
			"faces": {
				"north": {"uv": [15.25, 11.5, 16, 16], "texture": "#texture"},
				"south": {"uv": [15.25, 11.5, 16, 16], "texture": "#texture"}
			}
		},
		{
			"name": "Chain WE 1",
			"from": [15.75, 21, 7.25],
			"to": [15.751, 30, 8.75],
			"faces": {
				"east": {"uv": [15.25, 11.5, 16, 16], "texture": "#texture"},
				"west": {"uv": [15.25, 11.5, 16, 16], "texture": "#texture"}
			}
		},
		{
			"name": "Chain WE 2",
			"from": [0.75, 21, 7.25],
			"to": [0.751, 30, 8.75],
			"faces": {
				"east": {"uv": [15.25, 11.5, 16, 16], "texture": "#texture"},
				"west": {"uv": [15.25, 11.5, 16, 16], "texture": "#texture"}
			}
		}
	],
	"display": {
		"thirdperson_righthand": {
			"scale": [0.25, 0.25, 0.25]
		},
		"thirdperson_lefthand": {
			"scale": [0.25, 0.25, 0.25]
		},
		"firstperson_righthand": {
			"translation": [7.4701, -8.288, 0]
		},
		"firstperson_lefthand": {
			"translation": [7.4701, -8.288, 0]
		},
		"ground": {
			"translation": [0, 2.9236, 0],
			"scale": [0.25, 0.25, 0.25]
		},
		"gui": {
			"rotation": [15, -21, 0],
			"translation": [-0.733, -1.632, 0],
			"scale": [0.45, 0.45, 0.45]
		},
		"head": {
			"translation": [-1.263, -22.87, 0],
			"scale": [1.75, 1.75, 1.75]
		}
	}
}