{ "credit": "Heliosard", "texture_size": [64, 32], "textures": { "1": "hyparia:furniture/skeleton" }, "elements": [{ "name": "rightArm", "from": [2.07408, 5.97112, 13.06141], "to": [3.61408, 10.81112, 14.60141], "shade": false, "rotation": { "angle": -22.5, "axis": "z", "origin": [3.71522, 6.34496, 13.80563] }, "faces": { "north": { "uv": [0.5, 9, 0, 12], "texture": "#1" }, "east": { "uv": [0.5, 9, 0, 12], "texture": "#1" }, "south": { "uv": [0.5, 9, 0, 12], "texture": "#1" }, "west": { "uv": [0.5, 9, 0, 12], "texture": "#1" }, "up": { "uv": [1, 8, 0.5, 9], "texture": "#1" }, "down": { "uv": [1.5, 8, 1, 9], "texture": "#1" } } }, { "name": "rightArm", "from": [12.17922, 5.97112, 13.06141], "to": [13.71922, 10.81112, 14.60141], "shade": false, "rotation": { "angle": 22.5, "axis": "z", "origin": [12.07808, 6.34496, 13.80563] }, "faces": { "north": { "uv": [0, 9, 0.5, 12], "texture": "#1" }, "east": { "uv": [0, 9, 0.5, 12], "texture": "#1" }, "south": { "uv": [0, 9, 0.5, 12], "texture": "#1" }, "west": { "uv": [0, 9, 0.5, 12], "texture": "#1" }, "up": { "uv": [0.5, 8, 1, 9], "texture": "#1" }, "down": { "uv": [1, 8, 1.5, 9], "texture": "#1" } } }, { "name": "rightArm", "from": [11.86648, 0.54799, 6.63574], "to": [13.40648, 2.08799, 11.47574], "shade": false, "rotation": { "angle": -45, "axis": "y", "origin": [13.18648, 2.85799, 7.95574] }, "faces": { "north": { "uv": [1, 8, 1.5, 9], "rotation": 90, "texture": "#1" }, "east": { "uv": [0, 9, 0.5, 12], "rotation": 270, "texture": "#1" }, "south": { "uv": [0.5, 8, 1, 9], "rotation": 90, "texture": "#1" }, "west": { "uv": [0, 9, 0.5, 12], "rotation": 90, "texture": "#1" }, "up": { "uv": [0, 9, 0.5, 12], "rotation": 180, "texture": "#1" }, "down": { "uv": [0, 9, 0.5, 12], "texture": "#1" } } }, { "name": "rightArm", "from": [6.91648, 2.19799, 6.63574], "to": [8.45648, 3.73799, 11.47574], "shade": false, "rotation": { "angle": 45, "axis": "x", "origin": [12.63648, 4.50799, 7.95574] }, "faces": { "north": { "uv": [1, 8, 1.5, 9], "rotation": 90, "texture": "#1" }, "east": { "uv": [0, 9, 0.5, 12], "rotation": 270, "texture": "#1" }, "south": { "uv": [0.5, 8, 1, 9], "rotation": 90, "texture": "#1" }, "west": { "uv": [0, 9, 0.5, 12], "rotation": 90, "texture": "#1" }, "up": { "uv": [0, 9, 0.5, 12], "rotation": 180, "texture": "#1" }, "down": { "uv": [0, 9, 0.5, 12], "texture": "#1" } } }, { "name": "rightArm", "from": [6.91648, 3.1001, 2.30504], "to": [8.45648, 4.6401, 7.14504], "shade": false, "rotation": { "angle": -45, "axis": "x", "origin": [12.63648, 2.3301, 5.82504] }, "faces": { "north": { "uv": [0.5, 8, 1, 9], "rotation": 270, "texture": "#1" }, "east": { "uv": [0, 9, 0.5, 12], "rotation": 90, "texture": "#1" }, "south": { "uv": [1, 8, 1.5, 9], "rotation": 270, "texture": "#1" }, "west": { "uv": [0, 9, 0.5, 12], "rotation": 270, "texture": "#1" }, "up": { "uv": [0, 9, 0.5, 12], "texture": "#1" }, "down": { "uv": [0, 9, 0.5, 12], "rotation": 180, "texture": "#1" } } }, { "name": "rightArm", "from": [13.01043, 0.54799, 1.78792], "to": [14.55043, 2.08799, 6.62792], "shade": false, "rotation": { "angle": 0, "axis": "y", "origin": [13.50543, 2.03299, 4.75792] }, "faces": { "north": { "uv": [0.5, 8, 1, 9], "rotation": 90, "texture": "#1" }, "east": { "uv": [0, 9, 0.5, 12], "rotation": 90, "texture": "#1" }, "south": { "uv": [1, 8, 1.5, 9], "rotation": 90, "texture": "#1" }, "west": { "uv": [0, 9, 0.5, 12], "rotation": 270, "texture": "#1" }, "up": { "uv": [0, 9, 0.5, 12], "texture": "#1" }, "down": { "uv": [0, 9, 0.5, 12], "rotation": 180, "texture": "#1" } } }, { "name": "rightArm", "from": [2.05594, 1.67715, 12.0767], "to": [3.59594, 6.51715, 13.6167], "shade": false, "rotation": { "angle": 22.5, "axis": "x", "origin": [7.94137, 4.09715, 12.8467] }, "faces": { "north": { "uv": [0, 12, 0.5, 9], "texture": "#1" }, "east": { "uv": [0, 12, 0.5, 9], "texture": "#1" }, "south": { "uv": [0, 12, 0.5, 9], "texture": "#1" }, "west": { "uv": [0, 12, 0.5, 9], "texture": "#1" }, "up": { "uv": [1, 9, 1.5, 8], "texture": "#1" }, "down": { "uv": [0.5, 9, 1, 8], "texture": "#1" } } }, { "name": "rightArm", "from": [12.28679, 1.67715, 12.0767], "to": [13.82679, 6.51715, 13.6167], "shade": false, "rotation": { "angle": 22.5, "axis": "x", "origin": [7.94137, 4.09715, 12.8467] }, "faces": { "north": { "uv": [0.5, 12, 0, 9], "texture": "#1" }, "east": { "uv": [0.5, 12, 0, 9], "texture": "#1" }, "south": { "uv": [0.5, 12, 0, 9], "texture": "#1" }, "west": { "uv": [0.5, 12, 0, 9], "texture": "#1" }, "up": { "uv": [1.5, 9, 1, 8], "texture": "#1" }, "down": { "uv": [1, 9, 0.5, 8], "texture": "#1" } } }, { "name": "rightArm", "from": [1.47364, 0.78862, 8.00829], "to": [4.11364, 1.77862, 11.47329], "shade": false, "rotation": { "angle": -22.5, "axis": "x", "origin": [3.06864, 2.44802, 10.42829] }, "faces": { "north": { "uv": [5, 10, 5.25, 12.5], "rotation": 90, "texture": "#1" }, "east": { "uv": [5, 11, 6.25, 11.5], "rotation": 180, "texture": "#1" }, "south": { "uv": [0.5, 8, 1, 9], "texture": "#1" }, "west": { "uv": [5, 11, 6.25, 11.5], "texture": "#1" }, "up": { "uv": [5, 10, 6.25, 12.5], "rotation": 90, "texture": "#1" }, "down": { "uv": [5, 10, 6.25, 12.5], "rotation": 270, "texture": "#1" } } }, { "name": "rightArm", "from": [11.67966, 0.78862, 8.00829], "to": [14.31966, 1.77862, 11.47329], "shade": false, "rotation": { "angle": -22.5, "axis": "x", "origin": [12.72466, 2.44802, 10.42829] }, "faces": { "north": { "uv": [5, 12.5, 5.25, 10], "rotation": 90, "texture": "#1" }, "east": { "uv": [6.25, 11, 5, 11.5], "texture": "#1" }, "south": { "uv": [1, 8, 0.5, 9], "texture": "#1" }, "west": { "uv": [6.25, 11, 5, 11.5], "rotation": 180, "texture": "#1" }, "up": { "uv": [5, 12.5, 6.25, 10], "rotation": 90, "texture": "#1" }, "down": { "uv": [5, 12.5, 6.25, 10], "rotation": 270, "texture": "#1" } } }, { "name": "rightArm", "from": [6.69864, -0.00201, -2.33859], "to": [9.33864, 0.98799, 2.22641], "shade": false, "rotation": { "angle": -22.5, "axis": "y", "origin": [8.29364, 2.72302, 1.18141] }, "faces": { "north": { "uv": [5, 10, 5.25, 12.5], "rotation": 90, "texture": "#1" }, "east": { "uv": [5, 11, 6.25, 11.5], "rotation": 180, "texture": "#1" }, "south": { "uv": [0.5, 8, 1, 9], "texture": "#1" }, "west": { "uv": [5, 11, 6.25, 11.5], "texture": "#1" }, "up": { "uv": [5, 10, 6.25, 12.5], "rotation": 90, "texture": "#1" }, "down": { "uv": [5, 10, 6.25, 12.5], "rotation": 270, "texture": "#1" } } }, { "name": "rightArm", "from": [12.85611, -0.00201, 0.27391], "to": [17.42111, 2.63799, 1.26391], "shade": false, "rotation": { "angle": 22.5, "axis": "y", "origin": [14.58861, 1.31799, 0.76891] }, "faces": { "north": { "uv": [5, 10, 6.25, 12.5], "texture": "#1" }, "east": { "uv": [5, 10, 5.25, 12.5], "texture": "#1" }, "south": { "uv": [5, 10, 6.25, 12.5], "rotation": 180, "texture": "#1" }, "west": { "uv": [0.5, 8, 1, 9], "rotation": 90, "texture": "#1" }, "up": { "uv": [5, 11, 6.25, 11.5], "rotation": 180, "texture": "#1" }, "down": { "uv": [5, 11, 6.25, 11.5], "rotation": 180, "texture": "#1" } } }, { "name": "head", "from": [6.03895, 11.9351, 11.49179], "to": [12.19895, 18.0951, 17.65179], "shade": false, "rotation": { "angle": -22.5, "axis": "z", "origin": [9.11895, 13.90436, 14.79027] }, "faces": { "north": { "uv": [2, 4, 4, 8], "texture": "#1" }, "east": { "uv": [0, 4, 2, 8], "texture": "#1" }, "south": { "uv": [6, 4, 8, 8], "texture": "#1" }, "west": { "uv": [4, 4, 6, 8], "texture": "#1" }, "up": { "uv": [2, 0, 4, 4], "texture": "#1" }, "down": { "uv": [0, 9, 2, 13], "texture": "#1" } } }, { "name": "body", "from": [4.81665, 4.94799, 12.29141], "to": [10.97665, 11.10799, 15.37141], "shade": false, "rotation": { "angle": 0, "axis": "y", "origin": [14.05665, 13.08799, 16.91141] }, "faces": { "north": { "uv": [5, 10, 7, 14], "texture": "#1" }, "east": { "uv": [4, 10, 5, 14], "texture": "#1" }, "south": { "uv": [8, 10, 10, 14], "texture": "#1" }, "west": { "uv": [7, 10, 8, 14], "texture": "#1" }, "up": { "uv": [10, 8, 12, 10], "texture": "#1" }, "down": { "uv": [5, 8, 7, 10], "texture": "#1" } } }, { "name": "body", "from": [7.11977, 2.09487, 14.59454], "to": [8.67352, 4.95487, 15.45391], "shade": false, "rotation": { "angle": 0, "axis": "y", "origin": [14.05665, 13.08799, 16.91141] }, "faces": { "north": { "uv": [8.75, 10, 9.25, 12], "texture": "#1" }, "east": { "uv": [8.75, 10, 9, 12], "texture": "#1" }, "south": { "uv": [8.75, 10, 9.25, 12], "texture": "#1" }, "west": { "uv": [8.75, 10, 9, 12], "texture": "#1" }, "up": { "uv": [8.75, 10, 9.25, 10.5], "texture": "#1" }, "down": { "uv": [8.75, 10, 9.25, 10.5], "texture": "#1" } } }, { "name": "body", "from": [7.11977, 4.98237, 14.59454], "to": [8.67352, 11.10799, 15.47454], "shade": false, "rotation": { "angle": 0, "axis": "y", "origin": [14.05665, 13.08799, 16.91141] }, "faces": { "north": { "uv": [8.75, 10, 9.25, 14.5], "texture": "#1" }, "east": { "uv": [8.75, 10, 9, 14.5], "texture": "#1" }, "south": { "uv": [8.75, 10, 9.25, 14.5], "texture": "#1" }, "west": { "uv": [8.75, 10, 9, 14.5], "texture": "#1" }, "up": { "uv": [8.75, 10, 9.25, 10.5], "texture": "#1" }, "down": { "uv": [8.75, 10, 9.25, 10.5], "texture": "#1" } } }, { "name": "body", "from": [8.34208, 10.5558, 14.62032], "to": [9.89583, 16.68143, 15.50032], "shade": false, "rotation": { "angle": -22.5, "axis": "z", "origin": [9.11895, 13.90436, 14.79027] }, "faces": { "north": { "uv": [8.75, 10, 9.25, 14.5], "texture": "#1" }, "east": { "uv": [8.75, 10, 9, 14.5], "texture": "#1" }, "south": { "uv": [8.75, 10, 9.25, 14.5], "texture": "#1" }, "west": { "uv": [8.75, 10, 9, 14.5], "texture": "#1" }, "up": { "uv": [8.75, 10, 9.25, 10.5], "texture": "#1" }, "down": { "uv": [8.75, 10, 9.25, 10.5], "texture": "#1" } } }, { "name": "body", "from": [4.81665, -0.00201, 9.32141], "to": [10.97665, 3.07799, 13.28141], "shade": false, "rotation": { "angle": -22.5, "axis": "y", "origin": [7.89665, 1.53799, 11.85141] }, "faces": { "north": { "uv": [7, 8, 9, 10], "rotation": 180, "texture": "#1" }, "east": { "uv": [6.75, 14.5, 7.75, 16], "rotation": 180, "texture": "#1" }, "south": { "uv": [10, 8, 12, 10], "texture": "#1" }, "west": { "uv": [4, 14.5, 5, 16], "rotation": 180, "texture": "#1" }, "up": { "uv": [5, 14.5, 7, 16], "rotation": 180, "texture": "#1" }, "down": { "uv": [5, 14.5, 7, 16], "rotation": 180, "texture": "#1" } } }], "display": { "thirdperson_righthand": { "rotation": [75, 45, 0], "translation": [-3, 2.75, -1.75], "scale": [0.46094, 0.46094, 0.46094] }, "thirdperson_lefthand": { "rotation": [75, 45, 0], "translation": [-3, 2.75, -1.75], "scale": [0.46094, 0.46094, 0.46094] }, "firstperson_righthand": { "rotation": [8, 109.5, -7.75], "translation": [1.25, 1.75, 0], "scale": [0.4, 0.4, 0.4] }, "firstperson_lefthand": { "rotation": [8, 109.5, -7.75], "translation": [1.25, 1.75, 0], "scale": [0.4, 0.4, 0.4] }, "ground": { "translation": [0, 4, 0], "scale": [0.5, 0.5, 0.5] }, "gui": { "rotation": [28.25, 155.5, 0], "translation": [0.75, -0.25, 0], "scale": [0.5, 0.5, 0.5] }, "head": { "translation": [0, -30.4, 0], "scale": [1.6, 1.6, 1.6] }, "fixed": { "rotation": [-90, 0, 0], "translation": [0, 0, -15], "scale": [2, 2, 2] } }, "groups": [{ "name": "group", "origin": [8, 8, 8], "children": [{ "name": "Right Hand & Arm", "origin": [-0.1391, 14.4773, 12.5], "children": [0, 1, 2, 3, 4, 5, 6, 7, 8, 9, 10, 11] }, { "name": "Left Hand & Arm", "origin": [-0.1391, 14.4773, 12.5], "children": [] }, 12, 13, 14, 15, 16, 17] }] }