{ "credit": "Model by Elsweyr, forked by HypariaMC", "textures": { "texture": "hyparia:furniture/trough" }, "elements": [{ "__comment": "Side 1", "from": [-6, 0, 3.5], "to": [22, 8, 5.5], "rotation": { "origin": [-6, 0, 3.5], "axis": "x", "angle": -22.5 }, "faces": { "down": { "uv": [7, 13.5, 0, 14], "texture": "#texture" }, "up": { "uv": [0, 14, 7, 13.5], "texture": "#texture" }, "north": { "uv": [0, 14, 7, 16], "texture": "#texture" }, "south": { "uv": [0, 14, 7, 16], "texture": "#texture" }, "west": { "uv": [7, 14, 7.5, 16], "texture": "#texture" }, "east": { "uv": [7, 14, 7.5, 16], "texture": "#texture" } } }, { "__comment": "Leg R", "from": [20.01, 0, 2.5], "to": [22.01, 8, 14.5], "faces": { "down": { "uv": [13, 13.5, 16, 14], "texture": "#texture", "rotation": 90 }, "up": { "uv": [13, 13.5, 16, 14], "texture": "#texture", "rotation": 270 }, "north": { "uv": [12.5, 14, 13, 16], "texture": "#texture" }, "south": { "uv": [12.5, 14, 13, 16], "texture": "#texture" }, "west": { "uv": [13, 14, 16, 16], "texture": "#texture" }, "east": { "uv": [13, 14, 16, 16], "texture": "#texture" } } }, { "__comment": "Side 2", "from": [-6, 0.75, 11], "to": [22, 8.75, 13], "rotation": { "origin": [-6, 0.75, 11], "axis": "x", "angle": 22.5 }, "faces": { "down": { "uv": [0, 13.5, 7, 14], "texture": "#texture" }, "up": { "uv": [0, 13.5, 7, 14], "texture": "#texture" }, "north": { "uv": [0, 14, 7, 16], "texture": "#texture" }, "south": { "uv": [0, 14, 7, 16], "texture": "#texture" }, "west": { "uv": [7, 14, 7.5, 16], "texture": "#texture" }, "east": { "uv": [7, 14, 7.5, 16], "texture": "#texture" } } }, { "__comment": "Bottom", "from": [-5, 0, 4.5], "to": [21, 2, 11.5], "faces": { "down": { "uv": [0, 7, 1.75, 13.5], "texture": "#texture", "rotation": 90 }, "up": { "uv": [0, 7, 1.75, 13.5], "texture": "#texture", "rotation": 270 }, "north": { "uv": [1.75, 7, 2.25, 13.5], "texture": "#texture", "rotation": 270 }, "south": { "uv": [1.75, 7, 2.25, 13.5], "texture": "#texture", "rotation": 90 }, "west": { "uv": [0, 6.5, 1.75, 7], "texture": "#texture" }, "east": { "uv": [0, 6.5, 1.75, 7], "texture": "#texture" } } }, { "__comment": "Leg L", "from": [-6.01, 0, 2.5], "to": [-4.01, 8, 14.5], "faces": { "down": { "uv": [13, 13.5, 16, 14], "texture": "#texture", "rotation": 90 }, "up": { "uv": [13, 13.5, 16, 14], "texture": "#texture", "rotation": 270 }, "north": { "uv": [12.5, 14, 13, 16], "texture": "#texture" }, "south": { "uv": [12.5, 14, 13, 16], "texture": "#texture" }, "west": { "uv": [13, 14, 16, 16], "texture": "#texture" }, "east": { "uv": [13, 14, 16, 16], "texture": "#texture" } } }, { "__comment": "PlaneY8", "from": [-5.5, 5.5, 3.5], "to": [20.5, 5.501, 13.5], "faces": { "down": { "uv": [9.5, 0, 16, 2.5], "texture": "#texture" }, "up": { "uv": [9.5, 0, 16, 2.5], "texture": "#texture" } } }, { "__comment": "PlaneZ10", "from": [-5, 2.5, 5], "to": [20, 7.5, 5.001], "rotation": { "origin": [-5, 2.5, 5], "axis": "x", "angle": -22.5 }, "faces": { "north": { "uv": [16, 2.5, 9.75, 3.75], "texture": "#texture" }, "south": { "uv": [9.75, 2.5, 16, 3.75], "texture": "#texture" } } }, { "__comment": "PlaneZ10", "from": [-5, 2.5, 11.5], "to": [20, 7.5, 11.501], "rotation": { "origin": [-5, 2.5, 11.5], "axis": "x", "angle": 22.5 }, "faces": { "north": { "uv": [9.75, 2.5, 16, 3.75], "texture": "#texture" }, "south": { "uv": [16, 2.5, 9.75, 3.75], "texture": "#texture" } } }, { "__comment": "PlaneZ10", "from": [-5, 2.5, 10], "to": [20, 7.5, 10.001], "rotation": { "origin": [-5, 2.5, 10], "axis": "x", "angle": 22.5 }, "faces": { "north": { "uv": [16, 2.5, 9.75, 3.75], "texture": "#texture" }, "south": { "uv": [9.75, 2.5, 16, 3.75], "texture": "#texture" } } }, { "__comment": "PlaneZ10", "from": [-5, 2.5, 7], "to": [20, 7.5, 7.001], "rotation": { "origin": [-5, 2.5, 7], "axis": "x", "angle": -22.5 }, "faces": { "north": { "uv": [9.75, 2.5, 16, 3.75], "texture": "#texture" }, "south": { "uv": [16, 2.5, 9.75, 3.75], "texture": "#texture" } } }, { "__comment": "PlaneZ10", "from": [-5, 2.5, 7.5], "to": [20, 7.5, 7.501], "faces": { "north": { "uv": [16, 2.5, 9.75, 3.75], "texture": "#texture" }, "south": { "uv": [9.75, 2.5, 16, 3.75], "texture": "#texture" } } }, { "__comment": "PlaneZ10", "from": [-5, 2.5, 9.5], "to": [20, 7.5, 9.501], "faces": { "north": { "uv": [9.75, 2.5, 16, 3.75], "texture": "#texture" }, "south": { "uv": [16, 2.5, 9.75, 3.75], "texture": "#texture" } } }, { "__comment": "PlaneX16", "from": [-1, 2, 3.5], "to": [-0.999, 7, 13.5], "faces": { "west": { "uv": [13.5, 2.5, 16, 3.75], "texture": "#texture" }, "east": { "uv": [16, 2.5, 13.5, 3.75], "texture": "#texture" } } }, { "__comment": "PlaneX16", "from": [4.5, 2, 3.5], "to": [4.501, 7, 13.5], "faces": { "west": { "uv": [13.5, 2.5, 16, 3.75], "texture": "#texture" }, "east": { "uv": [16, 2.5, 13.5, 3.75], "texture": "#texture" } } }, { "__comment": "PlaneX16", "from": [11, 2, 3.5], "to": [11.001, 7, 13.5], "faces": { "west": { "uv": [13.5, 2.5, 16, 3.75], "texture": "#texture" }, "east": { "uv": [16, 2.5, 13.5, 3.75], "texture": "#texture" } } }, { "__comment": "PlaneX16", "from": [17, 2, 3.5], "to": [17.001, 7, 13.5], "faces": { "west": { "uv": [13.5, 2.5, 16, 3.75], "texture": "#texture" }, "east": { "uv": [16, 2.5, 13.5, 3.75], "texture": "#texture" } } }], "display": { "thirdperson_righthand": { "translation": [0, 1.0081, 0], "scale": [0.25, 0.25, 0.25] }, "thirdperson_lefthand": { "translation": [0, 1.0081, 0], "scale": [0.25, 0.25, 0.25] }, "firstperson_righthand": { "translation": [0, 1.5489, 0], "scale": [0.5, 0.5, 0.5] }, "firstperson_lefthand": { "translation": [0, 1.5489, 0], "scale": [0.5, 0.5, 0.5] }, "gui": { "rotation": [22, 16, 0], "translation": [0, 1.3668, 0], "scale": [0.4, 0.4, 0.4] }, "head": { "translation": [0, -31.2, 0], "scale": [1.5, 1.5, 1.5] }, "ground": { "translation": [0, 4, 0], "scale": [0.4, 0.4, 0.4] } } }