{"textures":{"0":"modelengine:entity/broom","1":"modelengine:entity/witch"},"elements":[{"name":"cube","from":[4.8698936,4.6511974,4.7462964],"to":[4.8698936,11.251198,10.746298],"rotation":{"angle":-22.5,"axis":"z","origin":[4.8698936,7.9511976,7.1462965]},"faces":{"down":{"uv":[0.0,0.0,0.0,1.25],"rotation":0,"texture":"#1","tintindex":0},"east":{"uv":[2.0,7.375,3.25,8.75],"rotation":0,"texture":"#1","tintindex":0},"north":{"uv":[0.0,0.0,0.0,1.375],"rotation":0,"texture":"#1","tintindex":0},"south":{"uv":[0.0,0.0,0.0,1.375],"rotation":0,"texture":"#1","tintindex":0},"up":{"uv":[0.0,1.25,0.0,0.0],"rotation":0,"texture":"#1","tintindex":0},"west":{"uv":[3.25,7.375,4.5,8.75],"rotation":0,"texture":"#1","tintindex":0}}},{"name":"cube","from":[7.932749,7.953704,2.7135475],"to":[9.132749,9.753704,4.5135474],"rotation":{"angle":-22.5,"axis":"x","origin":[8.532749,8.853704,4.2135477]},"faces":{"down":{"uv":[11.25,4.0,11.0,4.375],"rotation":0,"texture":"#1","tintindex":0},"east":{"uv":[10.875,10.625,11.25,11.0],"rotation":0,"texture":"#1","tintindex":0},"north":{"uv":[7.5,9.5,7.75,9.875],"rotation":0,"texture":"#1","tintindex":0},"south":{"uv":[1.75,9.625,2.0,10.0],"rotation":0,"texture":"#1","tintindex":0},"up":{"uv":[3.75,10.125,3.5,9.75],"rotation":0,"texture":"#1","tintindex":0},"west":{"uv":[11.0,0.0,11.375,0.375],"rotation":0,"texture":"#1","tintindex":0}}},{"name":"cube","from":[7.932749,8.6,4.1462965],"to":[9.132749,9.8,4.7462964],"rotation":{"angle":0.0,"axis":"x","origin":[8.532749,-1.6000004,5.9462967]},"faces":{"down":{"uv":[10.0,1.625,9.75,1.75],"rotation":0,"texture":"#1","tintindex":0},"east":{"uv":[10.5,7.25,10.625,7.5],"rotation":0,"texture":"#1","tintindex":0},"north":{"uv":[11.0,9.125,11.25,9.375],"rotation":0,"texture":"#1","tintindex":0},"south":{"uv":[11.0,9.375,11.25,9.625],"rotation":0,"texture":"#1","tintindex":0},"up":{"uv":[9.75,1.75,9.5,1.625],"rotation":0,"texture":"#1","tintindex":0},"west":{"uv":[11.0,11.0,11.125,11.25],"rotation":0,"texture":"#1","tintindex":0}}},{"name":"cube","from":[7.332749,8.0,3.5462964],"to":[9.732749,8.6,4.7462964],"rotation":{"angle":0.0,"axis":"x","origin":[8.532749,-1.6000004,5.9462967]},"faces":{"down":{"uv":[11.5,2.75,11.0,3.0],"rotation":0,"texture":"#1","tintindex":0},"east":{"uv":[9.75,4.375,10.0,4.5],"rotation":0,"texture":"#1","tintindex":0},"north":{"uv":[9.25,7.5,9.75,7.625],"rotation":0,"texture":"#1","tintindex":0},"south":{"uv":[9.375,6.625,9.875,6.75],"rotation":0,"texture":"#1","tintindex":0},"up":{"uv":[11.5,2.75,11.0,2.5],"rotation":0,"texture":"#1","tintindex":0},"west":{"uv":[9.875,6.625,10.125,6.75],"rotation":0,"texture":"#1","tintindex":0}}},{"name":"cube","from":[6.1327486,8.0,4.7462964],"to":[10.932749,11.0,9.546297],"rotation":{"angle":0.0,"axis":"x","origin":[8.532749,-1.6000004,5.9462967]},"faces":{"down":{"uv":[3.75,8.75,2.75,9.75],"rotation":0,"texture":"#1","tintindex":0},"east":{"uv":[7.5,10.0,8.5,10.625],"rotation":0,"texture":"#1","tintindex":0},"north":{"uv":[5.5,10.0,6.5,10.625],"rotation":0,"texture":"#1","tintindex":0},"south":{"uv":[10.0,9.375,11.0,10.0],"rotation":0,"texture":"#1","tintindex":0},"up":{"uv":[9.75,3.625,8.75,2.625],"rotation":0,"texture":"#1","tintindex":0},"west":{"uv":[10.0,10.0,11.0,10.625],"rotation":0,"texture":"#1","tintindex":0}}},{"name":"cube","from":[6.732749,6.8,4.7462964],"to":[10.332748,8.0,8.346296],"rotation":{"angle":0.0,"axis":"x","origin":[8.532749,-1.6000004,5.9462967]},"faces":{"down":{"uv":[5.5,10.125,4.75,10.875],"rotation":0,"texture":"#1","tintindex":0},"east":{"uv":[6.25,4.0,7.0,4.25],"rotation":0,"texture":"#1","tintindex":0},"north":{"uv":[5.5,4.0,6.25,4.25],"rotation":0,"texture":"#1","tintindex":0},"south":{"uv":[10.375,6.375,11.125,6.625],"rotation":0,"texture":"#1","tintindex":0},"up":{"uv":[8.75,2.5,8.0,1.75],"rotation":0,"texture":"#1","tintindex":0},"west":{"uv":[10.75,2.0,11.5,2.25],"rotation":0,"texture":"#1","tintindex":0}}},{"name":"cube","from":[7.332749,5.556842,4.379669],"to":[9.732749,6.7568417,5.5796695],"rotation":{"angle":22.5,"axis":"x","origin":[8.532749,5.556842,6.1796694]},"faces":{"down":{"uv":[11.5,3.75,11.0,4.0],"rotation":0,"texture":"#1","tintindex":0},"east":{"uv":[11.0,9.625,11.25,9.875],"rotation":0,"texture":"#1","tintindex":0},"north":{"uv":[11.0,3.0,11.5,3.25],"rotation":0,"texture":"#1","tintindex":0},"south":{"uv":[11.0,3.25,11.5,3.5],"rotation":0,"texture":"#1","tintindex":0},"up":{"uv":[11.5,3.75,11.0,3.5],"rotation":0,"texture":"#1","tintindex":0},"west":{"uv":[11.0,9.875,11.25,10.125],"rotation":0,"texture":"#1","tintindex":0}}},{"name":"cube","from":[5.8999996,8.15,7.1],"to":[6.5,10.55,8.9],"rotation":{"angle":-22.5,"axis":"y","origin":[6.2,9.8,8.0]},"faces":{"down":{"uv":[7.25,6.75,7.125,7.125],"rotation":0,"texture":"#1","tintindex":0},"east":{"uv":[8.75,4.5,9.125,5.0],"rotation":0,"texture":"#1","tintindex":0},"north":{"uv":[11.0,10.125,11.125,10.625],"rotation":0,"texture":"#1","tintindex":0},"south":{"uv":[10.875,11.0,11.0,11.5],"rotation":0,"texture":"#1","tintindex":0},"up":{"uv":[3.0,7.375,2.875,7.0],"rotation":0,"texture":"#1","tintindex":0},"west":{"uv":[2.375,10.75,2.75,11.25],"rotation":0,"texture":"#1","tintindex":0}}},{"name":"cube","from":[12.195604,4.6511974,4.7462964],"to":[12.195604,11.251198,10.746298],"rotation":{"angle":22.5,"axis":"z","origin":[12.195604,7.9511976,7.1462965]},"faces":{"down":{"uv":[0.0,0.0,0.0,1.25],"rotation":0,"texture":"#1","tintindex":0},"east":{"uv":[4.5,7.375,3.25,8.75],"rotation":0,"texture":"#1","tintindex":0},"north":{"uv":[0.0,0.0,0.0,1.375],"rotation":0,"texture":"#1","tintindex":0},"south":{"uv":[0.0,0.0,0.0,1.375],"rotation":0,"texture":"#1","tintindex":0},"up":{"uv":[0.0,1.25,0.0,0.0],"rotation":0,"texture":"#1","tintindex":0},"west":{"uv":[3.25,7.375,4.5,8.75],"rotation":0,"texture":"#1","tintindex":0}}},{"name":"cube","from":[10.565498,8.15,7.1],"to":[11.165498,10.55,8.9],"rotation":{"angle":22.5,"axis":"y","origin":[10.865498,9.8,8.0]},"faces":{"down":{"uv":[7.125,6.75,7.25,7.125],"rotation":0,"texture":"#1","tintindex":0},"east":{"uv":[2.75,10.75,2.375,11.25],"rotation":0,"texture":"#1","tintindex":0},"north":{"uv":[11.125,10.125,11.0,10.625],"rotation":0,"texture":"#1","tintindex":0},"south":{"uv":[11.0,11.0,10.875,11.5],"rotation":0,"texture":"#1","tintindex":0},"up":{"uv":[2.875,7.375,3.0,7.0],"rotation":0,"texture":"#1","tintindex":0},"west":{"uv":[9.125,4.5,8.75,5.0],"rotation":0,"texture":"#1","tintindex":0}}}],"display":{"head":{"translation":[0.0,-6.4,0.0],"rotation":[0.0,0.0,0.0],"scale":[3.8095,3.8095,3.8095]}}}