{"textures":{"0":"modelengine:entity/broom","1":"modelengine:entity/witch"},"elements":[{"name":"cube","from":[8.18376,6.5343876,6.4522643],"to":[9.38376,8.334389,9.452265],"rotation":{"angle":0.0,"axis":"x","origin":[5.78376,2.3343875,6.4522643]},"faces":{"down":{"uv":[5.25,10.875,5.0,11.5],"rotation":0,"texture":"#1","tintindex":0},"east":{"uv":[10.75,1.625,11.375,2.0],"rotation":0,"texture":"#1","tintindex":0},"north":{"uv":[11.0,8.375,11.25,8.75],"rotation":0,"texture":"#1","tintindex":0},"south":{"uv":[11.0,8.75,11.25,9.125],"rotation":0,"texture":"#1","tintindex":0},"up":{"uv":[5.0,11.5,4.75,10.875],"rotation":0,"texture":"#1","tintindex":0},"west":{"uv":[1.75,10.75,2.375,11.125],"rotation":0,"texture":"#1","tintindex":0}}},{"name":"cube","from":[6.98376,4.7343874,7.052264],"to":[8.18376,8.334389,10.652265],"rotation":{"angle":0.0,"axis":"x","origin":[5.78376,1.1343875,6.4522643]},"faces":{"down":{"uv":[9.125,10.75,8.875,11.5],"rotation":0,"texture":"#1","tintindex":0},"east":{"uv":[10.375,4.375,11.125,5.125],"rotation":0,"texture":"#1","tintindex":0},"north":{"uv":[1.0,10.625,1.25,11.375],"rotation":0,"texture":"#1","tintindex":0},"south":{"uv":[8.375,10.75,8.625,11.5],"rotation":0,"texture":"#1","tintindex":0},"up":{"uv":[8.875,11.5,8.625,10.75],"rotation":0,"texture":"#1","tintindex":0},"west":{"uv":[10.375,5.625,11.125,6.375],"rotation":0,"texture":"#1","tintindex":0}}},{"name":"cube","from":[8.18376,4.7343874,7.052264],"to":[9.983761,7.134388,10.652265],"rotation":{"angle":0.0,"axis":"x","origin":[5.78376,1.1343875,6.4522643]},"faces":{"down":{"uv":[10.375,10.625,10.0,11.375],"rotation":0,"texture":"#1","tintindex":0},"east":{"uv":[6.5,8.0,7.25,8.5],"rotation":0,"texture":"#1","tintindex":0},"north":{"uv":[9.125,10.75,9.5,11.25],"rotation":0,"texture":"#1","tintindex":0},"south":{"uv":[9.5,10.75,9.875,11.25],"rotation":0,"texture":"#1","tintindex":0},"up":{"uv":[8.375,11.375,8.0,10.625],"rotation":0,"texture":"#1","tintindex":0},"west":{"uv":[3.75,8.75,4.5,9.25],"rotation":0,"texture":"#1","tintindex":0}}}],"display":{"head":{"translation":[0.0,-6.4,0.0],"rotation":[0.0,0.0,0.0],"scale":[3.8095,3.8095,3.8095]}}}