{"textures":{"0":"modelengine:entity/broom","1":"modelengine:entity/witch"},"elements":[{"name":"cube","from":[6.8599997,3.7999997,8.0],"to":[9.26,8.0,11.6],"rotation":{"angle":0.0,"axis":"x","origin":[10.4,0.19999981,7.4]},"faces":{"down":{"uv":[5.5,10.625,6.0,11.375],"rotation":0,"texture":"#1","tintindex":0},"east":{"uv":[10.75,1.625,10.0,2.5],"rotation":0,"texture":"#1","tintindex":0},"north":{"uv":[11.0,3.375,10.5,4.25],"rotation":0,"texture":"#1","tintindex":0},"south":{"uv":[11.0,8.375,10.5,9.25],"rotation":0,"texture":"#1","tintindex":0},"up":{"uv":[4.25,11.375,4.75,10.625],"rotation":0,"texture":"#1","tintindex":0},"west":{"uv":[10.625,7.5,9.875,8.375],"rotation":0,"texture":"#1","tintindex":0}}},{"name":"cube","from":[6.8599997,3.7999997,6.8],"to":[9.26,5.0,8.0],"rotation":{"angle":0.0,"axis":"x","origin":[10.4,0.19999981,7.4]},"faces":{"down":{"uv":[1.25,11.0,1.75,11.25],"rotation":0,"texture":"#1","tintindex":0},"east":{"uv":[10.5,7.25,10.25,7.5],"rotation":0,"texture":"#1","tintindex":0},"north":{"uv":[7.5,4.0,7.0,4.25],"rotation":0,"texture":"#1","tintindex":0},"south":{"uv":[11.25,2.25,10.75,2.5],"rotation":0,"texture":"#1","tintindex":0},"up":{"uv":[11.0,0.625,11.5,0.375],"rotation":0,"texture":"#1","tintindex":0},"west":{"uv":[10.375,5.625,10.125,5.875],"rotation":0,"texture":"#1","tintindex":0}}}],"display":{"head":{"translation":[0.0,-6.4,0.0],"rotation":[0.0,0.0,0.0],"scale":[3.8095,3.8095,3.8095]}}}