{"textures":{"0":"modelengine:entity/broom","1":"modelengine:entity/witch"},"elements":[{"name":"cube","from":[8.0,2.6,6.2],"to":[10.4,9.8,9.8],"rotation":{"angle":0.0,"axis":"x","origin":[11.6,1.9999998,5.5999994]},"faces":{"down":{"uv":[0.0,10.625,0.5,11.375],"rotation":0,"texture":"#1","tintindex":0},"east":{"uv":[8.5,8.5,7.75,10.0],"rotation":0,"texture":"#1","tintindex":0},"north":{"uv":[7.0,9.5,6.5,11.0],"rotation":0,"texture":"#1","tintindex":0},"south":{"uv":[7.5,9.5,7.0,11.0],"rotation":0,"texture":"#1","tintindex":0},"up":{"uv":[10.5,0.75,11.0,0.0],"rotation":0,"texture":"#1","tintindex":0},"west":{"uv":[2.0,8.125,1.25,9.625],"rotation":0,"texture":"#1","tintindex":0}}}],"display":{"head":{"translation":[0.0,-6.4,0.0],"rotation":[0.0,0.0,0.0],"scale":[3.8095,3.8095,3.8095]}}}