{"textures":{"0":"modelengine:entity/broom","1":"modelengine:entity/witch"},"elements":[{"name":"cube","from":[7.4,5.940321,7.444804],"to":[8.0,9.540322,12.304805],"rotation":{"angle":0.0,"axis":"x","origin":[10.4,7.1403217,6.2448044]},"faces":{"down":{"uv":[10.0,10.75,9.875,11.75],"rotation":0,"texture":"#1","tintindex":0},"east":{"uv":[9.125,5.125,10.125,5.875],"rotation":0,"texture":"#1","tintindex":0},"north":{"uv":[6.75,11.0,6.875,11.75],"rotation":0,"texture":"#1","tintindex":0},"south":{"uv":[6.875,11.0,7.0,11.75],"rotation":0,"texture":"#1","tintindex":0},"up":{"uv":[3.0,7.0,2.875,6.0],"rotation":0,"texture":"#1","tintindex":0},"west":{"uv":[5.5,9.25,6.5,10.0],"rotation":0,"texture":"#1","tintindex":0}}}],"display":{"head":{"translation":[0.0,-6.4,0.0],"rotation":[0.0,0.0,0.0],"scale":[3.8095,3.8095,3.8095]}}}