{ "parent": "block/block", "textures": { "side": "hyparia:block/dropper/dropper_side", "top": "hyparia:block/dropper/dropper_top_arrow", "front": "hyparia:block/dropper/dropper_front", "back": "hyparia:block/dropper/dropper_back_indicator", "particle": "hyparia:block/dispenser/dispenser_back" }, "elements": [{ "from": [0, 0, 0], "to": [16, 16, 16], "faces": { "down": { "uv": [16, 16, 0, 0], "texture": "#top", "cullface": "down" }, "up": { "uv": [16, 0, 0, 16], "texture": "#top", "cullface": "up" }, "north": { "uv": [0, 0, 16, 16], "texture": "#front", "cullface": "north" }, "south": { "uv": [0, 0, 16, 16], "texture": "#back", "cullface": "south" }, "west": { "uv": [0, 0, 16, 16], "texture": "#side", "cullface": "west" }, "east": { "uv": [16, 0, 0, 16], "texture": "#side", "cullface": "east" } } }] }