{ "ambientocclusion": false, "textures": { "particle": "hyparia:block/hopper/hopper_back", "top": "hyparia:block/hopper/hopper_top", "side": "hyparia:block/hopper/hopper_back", "inside": "hyparia:block/hopper/hopper_inside" }, "elements": [{ "from": [0, 10, 0], "to": [16, 11, 16], "faces": { "down": { "texture": "#side" }, "up": { "texture": "#inside" }, "north": { "texture": "#side" }, "south": { "texture": "#side" }, "west": { "texture": "#side" }, "east": { "texture": "#side" } } }, { "from": [0, 11, 0], "to": [2, 16, 16], "faces": { "down": { "texture": "#side" }, "up": { "texture": "#top" }, "north": { "texture": "#side" }, "south": { "texture": "#side" }, "west": { "texture": "#side" }, "east": { "texture": "#side" } } }, { "from": [14, 11, 0], "to": [16, 16, 16], "faces": { "down": { "texture": "#side" }, "up": { "texture": "#top" }, "north": { "texture": "#side" }, "south": { "texture": "#side" }, "west": { "texture": "#side" }, "east": { "texture": "#side" } } }, { "from": [2, 11, 0], "to": [14, 16, 2], "faces": { "down": { "texture": "#side" }, "up": { "texture": "#top" }, "north": { "texture": "#side" }, "south": { "texture": "#side" }, "west": { "texture": "#side" }, "east": { "texture": "#side" } } }, { "from": [2, 11, 14], "to": [14, 16, 16], "faces": { "down": { "texture": "#side" }, "up": { "texture": "#top" }, "north": { "texture": "#side" }, "south": { "texture": "#side" }, "west": { "texture": "#side" }, "east": { "texture": "#side" } } }, { "from": [4, 4, 4], "to": [12, 10, 12], "faces": { "down": { "texture": "#side" }, "up": { "texture": "#side" }, "north": { "texture": "#side" }, "south": { "texture": "#side" }, "west": { "texture": "#side" }, "east": { "texture": "#side" } } }, { "from": [6, 0, 6], "to": [10, 4, 10], "faces": { "down": { "texture": "#side" }, "up": { "texture": "#side" }, "north": { "texture": "#side" }, "south": { "texture": "#side" }, "west": { "texture": "#side" }, "east": { "texture": "#side" } } }] }