{"textures":{"0":"modelengine:entity/pumpkinmonster","1":"modelengine:entity/pumpkinmonster_e"},"elements":[{"name":"cube","from":[6.8,3.264104,5.0550795],"to":[9.2,4.4641037,10.45508],"rotation":{"angle":-22.5,"axis":"x","origin":[8.0,6.264104,8.95508]},"faces":{"down":{"uv":[10.375,10.5,9.875,11.625],"rotation":0,"texture":"#0","tintindex":0},"east":{"uv":[4.125,6.875,5.25,7.125],"rotation":0,"texture":"#0","tintindex":0},"north":{"uv":[11.375,11.0,11.875,11.25],"rotation":0,"texture":"#0","tintindex":0},"south":{"uv":[0.0,11.5,0.5,11.75],"rotation":0,"texture":"#0","tintindex":0},"up":{"uv":[9.875,11.625,9.375,10.5],"rotation":0,"texture":"#0","tintindex":0},"west":{"uv":[10.75,8.75,11.875,9.0],"rotation":0,"texture":"#0","tintindex":0}}},{"name":"cube","from":[6.8,4.4641037,7.45508],"to":[9.2,8.064104,10.45508],"rotation":{"angle":-22.5,"axis":"x","origin":[8.0,6.264104,8.95508]},"faces":{"down":{"uv":[6.625,10.875,6.125,11.5],"rotation":0,"texture":"#0","tintindex":0},"east":{"uv":[4.375,10.625,5.0,11.375],"rotation":0,"texture":"#0","tintindex":0},"north":{"uv":[5.0,10.625,5.5,11.375],"rotation":0,"texture":"#0","tintindex":0},"south":{"uv":[10.75,0.5,11.25,1.25],"rotation":0,"texture":"#0","tintindex":0},"up":{"uv":[3.5,11.5,3.0,10.875],"rotation":0,"texture":"#0","tintindex":0},"west":{"uv":[10.625,7.375,11.25,8.125],"rotation":0,"texture":"#0","tintindex":0}}},{"name":"cube","from":[6.8,1.9999998,4.1],"to":[9.2,3.1999998,6.5],"rotation":{"angle":0.0,"axis":"x","origin":[8.0,5.0,9.2]},"faces":{"down":{"uv":[11.625,1.75,11.125,2.25],"rotation":0,"texture":"#0","tintindex":0},"east":{"uv":[11.5,0.25,12.0,0.5],"rotation":0,"texture":"#0","tintindex":0},"north":{"uv":[11.5,0.0,12.0,0.25],"rotation":0,"texture":"#0","tintindex":0},"south":{"uv":[0.5,11.5,1.0,11.75],"rotation":0,"texture":"#0","tintindex":0},"up":{"uv":[11.625,1.75,11.125,1.25],"rotation":0,"texture":"#0","tintindex":0},"west":{"uv":[11.5,0.5,12.0,0.75],"rotation":0,"texture":"#0","tintindex":0}}}],"display":{"head":{"translation":[0.0,-6.4,0.0],"rotation":[0.0,0.0,0.0],"scale":[3.8095,3.8095,3.8095]}}}