{"textures":{"0":"modelengine:entity/pumpkinmonster","1":"modelengine:entity/pumpkinmonster_e"},"elements":[{"name":"cube","from":[6.8,1.3999997,6.2],"to":[9.8,8.0,9.8],"rotation":{"angle":0.0,"axis":"x","origin":[9.8,7.4,6.2]},"faces":{"down":{"uv":[4.375,10.625,3.75,11.375],"rotation":0,"texture":"#0","tintindex":0},"east":{"uv":[7.625,8.125,8.375,9.5],"rotation":0,"texture":"#0","tintindex":0},"north":{"uv":[9.75,1.375,10.375,2.75],"rotation":0,"texture":"#0","tintindex":0},"south":{"uv":[9.75,2.75,10.375,4.125],"rotation":0,"texture":"#0","tintindex":0},"up":{"uv":[11.125,10.75,10.5,10.0],"rotation":0,"texture":"#0","tintindex":0},"west":{"uv":[8.25,1.875,9.0,3.25],"rotation":0,"texture":"#0","tintindex":0}}},{"name":"cube","from":[9.8,1.3999997,8.0],"to":[13.400001,8.0,8.0],"rotation":{"angle":0.0,"axis":"x","origin":[9.8,7.4,6.2]},"faces":{"down":{"uv":[0.75,0.0,0.0,0.0],"rotation":0,"texture":"#0","tintindex":0},"east":{"uv":[0.0,0.0,0.0,1.375],"rotation":0,"texture":"#0","tintindex":0},"north":{"uv":[9.5,6.125,10.25,7.5],"rotation":0,"texture":"#0","tintindex":0},"south":{"uv":[6.375,9.5,7.125,10.875],"rotation":0,"texture":"#0","tintindex":0},"up":{"uv":[0.75,0.0,0.0,0.0],"rotation":0,"texture":"#0","tintindex":0},"west":{"uv":[0.0,0.0,0.0,1.375],"rotation":0,"texture":"#0","tintindex":0}}}],"display":{"head":{"translation":[0.0,-6.4,0.0],"rotation":[0.0,0.0,0.0],"scale":[3.8095,3.8095,3.8095]}}}