{"textures":{"0":"modelengine:entity/pumpkinmonster","1":"modelengine:entity/pumpkinmonster_e"},"elements":[{"name":"cube","from":[6.2,1.3999997,6.2],"to":[9.8,8.0,9.8],"rotation":{"angle":0.0,"axis":"x","origin":[9.8,7.4,6.2]},"faces":{"down":{"uv":[11.25,9.25,10.5,10.0],"rotation":0,"texture":"#0","tintindex":0},"east":{"uv":[3.0,8.75,3.75,10.125],"rotation":0,"texture":"#0","tintindex":0},"north":{"uv":[2.25,8.75,3.0,10.125],"rotation":0,"texture":"#0","tintindex":0},"south":{"uv":[8.875,0.5,9.625,1.875],"rotation":0,"texture":"#0","tintindex":0},"up":{"uv":[9.375,11.125,8.625,10.375],"rotation":0,"texture":"#0","tintindex":0},"west":{"uv":[9.0,1.875,9.75,3.25],"rotation":0,"texture":"#0","tintindex":0}}}],"display":{"head":{"translation":[0.0,-6.4,0.0],"rotation":[0.0,0.0,0.0],"scale":[3.8095,3.8095,3.8095]}}}