{ "credit": "Model by Elsweyr, forked by HypariaMC", "textures": { "particle": "hyparia:furniture/coffin_stone", "texture": "hyparia:furniture/coffin_stone" }, "elements": [{ "name": "Head", "from": [1.0004, -0.0009, 27.4995], "to": [15.0004, 11.9991, 29.4995], "faces": { "north": { "uv": [12.5, 0.5, 16, 3.5], "texture": "#texture" }, "east": { "uv": [12, 0.5, 12.5, 3.5], "texture": "#texture" }, "south": { "uv": [12.5, 0.5, 16, 3.5], "texture": "#texture" }, "west": { "uv": [12, 0.5, 12.5, 3.5], "texture": "#texture" }, "up": { "uv": [12.5, 0, 16, 0.5], "texture": "#texture" }, "down": { "uv": [12.5, 0, 16, 0.5], "texture": "#texture" } } }, { "name": "Right Angle", "from": [-3.958, 0.0003, 17.399], "to": [-1.958, 12.0003, 29.399], "rotation": { "angle": 22.5, "axis": "y", "origin": [-2, 0, 17.5] }, "faces": { "north": { "uv": [3, 13, 3.5, 16], "texture": "#texture" }, "east": { "uv": [0, 13, 3, 16], "texture": "#texture" }, "south": { "uv": [3, 13, 3.5, 16], "texture": "#texture" }, "west": { "uv": [0, 13, 3, 16], "texture": "#texture" }, "up": { "uv": [0, 12.5, 3, 13], "rotation": 90, "texture": "#texture" }, "down": { "uv": [0, 12.5, 3, 13], "rotation": 270, "texture": "#texture" } } }, { "name": "Left Angle", "from": [13.2062, -0.0003, 16.2066], "to": [15.2062, 11.9997, 28.2066], "rotation": { "angle": -22.5, "axis": "y", "origin": [12.5, 0, 28.5] }, "faces": { "north": { "uv": [3, 13, 3.5, 16], "texture": "#texture" }, "east": { "uv": [0, 13, 3, 16], "texture": "#texture" }, "south": { "uv": [3, 13, 3.5, 16], "texture": "#texture" }, "west": { "uv": [0, 13, 3, 16], "texture": "#texture" }, "up": { "uv": [0, 12.5, 3, 13], "rotation": 270, "texture": "#texture" }, "down": { "uv": [0, 12.5, 3, 13], "rotation": 90, "texture": "#texture" } } }, { "name": "Left Side", "from": [18.0005, -0.001, -12], "to": [20.0005, 11.999, 18], "faces": { "north": { "uv": [7.5, 13, 8, 16], "texture": "#texture" }, "east": { "uv": [16, 13, 8, 16], "texture": "#texture" }, "south": { "uv": [7.5, 13, 8, 16], "texture": "#texture" }, "west": { "uv": [8, 13, 16, 16], "texture": "#texture" }, "up": { "uv": [8, 12.5, 16, 13], "rotation": 270, "texture": "#texture" }, "down": { "uv": [8, 12.5, 16, 13], "rotation": 90, "texture": "#texture" } } }, { "name": "Right Side", "from": [-4.0011, 0.0001, -12.0002], "to": [-2.0011, 12.0001, 17.9998], "faces": { "north": { "uv": [7.5, 13, 8, 16], "texture": "#texture" }, "east": { "uv": [16, 13, 8, 16], "texture": "#texture" }, "south": { "uv": [7.5, 13, 8, 16], "texture": "#texture" }, "west": { "uv": [8, 13, 16, 16], "texture": "#texture" }, "up": { "uv": [8, 12.5, 16, 13], "rotation": 270, "texture": "#texture" }, "down": { "uv": [8, 12.5, 16, 13], "rotation": 90, "texture": "#texture" } } }, { "name": "Feet", "from": [-3.9993, 0.0002, -14.0009], "to": [20.0007, 12.0002, -12.0009], "faces": { "north": { "uv": [10, 4, 16, 7], "texture": "#texture" }, "east": { "uv": [9.5, 4, 10, 7], "texture": "#texture" }, "south": { "uv": [10, 4, 16, 7], "texture": "#texture" }, "west": { "uv": [10, 4, 10.5, 7], "texture": "#texture" }, "up": { "uv": [10, 3.5, 16, 4], "texture": "#texture" }, "down": { "uv": [10, 3.5, 16, 4], "texture": "#texture" } } }, { "name": "PlaneY7", "from": [-1.999, 1.0009, -12.0009], "to": [18.001, 1.0019, 27.9991], "faces": { "up": { "uv": [0, 2.5, 5, 12.5], "rotation": 180, "texture": "#texture" }, "down": { "uv": [5, 2.5, 0, 12.375], "texture": "#texture" } } }], "display": { "thirdperson_righthand": { "translation": [0, 2.1304, 0], "scale": [0.25, 0.25, 0.25] }, "thirdperson_lefthand": { "translation": [0, 2.1304, 0], "scale": [0.25, 0.25, 0.25] }, "firstperson_righthand": { "scale": [0.5, 0.5, 0.5] }, "firstperson_lefthand": { "scale": [0.5, 0.5, 0.5] }, "ground": { "translation": [0, 1.7771, 0], "scale": [0.25, 0.25, 0.25] }, "gui": { "rotation": [35, 145, 0], "scale": [0.25, 0.25, 0.25] }, "head": { "translation": [0, -30, 0], "scale": [1.65, 1.65, 1.65] } } }