{ "credit": "Model by Elsweyr, forked by HypariaMC", "textures": { "texture": "hyparia:furniture/hatchet" }, "elements": [{ "__comment": "Handle", "from": [7.5, 0, 1.5], "to": [8.5, 12, 2.5], "faces": { "down": { "uv": [0, 15, 1, 16], "texture": "#texture" }, "up": { "uv": [0, 14, 1, 15], "texture": "#texture" }, "north": { "uv": [0, 0, 1, 12], "texture": "#texture" }, "south": { "uv": [0, 0, 1, 12], "texture": "#texture" }, "west": { "uv": [0, 0, 1, 12], "texture": "#texture" }, "east": { "uv": [0, 0, 1, 12], "texture": "#texture" } } }, { "__comment": "Axe Back", "from": [7, 12, 1], "to": [9, 15, 3], "faces": { "down": { "uv": [3, 0, 5, 2], "texture": "#texture" }, "up": { "uv": [3, 0, 5, 2], "texture": "#texture" }, "north": { "uv": [1, 0, 3, 3], "texture": "#texture" }, "south": { "uv": [1, 0, 3, 3], "texture": "#texture" }, "west": { "uv": [1, 0, 3, 3], "texture": "#texture" }, "east": { "uv": [1, 0, 3, 3], "texture": "#texture" } } }, { "__comment": "Nub", "from": [7.5, 14.5, 1.5], "to": [8.5, 15.5, 2.5], "faces": { "down": { "uv": [0, 14, 1, 15], "texture": "#texture" }, "up": { "uv": [0, 14, 1, 15], "texture": "#texture" }, "north": { "uv": [0, 14, 1, 15], "texture": "#texture" }, "south": { "uv": [0, 14, 1, 15], "texture": "#texture" }, "west": { "uv": [0, 14, 1, 15], "texture": "#texture" }, "east": { "uv": [0, 14, 1, 15], "texture": "#texture" } } }, { "__comment": "PlaneX7", "from": [8, 11, -3], "to": [8.001, 15, 1], "faces": { "west": { "uv": [7, 3, 3, 7], "texture": "#texture" }, "east": { "uv": [3, 3, 7, 7], "texture": "#texture" } } }, { "__comment": "Box8", "from": [7.5, 12, 0], "to": [8.5, 15, 1], "faces": { "down": { "uv": [3, 0, 4, 1], "texture": "#texture" }, "up": { "uv": [3, 0, 4, 1], "texture": "#texture" }, "north": { "uv": [5, 0, 6, 3], "texture": "#texture" }, "south": { "uv": [5, 0, 6, 3], "texture": "#texture" }, "west": { "uv": [5, 0, 6, 3], "texture": "#texture" }, "east": { "uv": [5, 0, 6, 3], "texture": "#texture" } } }], "display": { "thirdperson_righthand": { "translation": [0, 2.0434, 7.4483] }, "thirdperson_lefthand": { "translation": [0, 2.0434, 7.4483] }, "firstperson_righthand": { "translation": [6.4021, -0.192, 0] }, "firstperson_lefthand": { "translation": [6.4021, -0.192, 0] }, "gui": { "rotation": [20, 131, 0], "translation": [2.5597, 0.8749, 0], "scale": [0.5, 0.5, 0.5] }, "head": { "rotation": [62, 180, 0], "translation": [0, -22.11, -8.312], "scale": [1.5, 1.5, 1.5] }, "ground": { "translation": [0, 2.6548, 0], "scale": [0.5, 0.5, 0.5] } } }