{ "credit": "Model by Elsweyr, forked by HypariaMC", "textures": { "texture": "hyparia:furniture/lantern_3" }, "elements": [{ "name": "Paper", "from": [3, 0, 3], "to": [13, 10, 13], "faces": { "north": { "uv": [0, 5.5, 5, 10.5], "texture": "#texture" }, "east": { "uv": [0, 5.5, 5, 10.5], "texture": "#texture" }, "south": { "uv": [0, 5.5, 5, 10.5], "texture": "#texture" }, "west": { "uv": [0, 5.5, 5, 10.5], "texture": "#texture" }, "up": { "uv": [11, 0, 16, 5], "texture": "#texture" }, "down": { "uv": [11, 0, 16, 5], "texture": "#texture" } } }, { "name": "Paper", "from": [3, 0, 3], "to": [13, 0, 13], "faces": { "north": { "uv": [0, 5.5, 5, 10.5], "texture": "#texture" }, "east": { "uv": [0, 5.5, 5, 10.5], "texture": "#texture" }, "south": { "uv": [0, 5.5, 5, 10.5], "texture": "#texture" }, "west": { "uv": [0, 5.5, 5, 10.5], "texture": "#texture" }, "up": { "uv": [11, 0, 16, 5], "texture": "#texture" }, "down": { "uv": [11, 0, 16, 5], "texture": "#texture" } } }, { "name": "Paper", "from": [3, 10, 3], "to": [13, 10, 13], "faces": { "north": { "uv": [0, 5.5, 5, 10.5], "texture": "#texture" }, "east": { "uv": [0, 5.5, 5, 10.5], "texture": "#texture" }, "south": { "uv": [0, 5.5, 5, 10.5], "texture": "#texture" }, "west": { "uv": [0, 5.5, 5, 10.5], "texture": "#texture" }, "up": { "uv": [11, 0, 16, 5], "texture": "#texture" }, "down": { "uv": [11, 0, 16, 5], "texture": "#texture" } } }, { "name": "Paper", "from": [13, 0, 3], "to": [13, 10, 13], "faces": { "north": { "uv": [0, 5.5, 5, 10.5], "texture": "#texture" }, "east": { "uv": [0, 5.5, 5, 10.5], "texture": "#texture" }, "south": { "uv": [0, 5.5, 5, 10.5], "texture": "#texture" }, "west": { "uv": [0, 5.5, 5, 10.5], "texture": "#texture" }, "up": { "uv": [11, 0, 16, 5], "texture": "#texture" }, "down": { "uv": [11, 0, 16, 5], "texture": "#texture" } } }, { "name": "Paper", "from": [3, 0, 3], "to": [3, 10, 13], "faces": { "north": { "uv": [0, 5.5, 5, 10.5], "texture": "#texture" }, "east": { "uv": [0, 5.5, 5, 10.5], "texture": "#texture" }, "south": { "uv": [0, 5.5, 5, 10.5], "texture": "#texture" }, "west": { "uv": [0, 5.5, 5, 10.5], "texture": "#texture" }, "up": { "uv": [11, 0, 16, 5], "texture": "#texture" }, "down": { "uv": [11, 0, 16, 5], "texture": "#texture" } } }, { "name": "Paper", "from": [3, 0, 3], "to": [13, 10, 3], "faces": { "north": { "uv": [0, 5.5, 5, 10.5], "texture": "#texture" }, "east": { "uv": [0, 5.5, 5, 10.5], "texture": "#texture" }, "south": { "uv": [0, 5.5, 5, 10.5], "texture": "#texture" }, "west": { "uv": [0, 5.5, 5, 10.5], "texture": "#texture" }, "up": { "uv": [11, 0, 16, 5], "texture": "#texture" }, "down": { "uv": [11, 0, 16, 5], "texture": "#texture" } } }, { "name": "Paper", "from": [3, 0, 13], "to": [13, 10, 13], "faces": { "north": { "uv": [0, 5.5, 5, 10.5], "texture": "#texture" }, "east": { "uv": [0, 5.5, 5, 10.5], "texture": "#texture" }, "south": { "uv": [0, 5.5, 5, 10.5], "texture": "#texture" }, "west": { "uv": [0, 5.5, 5, 10.5], "texture": "#texture" }, "up": { "uv": [11, 0, 16, 5], "texture": "#texture" }, "down": { "uv": [11, 0, 16, 5], "texture": "#texture" } } }, { "name": "Top", "from": [5.5, 10, 5.5], "to": [10.5, 15, 10.5], "faces": { "north": { "uv": [1.25, 3, 3.75, 5.5], "texture": "#texture" }, "east": { "uv": [1.25, 3, 3.75, 5.5], "texture": "#texture" }, "south": { "uv": [1.25, 3, 3.75, 5.5], "texture": "#texture" }, "west": { "uv": [1.25, 3, 3.75, 5.5], "texture": "#texture" }, "up": { "uv": [3.75, 3, 6.25, 5.5], "texture": "#texture" }, "down": { "uv": [3.75, 0.5, 6.25, 3], "texture": "#texture" } } }, { "name": "Top", "from": [5.5, 15, 5.5], "to": [10.5, 15, 10.5], "faces": { "north": { "uv": [1.25, 3, 3.75, 5.5], "texture": "#texture" }, "east": { "uv": [1.25, 3, 3.75, 5.5], "texture": "#texture" }, "south": { "uv": [1.25, 3, 3.75, 5.5], "texture": "#texture" }, "west": { "uv": [1.25, 3, 3.75, 5.5], "texture": "#texture" }, "up": { "uv": [3.75, 3, 6.25, 5.5], "texture": "#texture" }, "down": { "uv": [3.75, 3, 6.25, 5.5], "texture": "#texture" } } }, { "name": "Top", "from": [5.5, 10, 10.5], "to": [10.5, 15, 10.5], "faces": { "north": { "uv": [1.25, 3, 3.75, 5.5], "texture": "#texture" }, "east": { "uv": [1.25, 3, 3.75, 5.5], "texture": "#texture" }, "south": { "uv": [1.25, 3, 3.75, 5.5], "texture": "#texture" }, "west": { "uv": [1.25, 3, 3.75, 5.5], "texture": "#texture" }, "up": { "uv": [3.75, 3, 6.25, 5.5], "texture": "#texture" }, "down": { "uv": [3.75, 0.5, 6.25, 3], "texture": "#texture" } } }, { "name": "Top", "from": [5.5, 10, 5.5], "to": [5.5, 15, 10.5], "faces": { "north": { "uv": [1.25, 3, 3.75, 5.5], "texture": "#texture" }, "east": { "uv": [1.25, 3, 3.75, 5.5], "texture": "#texture" }, "south": { "uv": [1.25, 3, 3.75, 5.5], "texture": "#texture" }, "west": { "uv": [1.25, 3, 3.75, 5.5], "texture": "#texture" }, "up": { "uv": [3.75, 3, 6.25, 5.5], "texture": "#texture" }, "down": { "uv": [3.75, 0.5, 6.25, 3], "texture": "#texture" } } }, { "name": "Top", "from": [10.5, 10, 5.5], "to": [10.5, 15, 10.5], "faces": { "north": { "uv": [1.25, 3, 3.75, 5.5], "texture": "#texture" }, "east": { "uv": [1.25, 3, 3.75, 5.5], "texture": "#texture" }, "south": { "uv": [1.25, 3, 3.75, 5.5], "texture": "#texture" }, "west": { "uv": [1.25, 3, 3.75, 5.5], "texture": "#texture" }, "up": { "uv": [3.75, 3, 6.25, 5.5], "texture": "#texture" }, "down": { "uv": [3.75, 0.5, 6.25, 3], "texture": "#texture" } } }, { "name": "Top", "from": [5.5, 10, 5.5], "to": [10.5, 15, 5.5], "faces": { "north": { "uv": [1.25, 3, 3.75, 5.5], "texture": "#texture" }, "east": { "uv": [1.25, 3, 3.75, 5.5], "texture": "#texture" }, "south": { "uv": [1.25, 3, 3.75, 5.5], "texture": "#texture" }, "west": { "uv": [1.25, 3, 3.75, 5.5], "texture": "#texture" }, "up": { "uv": [3.75, 3, 6.25, 5.5], "texture": "#texture" }, "down": { "uv": [3.75, 0.5, 6.25, 3], "texture": "#texture" } } }, { "name": "Bottom", "from": [5.5, -2, 5.5], "to": [10.5, 0, 10.5], "faces": { "north": { "uv": [1.25, 10.5, 3.75, 11.5], "texture": "#texture" }, "east": { "uv": [1.25, 10.5, 3.75, 11.5], "texture": "#texture" }, "south": { "uv": [1.25, 10.5, 3.75, 11.5], "texture": "#texture" }, "west": { "uv": [1.25, 10.5, 3.75, 11.5], "texture": "#texture" }, "up": { "uv": [3.75, 10.5, 6.25, 13], "texture": "#texture" }, "down": { "uv": [3.75, 10.5, 6.25, 13], "texture": "#texture" } } }, { "name": "Bottom", "from": [5.5, -2, 5.5], "to": [10.5, 0, 5.5], "faces": { "north": { "uv": [1.25, 10.5, 3.75, 11.5], "texture": "#texture" }, "east": { "uv": [1.25, 10.5, 3.75, 11.5], "texture": "#texture" }, "south": { "uv": [1.25, 10.5, 3.75, 11.5], "texture": "#texture" }, "west": { "uv": [1.25, 10.5, 3.75, 11.5], "texture": "#texture" }, "up": { "uv": [3.75, 13, 6.25, 15.5], "texture": "#texture" }, "down": { "uv": [3.75, 10.5, 6.25, 13], "texture": "#texture" } } }, { "name": "Bottom", "from": [5.5, -2, 10.5], "to": [10.5, 0, 10.5], "faces": { "north": { "uv": [1.25, 10.5, 3.75, 11.5], "texture": "#texture" }, "east": { "uv": [1.25, 10.5, 3.75, 11.5], "texture": "#texture" }, "south": { "uv": [1.25, 10.5, 3.75, 11.5], "texture": "#texture" }, "west": { "uv": [1.25, 10.5, 3.75, 11.5], "texture": "#texture" }, "up": { "uv": [3.75, 13, 6.25, 15.5], "texture": "#texture" }, "down": { "uv": [3.75, 10.5, 6.25, 13], "texture": "#texture" } } }, { "name": "Bottom", "from": [5.5, -2, 5.5], "to": [10.5, -2, 10.5], "faces": { "north": { "uv": [1.25, 10.5, 3.75, 11.5], "texture": "#texture" }, "east": { "uv": [1.25, 10.5, 3.75, 11.5], "texture": "#texture" }, "south": { "uv": [1.25, 10.5, 3.75, 11.5], "texture": "#texture" }, "west": { "uv": [1.25, 10.5, 3.75, 11.5], "texture": "#texture" }, "up": { "uv": [3.75, 13, 6.25, 15.5], "texture": "#texture" }, "down": { "uv": [3.75, 10.5, 6.25, 13], "texture": "#texture" } } }, { "name": "Bottom", "from": [5.5, 0, 5.5], "to": [10.5, 0, 10.5], "faces": { "north": { "uv": [1.25, 10.5, 3.75, 11.5], "texture": "#texture" }, "east": { "uv": [1.25, 10.5, 3.75, 11.5], "texture": "#texture" }, "south": { "uv": [1.25, 10.5, 3.75, 11.5], "texture": "#texture" }, "west": { "uv": [1.25, 10.5, 3.75, 11.5], "texture": "#texture" }, "up": { "uv": [3.75, 13, 6.25, 15.5], "texture": "#texture" }, "down": { "uv": [3.75, 10.5, 6.25, 13], "texture": "#texture" } } }, { "name": "Bottom", "from": [5.5, -2, 5.5], "to": [5.5, 0, 10.5], "faces": { "north": { "uv": [1.25, 10.5, 3.75, 11.5], "texture": "#texture" }, "east": { "uv": [1.25, 10.5, 3.75, 11.5], "texture": "#texture" }, "south": { "uv": [1.25, 10.5, 3.75, 11.5], "texture": "#texture" }, "west": { "uv": [1.25, 10.5, 3.75, 11.5], "texture": "#texture" }, "up": { "uv": [3.75, 13, 6.25, 15.5], "texture": "#texture" }, "down": { "uv": [3.75, 10.5, 6.25, 13], "texture": "#texture" } } }, { "name": "Bottom", "from": [10.5, -2, 5.5], "to": [10.5, 0, 10.5], "faces": { "north": { "uv": [1.25, 10.5, 3.75, 11.5], "texture": "#texture" }, "east": { "uv": [1.25, 10.5, 3.75, 11.5], "texture": "#texture" }, "south": { "uv": [1.25, 10.5, 3.75, 11.5], "texture": "#texture" }, "west": { "uv": [1.25, 10.5, 3.75, 11.5], "texture": "#texture" }, "up": { "uv": [3.75, 13, 6.25, 15.5], "texture": "#texture" }, "down": { "uv": [3.75, 10.5, 6.25, 13], "texture": "#texture" } } }, { "name": "Handle", "from": [6, 15, 8], "to": [10, 21, 8.001], "faces": { "north": { "uv": [1.5, 0, 3.5, 3], "texture": "#texture" }, "south": { "uv": [1.5, 0, 3.5, 3], "texture": "#texture" } } }, { "name": "Ribbon", "from": [7, -11, 8], "to": [9, -2, 8.001], "faces": { "north": { "uv": [2, 11.5, 3, 16], "texture": "#texture" }, "south": { "uv": [3, 11.5, 2, 16], "texture": "#texture" } } }, { "name": "Ribbon", "from": [8, -11, 7], "to": [8.001, -2, 9], "faces": { "east": { "uv": [2, 11.5, 3, 16], "texture": "#texture" }, "west": { "uv": [3, 11.5, 2, 16], "texture": "#texture" } } }], "display": { "thirdperson_righthand": { "scale": [0.5, 0.5, 0.5] }, "thirdperson_lefthand": { "scale": [0.5, 0.5, 0.5] }, "ground": { "translation": [0, 8.7926, 0], "scale": [0.5, 0.5, 0.5] }, "gui": { "rotation": [19, -22, 0], "translation": [0, 1.3641, 0], "scale": [0.5, 0.5, 0.5] }, "head": { "translation": [0, -13.6, 0], "scale": [1.65, 1.65, 1.65] } } }