{ "credit": "Model by Elsweyr, forked by HypariaMC", "textures": { "texture": "hyparia:furniture/meat_drumstick" }, "elements": [{ "__comment": "Meat", "from": [8, 0, 6.5], "to": [12, 3, 9.5], "faces": { "down": { "uv": [8, 0, 16, 6], "texture": "#texture" }, "up": { "uv": [8, 0, 16, 6], "texture": "#texture" }, "north": { "uv": [8, 6, 16, 12], "texture": "#texture" }, "south": { "uv": [8, 6, 16, 12], "texture": "#texture" }, "west": { "uv": [2, 6, 8, 12], "texture": "#texture" }, "east": { "uv": [2, 6, 8, 12], "texture": "#texture" } } }, { "__comment": "Bone", "from": [5, 1, 7.5], "to": [8, 2, 8.5], "faces": { "down": { "uv": [10, 12, 16, 14], "texture": "#texture" }, "up": { "uv": [10, 12, 16, 14], "texture": "#texture" }, "north": { "uv": [16, 14, 10, 16], "texture": "#texture" }, "south": { "uv": [10, 14, 16, 16], "texture": "#texture" }, "west": { "uv": [10, 14, 12, 16], "texture": "#texture" }, "east": { "uv": [14, 14, 16, 16], "texture": "#texture" } } }, { "__comment": "Nub", "from": [4, 1, 7], "to": [5, 2, 9], "faces": { "down": { "uv": [0, 12, 2, 16], "texture": "#texture" }, "up": { "uv": [2, 12, 0, 16], "texture": "#texture" }, "north": { "uv": [2, 12, 4, 14], "texture": "#texture" }, "south": { "uv": [2, 14, 4, 16], "texture": "#texture" }, "west": { "uv": [0, 12, 2, 16], "texture": "#texture", "rotation": 90 }, "east": { "uv": [0, 12, 2, 16], "texture": "#texture", "rotation": 270 } } }], "display": { "thirdperson_righthand": { "rotation": [0, 0, 90], "translation": [-6.021, 1.9103, 1.2282] }, "thirdperson_lefthand": { "rotation": [-180, 0, 90], "translation": [-6.021, 1.9103, 1.2282] }, "firstperson_righthand": { "rotation": [0, 0, -65], "translation": [6.682, 5.4701, 0] }, "firstperson_lefthand": { "rotation": [0, 0, -65], "translation": [6.682, 5.4701, 0] }, "gui": { "rotation": [21, -24, 0], "translation": [0, 5.4184, 0] }, "head": { "translation": [0, -30, 0], "scale": [1.65, 1.65, 1.65] }, "ground": { "translation": [0, 5.5, 0] } } }