{ "credit": "Model by Elsweyr, forked by HypariaMC", "textures": { "particle": "hyparia:furniture/anvil", "texture": "hyparia:furniture/anvil", "bucket": "hyparia:furniture/bucket_large", "stump": "hyparia:furniture/station_smithing", "tongs": "hyparia:furniture/tongs", "hammer": "hyparia:furniture/hammer" }, "elements": [{ "__comment": "Bucket", "from": [11.24934, 0.0001998144, 8.749929], "to": [15.24934, 10.0002, 9.749929], "faces": { "down": { "uv": [0, 10.5, 2, 11], "texture": "#bucket" }, "up": { "uv": [0, 10.5, 2, 11], "texture": "#bucket" }, "north": { "uv": [0, 11, 2, 16], "texture": "#bucket" }, "south": { "uv": [0, 5.5, 2, 10.5], "texture": "#bucket" }, "west": { "uv": [2, 11, 2.5, 16], "texture": "#bucket" }, "east": { "uv": [2, 11, 2.5, 16], "texture": "#bucket" } } }, { "__comment": "Bucket1", "from": [15.24908, -0.00005969038, 8.750014], "to": [19.24908, 9.99994, 9.750014], "rotation": { "origin": [15.25, 0, 8.75], "axis": "y", "angle": -45 }, "faces": { "down": { "uv": [2.5, 10.5, 4.5, 11], "texture": "#bucket" }, "up": { "uv": [2.5, 10.5, 4.5, 11], "texture": "#bucket" }, "north": { "uv": [2.5, 11, 4.5, 16], "texture": "#bucket" }, "south": { "uv": [2.5, 5.5, 4.5, 10.5], "texture": "#bucket" }, "west": { "uv": [4.5, 11, 5, 16], "texture": "#bucket" }, "east": { "uv": [4.5, 11, 5, 16], "texture": "#bucket" } } }, { "__comment": "Bucket2", "from": [17.1246, 0.0007051511, 11.62417], "to": [18.1246, 10.0007, 15.62417], "faces": { "down": { "uv": [5, 10.5, 7, 11], "texture": "#bucket", "rotation": 270 }, "up": { "uv": [5, 10.5, 7, 11], "texture": "#bucket", "rotation": 90 }, "north": { "uv": [7, 11, 7.5, 16], "texture": "#bucket" }, "south": { "uv": [7, 11, 7.5, 16], "texture": "#bucket" }, "west": { "uv": [5, 5.5, 7, 10.5], "texture": "#bucket" }, "east": { "uv": [5, 11, 7, 16], "texture": "#bucket" } } }, { "__comment": "Bucket3", "from": [17.12541, 0.0001909491, 15.62542], "to": [18.12541, 10.00019, 19.62542], "rotation": { "origin": [18.125, 0, 15.625], "axis": "y", "angle": -45 }, "faces": { "down": { "uv": [7.5, 10.5, 9.5, 11], "texture": "#bucket", "rotation": 270 }, "up": { "uv": [7.5, 10.5, 9.5, 11], "texture": "#bucket", "rotation": 90 }, "north": { "uv": [9.5, 11, 10, 16], "texture": "#bucket" }, "south": { "uv": [9.5, 11, 10, 16], "texture": "#bucket" }, "west": { "uv": [7.5, 5.5, 9.5, 10.5], "texture": "#bucket" }, "east": { "uv": [7.5, 11, 9.5, 16], "texture": "#bucket" } } }, { "__comment": "Bucket4", "from": [11.25089, -0.00005614461, 17.37448], "to": [15.25089, 9.999944, 18.37448], "faces": { "down": { "uv": [0, 10.5, 2, 11], "texture": "#bucket", "rotation": 180 }, "up": { "uv": [0, 10.5, 2, 11], "texture": "#bucket", "rotation": 180 }, "north": { "uv": [0, 5.5, 2, 10.5], "texture": "#bucket" }, "south": { "uv": [0, 11, 2, 16], "texture": "#bucket" }, "west": { "uv": [2, 11, 2.5, 16], "texture": "#bucket" }, "east": { "uv": [2, 11, 2.5, 16], "texture": "#bucket" } } }, { "__comment": "Bucket5", "from": [7.249147, 0.0006013768, 17.376], "to": [11.24915, 10.0006, 18.376], "rotation": { "origin": [11.25, 0, 18.375], "axis": "y", "angle": -45 }, "faces": { "down": { "uv": [2.5, 10.5, 4.5, 11], "texture": "#bucket", "rotation": 180 }, "up": { "uv": [2.5, 10.5, 4.5, 11], "texture": "#bucket", "rotation": 180 }, "north": { "uv": [2.5, 5.5, 4.5, 10.5], "texture": "#bucket" }, "south": { "uv": [2.5, 11, 4.5, 16], "texture": "#bucket" }, "west": { "uv": [4.5, 11, 5, 16], "texture": "#bucket" }, "east": { "uv": [4.5, 11, 5, 16], "texture": "#bucket" } } }, { "__comment": "Bucket6", "from": [8.499897, -8.250354e-7, 11.50032], "to": [9.499897, 9.999999, 15.50032], "faces": { "down": { "uv": [5, 10.5, 7, 11], "texture": "#bucket", "rotation": 90 }, "up": { "uv": [5, 10.5, 7, 11], "texture": "#bucket", "rotation": 270 }, "north": { "uv": [7, 11, 7.5, 16], "texture": "#bucket" }, "south": { "uv": [7, 11, 7.5, 16], "texture": "#bucket" }, "west": { "uv": [5, 11, 7, 16], "texture": "#bucket" }, "east": { "uv": [5, 5.5, 7, 10.5], "texture": "#bucket" } } }, { "__comment": "Bucket7", "from": [8.499958, 0.000686527, 7.50035], "to": [9.499958, 10.00069, 11.50035], "rotation": { "origin": [8.5, 0, 11.5], "axis": "y", "angle": -45 }, "faces": { "down": { "uv": [7.5, 10.5, 9.5, 11], "texture": "#bucket", "rotation": 90 }, "up": { "uv": [7.5, 10.5, 9.5, 11], "texture": "#bucket", "rotation": 270 }, "north": { "uv": [9.5, 11, 10, 16], "texture": "#bucket" }, "south": { "uv": [9.5, 11, 10, 16], "texture": "#bucket" }, "west": { "uv": [7.5, 11, 9.5, 16], "texture": "#bucket" }, "east": { "uv": [7.5, 5.5, 9.5, 10.5], "texture": "#bucket" } } }, { "__comment": "Base", "from": [0.0008715081, 5.999886, 0.0006147821], "to": [8.000872, 8.999886, 8.000615], "faces": { "down": { "uv": [12, 10.5, 16, 14.5], "texture": "#texture" }, "up": { "uv": [12, 10.5, 16, 14.5], "texture": "#texture" }, "north": { "uv": [12, 14.5, 16, 16], "texture": "#texture" }, "south": { "uv": [12, 14.5, 16, 16], "texture": "#texture" }, "west": { "uv": [12, 14.5, 16, 16], "texture": "#texture" }, "east": { "uv": [12, 14.5, 16, 16], "texture": "#texture" } } }, { "__comment": "Neck", "from": [1.500529, 9.00008, 1.500515], "to": [6.500529, 17.00008, 6.500515], "faces": { "down": { "uv": [0, 9.5, 2.5, 12], "texture": "#texture" }, "up": { "uv": [0, 9.5, 2.5, 12], "texture": "#texture" }, "north": { "uv": [0, 12, 2.5, 16], "texture": "#texture" }, "south": { "uv": [0, 12, 2.5, 16], "texture": "#texture" }, "west": { "uv": [0, 12, 2.5, 16], "texture": "#texture" }, "east": { "uv": [0, 12, 2.5, 16], "texture": "#texture" } } }, { "__comment": "Anvil L 1", "from": [-2.50009, 12.49993, 2.000712], "to": [1.49991, 16.49993, 6.000712], "faces": { "down": { "uv": [10, 0, 12, 2], "texture": "#texture" }, "up": { "uv": [12, 0, 14, 2], "texture": "#texture" }, "north": { "uv": [14, 0, 16, 2], "texture": "#texture" }, "south": { "uv": [14, 0, 16, 2], "texture": "#texture" }, "west": { "uv": [14, 0, 16, 2], "texture": "#texture" }, "east": { "uv": [14, 0, 16, 2], "texture": "#texture" } } }, { "__comment": "Anvil L 2", "from": [-5.500061, 13.50048, 2.500454], "to": [-2.500061, 16.50048, 5.500454], "faces": { "down": { "uv": [11.5, 2, 13, 3.5], "texture": "#texture" }, "up": { "uv": [13, 2, 14.5, 3.5], "texture": "#texture" }, "north": { "uv": [14.5, 2, 16, 3.5], "texture": "#texture" }, "south": { "uv": [14.5, 2, 16, 3.5], "texture": "#texture" }, "west": { "uv": [14.5, 2, 16, 3.5], "texture": "#texture" }, "east": { "uv": [14.5, 2, 16, 3.5], "texture": "#texture" } } }, { "__comment": "Anvil L 3", "from": [-7.500879, 14.49922, 3.000629], "to": [-5.500879, 16.49922, 5.000629], "faces": { "down": { "uv": [13, 3.5, 14, 4.5], "texture": "#texture" }, "up": { "uv": [14, 3.5, 15, 4.5], "texture": "#texture" }, "north": { "uv": [15, 3.5, 16, 4.5], "texture": "#texture" }, "south": { "uv": [15, 3.5, 16, 4.5], "texture": "#texture" }, "west": { "uv": [15, 3.5, 16, 4.5], "texture": "#texture" }, "east": { "uv": [15, 3.5, 16, 4.5], "texture": "#texture" } } }, { "__comment": "Anvil L 1", "from": [6.499534, 12.49969, 1.999197], "to": [10.49953, 16.49969, 5.999197], "faces": { "down": { "uv": [10, 0, 12, 2], "texture": "#texture" }, "up": { "uv": [12, 0, 14, 2], "texture": "#texture" }, "north": { "uv": [14, 0, 16, 2], "texture": "#texture" }, "south": { "uv": [14, 0, 16, 2], "texture": "#texture" }, "west": { "uv": [14, 0, 16, 2], "texture": "#texture" }, "east": { "uv": [14, 0, 16, 2], "texture": "#texture" } } }, { "__comment": "Anvil L 2", "from": [10.50015, 13.4993, 2.500994], "to": [13.50015, 16.4993, 5.500995], "faces": { "down": { "uv": [11.5, 2, 13, 3.5], "texture": "#texture" }, "up": { "uv": [13, 2, 14.5, 3.5], "texture": "#texture" }, "north": { "uv": [14.5, 2, 16, 3.5], "texture": "#texture" }, "south": { "uv": [14.5, 2, 16, 3.5], "texture": "#texture" }, "west": { "uv": [14.5, 2, 16, 3.5], "texture": "#texture" }, "east": { "uv": [14.5, 2, 16, 3.5], "texture": "#texture" } } }, { "__comment": "Anvil L 3", "from": [13.49987, 14.49961, 2.999892], "to": [15.49987, 16.49961, 4.999892], "faces": { "down": { "uv": [13, 3.5, 14, 4.5], "texture": "#texture" }, "up": { "uv": [14, 3.5, 15, 4.5], "texture": "#texture" }, "north": { "uv": [15, 3.5, 16, 4.5], "texture": "#texture" }, "south": { "uv": [15, 3.5, 16, 4.5], "texture": "#texture" }, "west": { "uv": [15, 3.5, 16, 4.5], "texture": "#texture" }, "east": { "uv": [15, 3.5, 16, 4.5], "texture": "#texture" } } }, { "__comment": "Stump", "from": [-0.9995317, -0.0005027562, -0.999694], "to": [9.000468, 5.999497, 9.000306], "faces": { "down": { "uv": [6, 6, 16, 16], "texture": "#stump" }, "up": { "uv": [6, 6, 16, 16], "texture": "#stump" }, "north": { "uv": [6, 0, 16, 6], "texture": "#stump" }, "south": { "uv": [6, 0, 16, 6], "texture": "#stump" }, "west": { "uv": [6, 0, 16, 6], "texture": "#stump" }, "east": { "uv": [6, 0, 16, 6], "texture": "#stump" } } }, { "__comment": "Handle 1", "from": [15.49975, 11.50077, 18.50088], "to": [16.49975, 12.50077, 21.50088], "rotation": { "origin": [15.5, 11.5, 18.5], "axis": "x", "angle": -45 }, "faces": { "down": { "uv": [9, 0, 10, 3], "texture": "#tongs", "rotation": 180 }, "up": { "uv": [10, 0, 9, 3], "texture": "#tongs" }, "north": { "uv": [9, 1, 10, 2], "texture": "#tongs" }, "south": { "uv": [10, 1, 9, 2], "texture": "#tongs" }, "west": { "uv": [9, 0, 10, 3], "texture": "#tongs", "rotation": 90 }, "east": { "uv": [9, 0, 10, 3], "texture": "#tongs", "rotation": 90 } } }, { "__comment": "Handle 2", "from": [9.499468, 11.50041, 18.50083], "to": [10.49947, 12.50041, 21.50083], "rotation": { "origin": [15.5, 11.5, 18.5], "axis": "x", "angle": -45 }, "faces": { "down": { "uv": [9, 0, 10, 3], "texture": "#tongs", "rotation": 180 }, "up": { "uv": [10, 0, 9, 3], "texture": "#tongs" }, "north": { "uv": [9, 1, 10, 2], "texture": "#tongs" }, "south": { "uv": [10, 1, 9, 2], "texture": "#tongs" }, "west": { "uv": [9, 0, 10, 3], "texture": "#tongs", "rotation": 90 }, "east": { "uv": [9, 0, 10, 3], "texture": "#tongs", "rotation": 90 } } }, { "__comment": "Handle", "from": [14.49953, -1.499297, 12.50087], "to": [15.49953, 20.5007, 13.50087], "rotation": { "origin": [15.5, 20.5, 13.5], "axis": "z", "angle": 22.5 }, "faces": { "down": { "uv": [15.5, 11.5, 16, 12], "texture": "#hammer", "rotation": 90 }, "up": { "uv": [15.5, 11, 16, 11.5], "texture": "#hammer", "rotation": 270 }, "north": { "uv": [15, 0, 15.5, 11], "texture": "#hammer", "rotation": 180 }, "south": { "uv": [15, 0, 15.5, 11], "texture": "#hammer", "rotation": 180 }, "west": { "uv": [15.5, 11, 15, 0], "texture": "#hammer" }, "east": { "uv": [15.5, 11, 15, 0], "texture": "#hammer" } } }, { "__comment": "Head", "from": [13.49993, -0.999238, 9.999252], "to": [16.49993, 2.000762, 15.99925], "rotation": { "origin": [15.5, 20.5, 13.5], "axis": "z", "angle": 22.5 }, "faces": { "down": { "uv": [11.5, 14.5, 14.5, 16], "texture": "#hammer", "rotation": 90 }, "up": { "uv": [11.5, 14.5, 14.5, 16], "texture": "#hammer", "rotation": 270 }, "north": { "uv": [14.5, 14.5, 16, 16], "texture": "#hammer", "rotation": 180 }, "south": { "uv": [14.5, 14.5, 16, 16], "texture": "#hammer", "rotation": 180 }, "west": { "uv": [14.5, 16, 11.5, 14.5], "texture": "#hammer" }, "east": { "uv": [14.5, 16, 11.5, 14.5], "texture": "#hammer" } } }, { "__comment": "Bucket8", "from": [8.999328, 0.4991639, 9.999302], "to": [16.99933, 0.5001639, 17.9993], "faces": { "down": { "uv": [6.5, 0, 10.5, 4], "texture": "#bucket" }, "up": { "uv": [12, 0, 16, 4], "texture": "#bucket" } } }, { "__comment": "Bucket9", "from": [17.12599, 9.999778, 11.62429], "to": [18.12599, 11.99978, 15.62429], "faces": { "down": { "uv": [14, 14.5, 16, 15], "texture": "#bucket", "rotation": 90 }, "up": { "uv": [14, 14.5, 16, 15], "texture": "#bucket", "rotation": 270 }, "north": { "uv": [13.5, 15, 14, 16], "texture": "#bucket" }, "south": { "uv": [13.5, 15, 14, 16], "texture": "#bucket" }, "west": { "uv": [14, 15, 16, 16], "texture": "#bucket" }, "east": { "uv": [14, 15, 16, 16], "texture": "#bucket" } } }, { "__comment": "Bucket10", "from": [8.500508, 9.999125, 11.4993], "to": [9.500508, 11.99913, 15.4993], "faces": { "down": { "uv": [14, 14.5, 16, 15], "texture": "#bucket", "rotation": 90 }, "up": { "uv": [14, 14.5, 16, 15], "texture": "#bucket", "rotation": 270 }, "north": { "uv": [13.5, 15, 14, 16], "texture": "#bucket" }, "south": { "uv": [13.5, 15, 14, 16], "texture": "#bucket" }, "west": { "uv": [14, 15, 16, 16], "texture": "#bucket" }, "east": { "uv": [14, 15, 16, 16], "texture": "#bucket" } } }, { "__comment": "Tongs", "from": [9.499154, 12.00083, 8.500366], "to": [16.49915, 12.00183, 18.50037], "rotation": { "origin": [15.5, 11.5, 18.5], "axis": "x", "angle": -45 }, "faces": { "down": { "uv": [9, 3, 16, 13], "texture": "#tongs" }, "up": { "uv": [9, 13, 16, 3], "texture": "#tongs" } } }, { "__comment": "Water", "from": [9.250418, 6.500996, 9.500374], "to": [17.25042, 6.501996, 17.50037], "faces": { "down": { "uv": [6.5, 0, 10.5, 4], "texture": "#bucket" }, "up": { "uv": [12, 4, 16, 8], "texture": "#bucket" } } }], "display": { "thirdperson_righthand": { "rotation": [0, 90, 0], "translation": [0, 3.2906, 1.5815], "scale": [0.5, 0.5, 0.5] }, "thirdperson_lefthand": { "rotation": [0, 90, 0], "translation": [0, 3.2906, 1.5815], "scale": [0.5, 0.5, 0.5] }, "firstperson_righthand": { "rotation": [0, 90, 0], "translation": [0, 1.5624, 0], "scale": [0.5, 0.5, 0.5] }, "firstperson_lefthand": { "rotation": [0, 90, 0], "translation": [0, 1.5624, 0], "scale": [0.5, 0.5, 0.5] }, "gui": { "rotation": [18, -148, 0], "scale": [0.35, 0.35, 0.35] }, "head": { "translation": [0, -30, 0], "scale": [1.65, 1.65, 1.65] }, "ground": { "translation": [0, 5, 0], "scale": [0.35, 0.35, 0.35] } } }