{ "credit": "Designed with Cubik Studio", "parent": "block/block", "textures": { "particle": "#all" }, "elements": [{ "__comment": "Element", "from": [0, 0, 0], "to": [16, 16, 16], "faces": { "down": { "uv": [16, 16, 0, 0], "texture": "#all", "cullface": "down" }, "up": { "uv": [0, 0, 16, 16], "texture": "#all", "cullface": "up" }, "north": { "uv": [0, 0, 16, 16], "texture": "#all", "cullface": "north" }, "south": { "uv": [0, 0, 16, 16], "texture": "#all", "cullface": "south" }, "west": { "uv": [0, 0, 16, 16], "texture": "#all", "cullface": "west" }, "east": { "uv": [0, 0, 16, 16], "texture": "#all", "cullface": "east" } } }, { "__comment": "Element", "from": [13.8125, -8, -6.875], "to": [13.8135, 24, 25.125], "rotation": { "origin": [13.9375, -10, -6.6875], "axis": "y", "angle": -22.5 }, "shade": false, "faces": { "west": { "uv": [0, 0, 16, 16], "texture": "#bushy_bottom" }, "east": { "uv": [0, 0, 16, 16], "texture": "#bushy_bottom" } } }, { "__comment": "Element", "from": [-7.1875, -8, 2.125], "to": [24.8125, 24, 2.126], "rotation": { "origin": [-7, -10, 2], "axis": "y", "angle": -22.5 }, "shade": false, "faces": { "north": { "uv": [0, 0, 16, 16], "texture": "#bushy_bottom" }, "south": { "uv": [0, 0, 16, 16], "texture": "#bushy_bottom" } } }, { "__comment": "bushy_top1", "from": [-6.6876, -8, 13.6248], "to": [25.3124, 24, 13.6258], "rotation": { "origin": [-6.5, -10, 13.5], "axis": "y", "angle": 22.5 }, "shade": false, "faces": { "north": { "uv": [0, 0, 16, 16], "texture": "#bushy_top" }, "south": { "uv": [0, 0, 16, 16], "texture": "#bushy_top" } } }, { "__comment": "bushy_top2", "from": [14.1249, -8, -9.3125], "to": [14.1259, 24, 22.6875], "rotation": { "origin": [14, -10, 22.5], "axis": "y", "angle": 22.5 }, "shade": false, "faces": { "west": { "uv": [0, 0, 16, 16], "texture": "#bushy_top" }, "east": { "uv": [0, 0, 16, 16], "texture": "#bushy_top" } } }] }