{ "credit": "Model by Elsweyr, forked by HypariaMC", "textures": { "particle": "hyparia:furniture/basket_empty", "texture": "hyparia:furniture/basket_empty" }, "elements": [{ "__comment": "Front", "from": [2, 0, 5], "to": [14, 3, 6], "faces": { "down": { "uv": [0, 15, 12, 16], "texture": "#texture", "rotation": 180 }, "up": { "uv": [0, 11, 12, 12], "texture": "#texture", "rotation": 180 }, "north": { "uv": [0, 12, 12, 15], "texture": "#texture" }, "south": { "uv": [0, 12, 12, 15], "texture": "#texture" }, "west": { "uv": [13, 12, 12, 15], "texture": "#texture" }, "east": { "uv": [12, 12, 13, 15], "texture": "#texture" } } }, { "__comment": "Side L", "from": [2, 0, 6], "to": [3, 6, 10], "faces": { "down": { "uv": [0, 9, 4, 10], "texture": "#texture", "rotation": 270 }, "up": { "uv": [0, 2, 4, 3], "texture": "#texture", "rotation": 90 }, "north": { "uv": [4, 3, 5, 9], "texture": "#texture" }, "south": { "uv": [4, 3, 5, 9], "texture": "#texture" }, "west": { "uv": [0, 3, 4, 9], "texture": "#texture" }, "east": { "uv": [0, 3, 4, 9], "texture": "#texture" } } }, { "__comment": "Bar", "from": [1.5, 4.5, 7.5], "to": [14.5, 5.5, 8.5], "faces": { "down": { "uv": [0, 10, 13, 11], "texture": "#texture", "rotation": 180 }, "up": { "uv": [0, 10, 13, 11], "texture": "#texture", "rotation": 180 }, "north": { "uv": [0, 10, 13, 11], "texture": "#texture" }, "south": { "uv": [0, 10, 13, 11], "texture": "#texture" }, "west": { "uv": [13, 9, 14, 10], "texture": "#texture" }, "east": { "uv": [13, 9, 14, 10], "texture": "#texture" } } }, { "__comment": "Back", "from": [2, 0, 10], "to": [14, 3, 11], "faces": { "down": { "uv": [0, 16, 12, 15], "texture": "#texture", "rotation": 180 }, "up": { "uv": [0, 12, 12, 11], "texture": "#texture", "rotation": 180 }, "north": { "uv": [0, 12, 12, 15], "texture": "#texture" }, "south": { "uv": [0, 12, 12, 15], "texture": "#texture" }, "west": { "uv": [13, 12, 12, 15], "texture": "#texture" }, "east": { "uv": [12, 12, 13, 15], "texture": "#texture" } } }, { "__comment": "Side R", "from": [13, 0, 6], "to": [14, 6, 10], "faces": { "down": { "uv": [0, 9, 4, 10], "texture": "#texture", "rotation": 270 }, "up": { "uv": [0, 2, 4, 3], "texture": "#texture", "rotation": 90 }, "north": { "uv": [4, 3, 5, 9], "texture": "#texture" }, "south": { "uv": [4, 3, 5, 9], "texture": "#texture" }, "west": { "uv": [0, 3, 4, 9], "texture": "#texture" }, "east": { "uv": [0, 3, 4, 9], "texture": "#texture" } } }, { "__comment": "Bottom", "from": [3, 0, 6], "to": [13, 1, 10], "faces": { "down": { "uv": [6, 0, 16, 4], "texture": "#texture", "rotation": 180 }, "up": { "uv": [6, 0, 16, 4], "texture": "#texture", "rotation": 180 }, "north": { "uv": [6, 3, 16, 4], "texture": "#texture" }, "south": { "uv": [6, 3, 16, 4], "texture": "#texture" }, "west": { "uv": [6, 0, 7, 4], "texture": "#texture" }, "east": { "uv": [6, 0, 7, 4], "texture": "#texture" } } }], "display": { "thirdperson_righthand": { "rotation": [0, 90, 90], "translation": [0, -1.711, 4.3614] }, "thirdperson_lefthand": { "rotation": [0, 90, 90], "translation": [0, -1.711, 4.3614] }, "firstperson_righthand": { "translation": [0, 3.5951, 0] }, "firstperson_lefthand": { "translation": [0, 3.5951, 0] }, "gui": { "rotation": [26, -28, 0], "translation": [0, 2.3532, 0], "scale": [0.75, 0.75, 0.75] }, "head": { "translation": [0, -30.02, 0], "scale": [1.65, 1.65, 1.65] }, "ground": { "translation": [0, 5, 0], "scale": [0.7, 0.7, 0.7] } } }