{ "credit": "Model by Elsweyr, forked by HypariaMC", "textures": { "particle": "hyparia:furniture/bedroll_rolled", "texture": "hyparia:furniture/bedroll_rolled" }, "elements": [{ "__comment": "Pillow", "from": [0, 0, 6], "to": [16, 4, 10], "rotation": { "origin": [0, 0, 6], "axis": "x", "angle": 0 }, "faces": { "down": { "uv": [16, 4, 0, 8], "texture": "#texture" }, "up": { "uv": [16, 12, 0, 8], "texture": "#texture" }, "north": { "uv": [0, 12, 16, 16], "texture": "#texture" }, "south": { "uv": [16, 4, 0, 8], "texture": "#texture" }, "west": { "uv": [12, 0, 16, 3.999999], "texture": "#texture" }, "east": { "uv": [16, 0, 12, 3.999999], "texture": "#texture" } } }], "display": { "thirdperson_righthand": { "translation": [0, 4.2309, 0], "scale": [0.5, 0.5, 0.5] }, "thirdperson_lefthand": { "translation": [0, 4.2309, 0], "scale": [0.5, 0.5, 0.5] }, "firstperson_righthand": { "translation": [0, 4.2608, 0], "scale": [0.5, 0.5, 0.5] }, "firstperson_lefthand": { "translation": [0, 4.2608, 0], "scale": [0.5, 0.5, 0.5] }, "gui": { "rotation": [36, 154, 0], "translation": [0, 2.0869, 0], "scale": [0.5, 0.5, 0.5] }, "head": { "translation": [0, -30.02, 0], "scale": [1.65, 1.65, 1.65] }, "ground": { "translation": [0, 3.6358, 0], "scale": [0.5, 0.5, 0.5] } } }