{ "credit": "Model by Elsweyr, forked by HypariaMC", "textures": { "particle": "hyparia:furniture/carrots", "texture": "hyparia:furniture/carrots" }, "elements": [{ "name": "Large Carrot", "from": [7.5, 0, 7.5], "to": [8.5, 6, 8.5], "faces": { "north": { "uv": [13, 10, 14, 16], "texture": "#texture" }, "east": { "uv": [13, 10, 14, 16], "texture": "#texture" }, "south": { "uv": [13, 10, 14, 16], "texture": "#texture" }, "west": { "uv": [13, 10, 14, 16], "texture": "#texture" }, "up": { "uv": [12, 9, 13, 10], "texture": "#texture" }, "down": { "uv": [15, 15, 16, 16], "texture": "#texture" } } }, { "name": "Medium Carrot", "from": [7, 1, 8.5], "to": [8, 6, 9.5], "faces": { "north": { "uv": [14, 10, 15, 15], "texture": "#texture" }, "east": { "uv": [14, 10, 15, 15], "texture": "#texture" }, "south": { "uv": [14, 10, 15, 15], "texture": "#texture" }, "west": { "uv": [14, 10, 15, 15], "texture": "#texture" }, "up": { "uv": [12, 9, 13, 10], "texture": "#texture" }, "down": { "uv": [15, 15, 16, 16], "texture": "#texture" } } }, { "name": "Small Carrot", "from": [8, 2, 8.5], "to": [9, 6, 9.5], "faces": { "north": { "uv": [15, 10, 16, 14], "texture": "#texture" }, "east": { "uv": [15, 10, 16, 14], "texture": "#texture" }, "south": { "uv": [15, 10, 16, 14], "texture": "#texture" }, "west": { "uv": [15, 10, 16, 14], "texture": "#texture" }, "up": { "uv": [12, 9, 13, 10], "texture": "#texture" }, "down": { "uv": [15, 15, 16, 16], "texture": "#texture" } } }, { "name": "Leaves 1", "from": [6, 6, 8.5], "to": [11, 13, 8.501], "faces": { "north": { "uv": [0, 9, 5, 16], "texture": "#texture" }, "south": { "uv": [5, 9, 0, 16], "texture": "#texture" } } }, { "name": "Leaves 2", "from": [8, 6, 5.5], "to": [8.001, 13, 10.5], "faces": { "east": { "uv": [5, 9, 0, 16], "texture": "#texture" }, "west": { "uv": [0, 9, 5, 16], "texture": "#texture" } } }], "display": { "thirdperson_righthand": { "translation": [0, 3, 0], "scale": [0.5, 0.5, 0.5] }, "thirdperson_lefthand": { "translation": [0, 3, 0], "scale": [0.5, 0.5, 0.5] }, "firstperson_righthand": { "rotation": [0, 30, 0] }, "firstperson_lefthand": { "rotation": [0, 30, 0] }, "gui": { "rotation": [3, 144, 20], "translation": [0, 1.5054, 0] }, "head": { "translation": [0, -30, 0], "scale": [1.65, 1.65, 1.65] }, "ground": { "translation": [0, 5, 0], "scale": [0.7, 0.7, 0.7] } } }