{ "credit": "Model by Elsweyr, forked by HypariaMC", "textures": { "particle": "hyparia:furniture/gem_calipers", "texture": "hyparia:furniture/gem_calipers" }, "elements": [{ "__comment": "Base", "from": [2, 0, 6], "to": [14, 1, 10], "faces": { "down": { "uv": [4, 9, 16, 5], "texture": "#texture" }, "up": { "uv": [4, 0, 16, 4], "texture": "#texture" }, "north": { "uv": [4, 4, 16, 5], "texture": "#texture" }, "south": { "uv": [4, 4, 16, 5], "texture": "#texture" }, "west": { "uv": [3, 0, 4, 4], "texture": "#texture", "rotation": 270 }, "east": { "uv": [3, 0, 4, 4], "texture": "#texture", "rotation": 90 } } }, { "__comment": "Post L", "from": [2.5, 1, 8.5], "to": [3.5, 9, 9.5], "faces": { "down": { "uv": [1, 15, 2, 16], "texture": "#texture" }, "up": { "uv": [1, 14, 2, 15], "texture": "#texture" }, "north": { "uv": [0, 8, 1, 16], "texture": "#texture" }, "south": { "uv": [0, 8, 1, 16], "texture": "#texture" }, "west": { "uv": [0, 8, 1, 16], "texture": "#texture" }, "east": { "uv": [0, 8, 1, 16], "texture": "#texture" } } }, { "__comment": "Post R", "from": [12.5, 1, 8.5], "to": [13.5, 9, 9.5], "faces": { "down": { "uv": [1, 15, 2, 16], "texture": "#texture" }, "up": { "uv": [1, 14, 2, 15], "texture": "#texture" }, "north": { "uv": [0, 8, 1, 16], "texture": "#texture" }, "south": { "uv": [0, 8, 1, 16], "texture": "#texture" }, "west": { "uv": [0, 8, 1, 16], "texture": "#texture" }, "east": { "uv": [0, 8, 1, 16], "texture": "#texture" } } }, { "__comment": "Anchor L", "from": [2.5, 9, 8], "to": [3.5, 11, 10], "faces": { "down": { "uv": [2.5, 14, 3.5, 16], "texture": "#texture" }, "up": { "uv": [2.5, 14, 3.5, 16], "texture": "#texture" }, "north": { "uv": [2.5, 14, 3.5, 16], "texture": "#texture" }, "south": { "uv": [2.5, 14, 3.5, 16], "texture": "#texture" }, "west": { "uv": [2, 14, 4, 16], "texture": "#texture" }, "east": { "uv": [2, 14, 4, 16], "texture": "#texture" } } }, { "__comment": "Holder L", "from": [1.5, 9.5, 8.5], "to": [5.5, 10.5, 9.5], "faces": { "down": { "uv": [4, 15, 8, 16], "texture": "#texture" }, "up": { "uv": [4, 15, 8, 16], "texture": "#texture" }, "north": { "uv": [4, 15, 8, 16], "texture": "#texture" }, "south": { "uv": [4, 15, 8, 16], "texture": "#texture" }, "west": { "uv": [7, 15, 8, 16], "texture": "#texture" }, "east": { "uv": [7, 15, 8, 16], "texture": "#texture" } } }, { "__comment": "Holder R", "from": [10.5, 9.5, 8.5], "to": [14.5, 10.5, 9.5], "faces": { "down": { "uv": [4, 15, 8, 16], "texture": "#texture" }, "up": { "uv": [4, 15, 8, 16], "texture": "#texture" }, "north": { "uv": [4, 15, 8, 16], "texture": "#texture" }, "south": { "uv": [4, 15, 8, 16], "texture": "#texture" }, "west": { "uv": [7, 15, 8, 16], "texture": "#texture" }, "east": { "uv": [7, 15, 8, 16], "texture": "#texture" } } }, { "__comment": "Anchor R", "from": [12.5, 9, 8], "to": [13.5, 11, 10], "faces": { "down": { "uv": [2.5, 14, 3.5, 16], "texture": "#texture" }, "up": { "uv": [2.5, 14, 3.5, 16], "texture": "#texture" }, "north": { "uv": [2.5, 14, 3.5, 16], "texture": "#texture" }, "south": { "uv": [2.5, 14, 3.5, 16], "texture": "#texture" }, "west": { "uv": [2, 14, 4, 16], "texture": "#texture" }, "east": { "uv": [2, 14, 4, 16], "texture": "#texture" } } }, { "__comment": "Crystal", "from": [8, 8, 7.5], "to": [11, 11, 10.5], "rotation": { "origin": [8, 8, 7.5], "axis": "z", "angle": 45 }, "faces": { "down": { "uv": [13, 9, 16, 12], "texture": "#texture" }, "up": { "uv": [13, 9, 16, 12], "texture": "#texture" }, "north": { "uv": [13, 9, 16, 12], "texture": "#texture" }, "south": { "uv": [13, 9, 16, 12], "texture": "#texture" }, "west": { "uv": [13, 9, 16, 12], "texture": "#texture" }, "east": { "uv": [13, 9, 16, 12], "texture": "#texture" } } }, { "__comment": "Ring", "from": [5.5, 9.5, 6.5], "to": [10.5, 10.5, 11.5], "faces": { "down": { "uv": [1, 9, 6, 14], "texture": "#texture" }, "up": { "uv": [1, 9, 6, 14], "texture": "#texture" }, "north": { "uv": [6, 9, 11, 10], "texture": "#texture" }, "south": { "uv": [6, 9, 11, 10], "texture": "#texture" }, "west": { "uv": [6, 9, 11, 10], "texture": "#texture" }, "east": { "uv": [6, 9, 11, 10], "texture": "#texture" } } }], "display": { "gui": { "rotation": [24, 153, 0], "translation": [0, 1.75, 0] }, "head": { "translation": [0, -30.02, 0], "scale": [1.65, 1.65, 1.65] }, "ground": { "translation": [0, 6.1467, 0], "scale": [0.5, 0.5, 0.5] } } }