{ "credit": "Model by Elsweyr, forked by HypariaMC", "textures": { "texture": "hyparia:furniture/lantern_2" }, "elements": [{ "__comment": "Box1", "from": [4.5, 2, 5], "to": [11.5, 8, 12], "faces": { "down": { "uv": [0, 0, 7, 7], "texture": "#texture" }, "up": { "uv": [0, 0, 7, 7], "texture": "#texture" }, "north": { "uv": [0, 8, 7, 14], "texture": "#texture" }, "south": { "uv": [0, 8, 7, 14], "texture": "#texture" }, "west": { "uv": [0, 8, 7, 14], "texture": "#texture" }, "east": { "uv": [0, 8, 7, 14], "texture": "#texture" } } }, { "__comment": "Box2", "from": [5, 0, 5.5], "to": [11, 2, 11.5], "faces": { "down": { "uv": [10, 0, 16, 6], "texture": "#texture" }, "up": { "uv": [10, 0, 16, 6], "texture": "#texture" }, "north": { "uv": [0.5, 14, 6.5, 16], "texture": "#texture" }, "south": { "uv": [0.5, 14, 6.5, 16], "texture": "#texture" }, "west": { "uv": [0.5, 14, 6.5, 16], "texture": "#texture" }, "east": { "uv": [0.5, 14, 6.5, 16], "texture": "#texture" } } }, { "__comment": "Box3", "from": [5.5, 8, 6], "to": [10.5, 9, 11], "faces": { "down": { "uv": [10.5, 0.5, 15.5, 5.5], "texture": "#texture" }, "up": { "uv": [10.5, 0.5, 15.5, 5.5], "texture": "#texture" }, "north": { "uv": [1, 7, 6, 8], "texture": "#texture" }, "south": { "uv": [1, 7, 6, 8], "texture": "#texture" }, "west": { "uv": [1, 7, 6, 8], "texture": "#texture" }, "east": { "uv": [1, 7, 6, 8], "texture": "#texture" } } }, { "__comment": "Box4", "from": [6.5, 9, 7], "to": [9.5, 11, 10], "faces": { "down": { "uv": [7, 2, 10, 5], "texture": "#texture" }, "up": { "uv": [7, 2, 10, 5], "texture": "#texture" }, "north": { "uv": [7, 0, 10, 2], "texture": "#texture" }, "south": { "uv": [7, 0, 10, 2], "texture": "#texture" }, "west": { "uv": [7, 0, 10, 2], "texture": "#texture" }, "east": { "uv": [7, 0, 10, 2], "texture": "#texture" } } }, { "__comment": "PlaneZ5", "from": [9, 0.5, 8.5], "to": [14, 10.5, 8.501], "faces": { "north": { "uv": [16, 6, 11, 16], "texture": "#texture" }, "south": { "uv": [11, 6, 16, 16], "texture": "#texture" } } }, { "__comment": "PlaneZ6", "from": [2, 0.5, 8.5], "to": [7, 10.5, 8.501], "faces": { "north": { "uv": [11, 6, 16, 16], "texture": "#texture" }, "south": { "uv": [16, 6, 11, 16], "texture": "#texture" } } }, { "__comment": "PlaneZ7", "from": [8, 10.5, 8.5], "to": [11, 18.5, 8.501], "faces": { "north": { "uv": [10, 8, 7, 16], "texture": "#texture" }, "south": { "uv": [7, 8, 10, 16], "texture": "#texture" } } }, { "__comment": "PlaneZ8", "from": [5, 10.5, 8.5], "to": [8, 18.5, 8.501], "faces": { "north": { "uv": [7, 8, 10, 16], "texture": "#texture" }, "south": { "uv": [10, 8, 7, 16], "texture": "#texture" } } }], "display": { "thirdperson_righthand": { "rotation": [93, 0, 0], "translation": [0, -1.331, -3.61] }, "thirdperson_lefthand": { "rotation": [93, 0, 0], "translation": [0, -1.331, -3.61] }, "gui": { "rotation": [17, -24, 0], "translation": [0, -0.597, 0], "scale": [0.75, 0.75, 0.75] }, "head": { "translation": [0, -30.03, 0], "scale": [1.65, 1.65, 1.65] }, "ground": { "translation": [0, 5.0489, 0] } } }