{ "credit": "Model by Elsweyr, forked by HypariaMC", "textures": { "texture": "hyparia:furniture/pillow_throw_blue" }, "elements": [{ "__comment": "Box1", "from": [2, 0, 2], "to": [14, 3, 14], "faces": { "down": { "uv": [10, 0, 16, 6], "texture": "#texture" }, "up": { "uv": [10, 0, 16, 6], "texture": "#texture" }, "north": { "uv": [10, 6, 16, 7.5], "texture": "#texture" }, "south": { "uv": [10, 6, 16, 7.5], "texture": "#texture" }, "west": { "uv": [10, 6, 16, 7.5], "texture": "#texture" }, "east": { "uv": [10, 6, 16, 7.5], "texture": "#texture" } } }, { "__comment": "PlaneY2", "from": [0.5, 1.5, 0.5], "to": [15.5, 1.501, 15.5], "faces": { "down": { "uv": [16, 8.5, 8.5, 16], "texture": "#texture" }, "up": { "uv": [8.5, 8.5, 16, 16], "texture": "#texture" } } }, { "__comment": "Box1", "from": [1.75, -0.25, 1.75], "to": [14.25, 3.25, 14.25], "faces": { "down": { "uv": [0, 8.5, 6, 14.5], "texture": "#texture" }, "up": { "uv": [0, 8.5, 6, 14.5], "texture": "#texture" }, "north": { "uv": [0, 14.5, 6, 16], "texture": "#texture" }, "south": { "uv": [0, 14.5, 6, 16], "texture": "#texture" }, "west": { "uv": [0, 14.5, 6, 16], "texture": "#texture" }, "east": { "uv": [0, 14.5, 6, 16], "texture": "#texture" } } }], "display": { "thirdperson_righthand": { "translation": [0, 7.0788, 0] }, "thirdperson_lefthand": { "translation": [0, 7.0788, 0] }, "firstperson_righthand": { "translation": [0, 5.1847, 0] }, "firstperson_lefthand": { "translation": [0, 5.1847, 0] }, "gui": { "rotation": [30, -33, 0], "translation": [0, 3.0, 0], "scale": [0.75, 0.75, 0.75] }, "head": { "translation": [0, -31, 0], "scale": [1.5, 1.5, 1.5] }, "ground": { "translation": [0, 5, 0], "scale": [0.5, 0.5, 0.5] } } }