{ "credit": "Model by Heliosard", "textures": { "0": "block/spruce_planks", "particle": "block/spruce_planks" }, "elements": [{ "from": [5.5, 0, 6.5], "to": [8.5, 16, 9.5], "rotation": { "angle": 0, "axis": "y", "origin": [13.5, 9, 14.5] }, "faces": { "north": { "uv": [0, 0, 3, 16], "texture": "#0" }, "east": { "uv": [9, 0, 12, 16], "texture": "#0" }, "south": { "uv": [6, 0, 9, 16], "texture": "#0" }, "west": { "uv": [3, 0, 6, 16], "texture": "#0" }, "up": { "uv": [6, 12, 9, 15], "texture": "#0" }, "down": { "uv": [6, 12, 9, 15], "texture": "#0" } } }], "display": { "head": { "translation": [0, -30.42, 0], "scale": [1.6, 1.6, 1.6] } }, "groups": [{ "name": "group", "origin": [13.5, 9, 14.5], "children": [0] }] }