{
    "parent": "item/handheld",
    "textures": {
        "layer0": "item/diamond_sword"
    },
    "overrides": [{
            "predicate": {
                "custom_model_data": 1
            },
            "model": "item/hyparia/packs/zelda/sword"
        },
        {
            "predicate": {
                "custom_model_data": 2
            },
            "model": "item/hyparia/packs/leona/sword"
        },
        {
            "predicate": {
                "custom_model_data": 3
            },
            "model": "item/hyparia/packs/dark_leona/sword"
        },
        {
            "predicate": {
                "custom_model_data": 4
            },
            "model": "item/hyparia/packs/avengers/sword"
        },
        {
            "predicate": {
                "custom_model_data": 5
            },
            "model": "item/hyparia/packs/cloud/sword"
        },   
		{
            "predicate": {
                "custom_model_data": 6
            },
            "model": "item/hyparia/packs/basique/sword"
        },
 		{
            "predicate": {
                "custom_model_data": 7
            },
            "model": "item/hyparia/packs/rust/sword"
        }
    ]
}