{
    "parent": "item/handheld",
    "textures": {
        "layer0": "item/diamond_hoe"
    },
    "overrides": [
        {
            "predicate": {
                "custom_model_data": 2
            },
            "model": "item/hyparia/packs/leona/hoe"	
        },
        {
            "predicate": {
                "custom_model_data": 3
            },
            "model": "item/hyparia/packs/dark_leona/hoe"	
        },
        {
            "predicate": {
                "custom_model_data": 4
            },
            "model": "item/hyparia/packs/basique/hoe"	
        },
        {
            "predicate": {
                "custom_model_data": 5
            },
            "model": "item/hyparia/packs/rust/hoe"	
        }
    ]
}