{ "credit": "Model by Elsweyr, forked by HypariaMC", "textures": { "particle": "hyparia:furniture/box", "texture": "hyparia:furniture/box", "grapes": "hyparia:furniture/grapes_green" }, "elements": [{ "__comment": "Front", "from": [2, 0, 0], "to": [14, 6, 1], "faces": { "down": { "uv": [10, 9, 16, 9.5], "texture": "#texture" }, "up": { "uv": [10, 9.5, 16, 9], "texture": "#texture" }, "north": { "uv": [10, 9.5, 16, 12.5], "texture": "#texture" }, "south": { "uv": [10, 9.5, 16, 12.5], "texture": "#texture" }, "west": { "uv": [9.5, 9.5, 10, 12.5], "texture": "#texture" }, "east": { "uv": [9.5, 9.5, 10, 12.5], "texture": "#texture" } } }, { "__comment": "Back", "from": [2, 0, 15], "to": [14, 6, 16], "faces": { "down": { "uv": [10, 9, 16, 9.5], "texture": "#texture" }, "up": { "uv": [10, 9, 16, 9.5], "texture": "#texture" }, "north": { "uv": [10, 9.5, 16, 12.5], "texture": "#texture" }, "south": { "uv": [10, 9.5, 16, 12.5], "texture": "#texture" }, "west": { "uv": [9.5, 9.5, 10, 12.5], "texture": "#texture" }, "east": { "uv": [9.5, 9.5, 10, 12.5], "texture": "#texture" } } }, { "__comment": "Side L", "from": [2.5, 0, 1], "to": [3.5, 6, 15], "faces": { "down": { "uv": [9, 12.5, 16, 13], "texture": "#texture", "rotation": 270 }, "up": { "uv": [9, 12.5, 16, 13], "texture": "#texture", "rotation": 90 }, "north": { "uv": [8.5, 13, 9, 16], "texture": "#texture" }, "south": { "uv": [8.5, 13, 9, 16], "texture": "#texture" }, "west": { "uv": [9, 13, 16, 16], "texture": "#texture" }, "east": { "uv": [9, 13, 16, 16], "texture": "#texture" } } }, { "__comment": "Side R", "from": [12.5, 0, 1], "to": [13.5, 6, 15], "faces": { "down": { "uv": [9, 12.5, 16, 13], "texture": "#texture", "rotation": 270 }, "up": { "uv": [9, 12.5, 16, 13], "texture": "#texture", "rotation": 90 }, "north": { "uv": [8.5, 13, 9, 16], "texture": "#texture" }, "south": { "uv": [8.5, 13, 9, 16], "texture": "#texture" }, "west": { "uv": [9, 13, 16, 16], "texture": "#texture" }, "east": { "uv": [9, 13, 16, 16], "texture": "#texture" } } }, { "__comment": "Peg", "from": [3.5, 0, 1], "to": [4.5, 7, 2], "faces": { "down": { "uv": [7.5, 11, 8, 11.5], "texture": "#texture" }, "up": { "uv": [7.5, 12, 8, 12.5], "texture": "#texture" }, "north": { "uv": [8, 12.5, 8.5, 16], "texture": "#texture" }, "south": { "uv": [8, 12.5, 8.5, 16], "texture": "#texture" }, "west": { "uv": [8, 12.5, 8.5, 16], "texture": "#texture" }, "east": { "uv": [8, 12.5, 8.5, 16], "texture": "#texture" } } }, { "__comment": "Peg", "from": [11.5, 0, 1], "to": [12.5, 7, 2], "faces": { "down": { "uv": [7.5, 10.5, 8, 11], "texture": "#texture" }, "up": { "uv": [7.5, 12, 8, 12.5], "texture": "#texture" }, "north": { "uv": [8, 12.5, 8.5, 16], "texture": "#texture" }, "south": { "uv": [8, 12.5, 8.5, 16], "texture": "#texture" }, "west": { "uv": [8, 12.5, 8.5, 16], "texture": "#texture" }, "east": { "uv": [8, 12.5, 8.5, 16], "texture": "#texture" } } }, { "__comment": "Peg", "from": [11.5, 0, 14], "to": [12.5, 7, 15], "faces": { "down": { "uv": [7.5, 10.5, 8, 11], "texture": "#texture" }, "up": { "uv": [7.5, 12, 8, 12.5], "texture": "#texture" }, "north": { "uv": [8, 12.5, 8.5, 16], "texture": "#texture" }, "south": { "uv": [8, 12.5, 8.5, 16], "texture": "#texture" }, "west": { "uv": [8, 12.5, 8.5, 16], "texture": "#texture" }, "east": { "uv": [8, 12.5, 8.5, 16], "texture": "#texture" } } }, { "__comment": "Peg", "from": [3.5, 0, 14], "to": [4.5, 7, 15], "faces": { "down": { "uv": [7.5, 11, 8, 11.5], "texture": "#texture" }, "up": { "uv": [7.5, 12, 8, 12.5], "texture": "#texture" }, "north": { "uv": [8, 12.5, 8.5, 16], "texture": "#texture" }, "south": { "uv": [8, 12.5, 8.5, 16], "texture": "#texture" }, "west": { "uv": [8, 12.5, 8.5, 16], "texture": "#texture" }, "east": { "uv": [8, 12.5, 8.5, 16], "texture": "#texture" } } }, { "__comment": "Bottom", "from": [3.5, 0, 1], "to": [12.5, 1, 15], "faces": { "down": { "uv": [0, 9, 4.5, 16], "texture": "#texture" }, "up": { "uv": [0, 9, 4.5, 16], "texture": "#texture" }, "north": { "uv": [3.5, 15, 12.5, 16], "texture": "#texture" }, "south": { "uv": [3.5, 15, 12.5, 16], "texture": "#texture" }, "west": { "uv": [1, 15, 15, 16], "texture": "#texture" }, "east": { "uv": [1, 15, 15, 16], "texture": "#texture" } } }, { "__comment": "Box30", "from": [7, 1, 11], "to": [8, 2, 12], "faces": { "down": { "uv": [12, 12, 14, 14], "texture": "#grapes" }, "up": { "uv": [12, 12, 14, 14], "texture": "#grapes" }, "north": { "uv": [12, 12, 14, 14], "texture": "#grapes" }, "south": { "uv": [12, 12, 14, 14], "texture": "#grapes" }, "west": { "uv": [12, 12, 14, 14], "texture": "#grapes" }, "east": { "uv": [12, 12, 14, 14], "texture": "#grapes" } } }, { "__comment": "Box30", "from": [6.5, 2, 11.5], "to": [7.5, 3, 12.5], "faces": { "down": { "uv": [10, 10, 12, 12], "texture": "#grapes" }, "up": { "uv": [10, 10, 12, 12], "texture": "#grapes" }, "north": { "uv": [10, 10, 12, 12], "texture": "#grapes" }, "south": { "uv": [10, 10, 12, 12], "texture": "#grapes" }, "west": { "uv": [10, 10, 12, 12], "texture": "#grapes" }, "east": { "uv": [10, 10, 12, 12], "texture": "#grapes" } } }, { "__comment": "Box30", "from": [5.5, 2.5, 11.5], "to": [6.5, 3.5, 12.5], "faces": { "down": { "uv": [10, 10, 12, 12], "texture": "#grapes" }, "up": { "uv": [10, 10, 12, 12], "texture": "#grapes" }, "north": { "uv": [10, 10, 12, 12], "texture": "#grapes" }, "south": { "uv": [10, 10, 12, 12], "texture": "#grapes" }, "west": { "uv": [10, 10, 12, 12], "texture": "#grapes" }, "east": { "uv": [10, 10, 12, 12], "texture": "#grapes" } } }, { "__comment": "Box30", "from": [6, 2, 10.5], "to": [7, 3, 11.5], "faces": { "down": { "uv": [10, 10, 12, 12], "texture": "#grapes" }, "up": { "uv": [10, 10, 12, 12], "texture": "#grapes" }, "north": { "uv": [10, 10, 12, 12], "texture": "#grapes" }, "south": { "uv": [10, 10, 12, 12], "texture": "#grapes" }, "west": { "uv": [10, 10, 12, 12], "texture": "#grapes" }, "east": { "uv": [10, 10, 12, 12], "texture": "#grapes" } } }, { "__comment": "Box30", "from": [5, 1.5, 11], "to": [6, 2.5, 12], "faces": { "down": { "uv": [12, 12, 14, 14], "texture": "#grapes" }, "up": { "uv": [12, 12, 14, 14], "texture": "#grapes" }, "north": { "uv": [12, 12, 14, 14], "texture": "#grapes" }, "south": { "uv": [12, 12, 14, 14], "texture": "#grapes" }, "west": { "uv": [12, 12, 14, 14], "texture": "#grapes" }, "east": { "uv": [12, 12, 14, 14], "texture": "#grapes" } } }, { "__comment": "Box30", "from": [5.5, 3, 12.5], "to": [6.5, 4, 13.5], "faces": { "down": { "uv": [12, 12, 14, 14], "texture": "#grapes" }, "up": { "uv": [12, 12, 14, 14], "texture": "#grapes" }, "north": { "uv": [12, 12, 14, 14], "texture": "#grapes" }, "south": { "uv": [12, 12, 14, 14], "texture": "#grapes" }, "west": { "uv": [12, 12, 14, 14], "texture": "#grapes" }, "east": { "uv": [12, 12, 14, 14], "texture": "#grapes" } } }, { "__comment": "Box30", "from": [4.5, 3, 11.5], "to": [5.5, 4, 12.5], "faces": { "down": { "uv": [10, 10, 12, 12], "texture": "#grapes" }, "up": { "uv": [10, 10, 12, 12], "texture": "#grapes" }, "north": { "uv": [10, 10, 12, 12], "texture": "#grapes" }, "south": { "uv": [10, 10, 12, 12], "texture": "#grapes" }, "west": { "uv": [10, 10, 12, 12], "texture": "#grapes" }, "east": { "uv": [10, 10, 12, 12], "texture": "#grapes" } } }, { "__comment": "Box30", "from": [5, 2, 12], "to": [6, 3, 13], "faces": { "down": { "uv": [12, 12, 14, 14], "texture": "#grapes" }, "up": { "uv": [12, 12, 14, 14], "texture": "#grapes" }, "north": { "uv": [12, 12, 14, 14], "texture": "#grapes" }, "south": { "uv": [12, 12, 14, 14], "texture": "#grapes" }, "west": { "uv": [12, 12, 14, 14], "texture": "#grapes" }, "east": { "uv": [12, 12, 14, 14], "texture": "#grapes" } } }, { "__comment": "Box30", "from": [3.5, 3.5, 11], "to": [4.5, 4.5, 12], "faces": { "down": { "uv": [12, 12, 14, 14], "texture": "#grapes" }, "up": { "uv": [12, 12, 14, 14], "texture": "#grapes" }, "north": { "uv": [12, 12, 14, 14], "texture": "#grapes" }, "south": { "uv": [12, 12, 14, 14], "texture": "#grapes" }, "west": { "uv": [12, 12, 14, 14], "texture": "#grapes" }, "east": { "uv": [12, 12, 14, 14], "texture": "#grapes" } } }, { "__comment": "Box30", "from": [4.5, 3.5, 12.5], "to": [5.5, 4.5, 13.5], "faces": { "down": { "uv": [12, 12, 14, 14], "texture": "#grapes" }, "up": { "uv": [12, 12, 14, 14], "texture": "#grapes" }, "north": { "uv": [12, 12, 14, 14], "texture": "#grapes" }, "south": { "uv": [12, 12, 14, 14], "texture": "#grapes" }, "west": { "uv": [12, 12, 14, 14], "texture": "#grapes" }, "east": { "uv": [12, 12, 14, 14], "texture": "#grapes" } } }, { "__comment": "Box30", "from": [3.5, 4, 12], "to": [4.5, 5, 13], "faces": { "down": { "uv": [10, 10, 12, 12], "texture": "#grapes" }, "up": { "uv": [10, 10, 12, 12], "texture": "#grapes" }, "north": { "uv": [10, 10, 12, 12], "texture": "#grapes" }, "south": { "uv": [10, 10, 12, 12], "texture": "#grapes" }, "west": { "uv": [10, 10, 12, 12], "texture": "#grapes" }, "east": { "uv": [10, 10, 12, 12], "texture": "#grapes" } } }, { "__comment": "Box30", "from": [3.5, 3, 12.5], "to": [4.5, 4, 13.5], "faces": { "down": { "uv": [12, 12, 14, 14], "texture": "#grapes" }, "up": { "uv": [12, 12, 14, 14], "texture": "#grapes" }, "north": { "uv": [12, 12, 14, 14], "texture": "#grapes" }, "south": { "uv": [12, 12, 14, 14], "texture": "#grapes" }, "west": { "uv": [12, 12, 14, 14], "texture": "#grapes" }, "east": { "uv": [12, 12, 14, 14], "texture": "#grapes" } } }, { "__comment": "Box30", "from": [4.5, 4, 13.5], "to": [5.5, 5, 14.5], "faces": { "down": { "uv": [10, 10, 12, 12], "texture": "#grapes" }, "up": { "uv": [10, 10, 12, 12], "texture": "#grapes" }, "north": { "uv": [10, 10, 12, 12], "texture": "#grapes" }, "south": { "uv": [10, 10, 12, 12], "texture": "#grapes" }, "west": { "uv": [10, 10, 12, 12], "texture": "#grapes" }, "east": { "uv": [10, 10, 12, 12], "texture": "#grapes" } } }, { "__comment": "Box30", "from": [3.5, 4.5, 13], "to": [4.5, 5.5, 14], "faces": { "down": { "uv": [10, 10, 12, 12], "texture": "#grapes" }, "up": { "uv": [10, 10, 12, 12], "texture": "#grapes" }, "north": { "uv": [10, 10, 12, 12], "texture": "#grapes" }, "south": { "uv": [10, 10, 12, 12], "texture": "#grapes" }, "west": { "uv": [10, 10, 12, 12], "texture": "#grapes" }, "east": { "uv": [10, 10, 12, 12], "texture": "#grapes" } } }, { "__comment": "PlaneZ44", "from": [2, 5, 13.5], "to": [4, 8, 13.501], "faces": { "north": { "uv": [4, 10, 0, 16], "texture": "#grapes" }, "south": { "uv": [5, 10, 9, 16], "texture": "#grapes" } } }, { "__comment": "Box30", "from": [7, 1, 4.5], "to": [8, 2, 5.5], "rotation": { "origin": [8, 1, 5.5], "axis": "y", "angle": -22.5 }, "faces": { "down": { "uv": [12, 12, 14, 14], "texture": "#grapes", "rotation": 180 }, "up": { "uv": [12, 12, 14, 14], "texture": "#grapes", "rotation": 180 }, "north": { "uv": [12, 12, 14, 14], "texture": "#grapes" }, "south": { "uv": [12, 12, 14, 14], "texture": "#grapes" }, "west": { "uv": [12, 12, 14, 14], "texture": "#grapes" }, "east": { "uv": [12, 12, 14, 14], "texture": "#grapes" } } }, { "__comment": "Box30", "from": [7.5, 2, 4], "to": [8.5, 3, 5], "rotation": { "origin": [8, 1, 5.5], "axis": "y", "angle": -22.5 }, "faces": { "down": { "uv": [10, 10, 12, 12], "texture": "#grapes", "rotation": 180 }, "up": { "uv": [10, 10, 12, 12], "texture": "#grapes", "rotation": 180 }, "north": { "uv": [10, 10, 12, 12], "texture": "#grapes" }, "south": { "uv": [10, 10, 12, 12], "texture": "#grapes" }, "west": { "uv": [10, 10, 12, 12], "texture": "#grapes" }, "east": { "uv": [10, 10, 12, 12], "texture": "#grapes" } } }, { "__comment": "Box30", "from": [8.5, 2.5, 4], "to": [9.5, 3.5, 5], "rotation": { "origin": [8, 1, 5.5], "axis": "y", "angle": -22.5 }, "faces": { "down": { "uv": [10, 10, 12, 12], "texture": "#grapes", "rotation": 180 }, "up": { "uv": [10, 10, 12, 12], "texture": "#grapes", "rotation": 180 }, "north": { "uv": [10, 10, 12, 12], "texture": "#grapes" }, "south": { "uv": [10, 10, 12, 12], "texture": "#grapes" }, "west": { "uv": [10, 10, 12, 12], "texture": "#grapes" }, "east": { "uv": [10, 10, 12, 12], "texture": "#grapes" } } }, { "__comment": "Box30", "from": [8, 2, 5], "to": [9, 3, 6], "rotation": { "origin": [8, 1, 5.5], "axis": "y", "angle": -22.5 }, "faces": { "down": { "uv": [10, 10, 12, 12], "texture": "#grapes", "rotation": 180 }, "up": { "uv": [10, 10, 12, 12], "texture": "#grapes", "rotation": 180 }, "north": { "uv": [10, 10, 12, 12], "texture": "#grapes" }, "south": { "uv": [10, 10, 12, 12], "texture": "#grapes" }, "west": { "uv": [10, 10, 12, 12], "texture": "#grapes" }, "east": { "uv": [10, 10, 12, 12], "texture": "#grapes" } } }, { "__comment": "Box30", "from": [9, 1.5, 4.5], "to": [10, 2.5, 5.5], "rotation": { "origin": [8, 1, 5.5], "axis": "y", "angle": -22.5 }, "faces": { "down": { "uv": [12, 12, 14, 14], "texture": "#grapes", "rotation": 180 }, "up": { "uv": [12, 12, 14, 14], "texture": "#grapes", "rotation": 180 }, "north": { "uv": [12, 12, 14, 14], "texture": "#grapes" }, "south": { "uv": [12, 12, 14, 14], "texture": "#grapes" }, "west": { "uv": [12, 12, 14, 14], "texture": "#grapes" }, "east": { "uv": [12, 12, 14, 14], "texture": "#grapes" } } }, { "__comment": "Box30", "from": [8.5, 3, 3], "to": [9.5, 4, 4], "rotation": { "origin": [8, 1, 5.5], "axis": "y", "angle": -22.5 }, "faces": { "down": { "uv": [12, 12, 14, 14], "texture": "#grapes", "rotation": 180 }, "up": { "uv": [12, 12, 14, 14], "texture": "#grapes", "rotation": 180 }, "north": { "uv": [12, 12, 14, 14], "texture": "#grapes" }, "south": { "uv": [12, 12, 14, 14], "texture": "#grapes" }, "west": { "uv": [12, 12, 14, 14], "texture": "#grapes" }, "east": { "uv": [12, 12, 14, 14], "texture": "#grapes" } } }, { "__comment": "Box30", "from": [9.5, 3, 4], "to": [10.5, 4, 5], "rotation": { "origin": [8, 1, 5.5], "axis": "y", "angle": -22.5 }, "faces": { "down": { "uv": [10, 10, 12, 12], "texture": "#grapes", "rotation": 180 }, "up": { "uv": [10, 10, 12, 12], "texture": "#grapes", "rotation": 180 }, "north": { "uv": [10, 10, 12, 12], "texture": "#grapes" }, "south": { "uv": [10, 10, 12, 12], "texture": "#grapes" }, "west": { "uv": [10, 10, 12, 12], "texture": "#grapes" }, "east": { "uv": [10, 10, 12, 12], "texture": "#grapes" } } }, { "__comment": "Box30", "from": [9, 2, 3.5], "to": [10, 3, 4.5], "rotation": { "origin": [8, 1, 5.5], "axis": "y", "angle": -22.5 }, "faces": { "down": { "uv": [12, 12, 14, 14], "texture": "#grapes", "rotation": 180 }, "up": { "uv": [12, 12, 14, 14], "texture": "#grapes", "rotation": 180 }, "north": { "uv": [12, 12, 14, 14], "texture": "#grapes" }, "south": { "uv": [12, 12, 14, 14], "texture": "#grapes" }, "west": { "uv": [12, 12, 14, 14], "texture": "#grapes" }, "east": { "uv": [12, 12, 14, 14], "texture": "#grapes" } } }, { "__comment": "Box30", "from": [10.5, 3.5, 4.5], "to": [11.5, 4.5, 5.5], "rotation": { "origin": [8, 1, 5.5], "axis": "y", "angle": -22.5 }, "faces": { "down": { "uv": [12, 12, 14, 14], "texture": "#grapes", "rotation": 180 }, "up": { "uv": [12, 12, 14, 14], "texture": "#grapes", "rotation": 180 }, "north": { "uv": [12, 12, 14, 14], "texture": "#grapes" }, "south": { "uv": [12, 12, 14, 14], "texture": "#grapes" }, "west": { "uv": [12, 12, 14, 14], "texture": "#grapes" }, "east": { "uv": [12, 12, 14, 14], "texture": "#grapes" } } }, { "__comment": "Box30", "from": [9.5, 3.5, 3], "to": [10.5, 4.5, 4], "rotation": { "origin": [8, 1, 5.5], "axis": "y", "angle": -22.5 }, "faces": { "down": { "uv": [12, 12, 14, 14], "texture": "#grapes", "rotation": 180 }, "up": { "uv": [12, 12, 14, 14], "texture": "#grapes", "rotation": 180 }, "north": { "uv": [12, 12, 14, 14], "texture": "#grapes" }, "south": { "uv": [12, 12, 14, 14], "texture": "#grapes" }, "west": { "uv": [12, 12, 14, 14], "texture": "#grapes" }, "east": { "uv": [12, 12, 14, 14], "texture": "#grapes" } } }, { "__comment": "Box30", "from": [10.5, 4, 3.5], "to": [11.5, 5, 4.5], "rotation": { "origin": [8, 1, 5.5], "axis": "y", "angle": -22.5 }, "faces": { "down": { "uv": [10, 10, 12, 12], "texture": "#grapes", "rotation": 180 }, "up": { "uv": [10, 10, 12, 12], "texture": "#grapes", "rotation": 180 }, "north": { "uv": [10, 10, 12, 12], "texture": "#grapes" }, "south": { "uv": [10, 10, 12, 12], "texture": "#grapes" }, "west": { "uv": [10, 10, 12, 12], "texture": "#grapes" }, "east": { "uv": [10, 10, 12, 12], "texture": "#grapes" } } }, { "__comment": "Box30", "from": [10.5, 3, 3], "to": [11.5, 4, 4], "rotation": { "origin": [8, 1, 5.5], "axis": "y", "angle": -22.5 }, "faces": { "down": { "uv": [12, 12, 14, 14], "texture": "#grapes", "rotation": 180 }, "up": { "uv": [12, 12, 14, 14], "texture": "#grapes", "rotation": 180 }, "north": { "uv": [12, 12, 14, 14], "texture": "#grapes" }, "south": { "uv": [12, 12, 14, 14], "texture": "#grapes" }, "west": { "uv": [12, 12, 14, 14], "texture": "#grapes" }, "east": { "uv": [12, 12, 14, 14], "texture": "#grapes" } } }, { "__comment": "Box30", "from": [9.5, 4, 2], "to": [10.5, 5, 3], "rotation": { "origin": [8, 1, 5.5], "axis": "y", "angle": -22.5 }, "faces": { "down": { "uv": [10, 10, 12, 12], "texture": "#grapes", "rotation": 180 }, "up": { "uv": [10, 10, 12, 12], "texture": "#grapes", "rotation": 180 }, "north": { "uv": [10, 10, 12, 12], "texture": "#grapes" }, "south": { "uv": [10, 10, 12, 12], "texture": "#grapes" }, "west": { "uv": [10, 10, 12, 12], "texture": "#grapes" }, "east": { "uv": [10, 10, 12, 12], "texture": "#grapes" } } }, { "__comment": "Box30", "from": [10.5, 4.5, 2.5], "to": [11.5, 5.5, 3.5], "rotation": { "origin": [8, 1, 5.5], "axis": "y", "angle": -22.5 }, "faces": { "down": { "uv": [10, 10, 12, 12], "texture": "#grapes", "rotation": 180 }, "up": { "uv": [10, 10, 12, 12], "texture": "#grapes", "rotation": 180 }, "north": { "uv": [10, 10, 12, 12], "texture": "#grapes" }, "south": { "uv": [10, 10, 12, 12], "texture": "#grapes" }, "west": { "uv": [10, 10, 12, 12], "texture": "#grapes" }, "east": { "uv": [10, 10, 12, 12], "texture": "#grapes" } } }, { "__comment": "PlaneZ44", "from": [11, 5, 2.999], "to": [13, 8, 3], "rotation": { "origin": [8, 1, 5.5], "axis": "y", "angle": -22.5 }, "faces": { "north": { "uv": [5, 10, 9, 16], "texture": "#grapes" }, "south": { "uv": [4, 10, 0, 16], "texture": "#grapes" } } }], "display": { "thirdperson_righthand": { "translation": [0, 3.9456, 0], "scale": [0.5, 0.5, 0.5] }, "thirdperson_lefthand": { "translation": [0, 3.9456, 0], "scale": [0.5, 0.5, 0.5] }, "gui": { "rotation": [29, -23, 0], "translation": [0, 1.8505, 0], "scale": [0.5, 0.5, 0.5] }, "head": { "translation": [0, -30, 0], "scale": [1.65, 1.65, 1.65] }, "ground": { "translation": [0, 2.8641, 0], "scale": [0.5, 0.5, 0.5] } } }