{ "credit": "Model by Elsweyr, forked by HypariaMC", "textures": { "texture": "hyparia:furniture/chair" }, "elements": [{ "__comment": "Seat", "from": [1, 9, 1], "to": [15, 10, 15], "faces": { "down": { "uv": [12.5, 0, 16, 3.5], "texture": "#texture" }, "up": { "uv": [12.5, 0, 16, 3.5], "texture": "#texture" }, "north": { "uv": [16, 3.5, 12.5, 3.75], "texture": "#texture" }, "south": { "uv": [12.5, 3.5, 16, 3.75], "texture": "#texture" }, "west": { "uv": [12.25, 0, 12.5, 3.5], "texture": "#texture", "rotation": 270 }, "east": { "uv": [12.25, 0, 12.5, 3.5], "texture": "#texture", "rotation": 90 } } }, { "__comment": "Leg", "from": [1.5, 0, 12.5], "to": [3.5, 9, 14.5], "faces": { "down": { "uv": [15.5, 13, 16, 13.5], "texture": "#texture" }, "up": { "uv": [15.5, 13, 16, 13.5], "texture": "#texture" }, "north": { "uv": [15.5, 13.5, 16, 15.75], "texture": "#texture" }, "south": { "uv": [15.5, 13.5, 16, 15.75], "texture": "#texture" }, "west": { "uv": [15.5, 13.5, 16, 15.75], "texture": "#texture" }, "east": { "uv": [15.5, 13.5, 16, 15.75], "texture": "#texture" } } }, { "__comment": "Leg1", "from": [12.5, 0, 12.5], "to": [14.5, 9, 14.5], "faces": { "down": { "uv": [15.5, 13, 16, 13.5], "texture": "#texture" }, "up": { "uv": [15.5, 13, 16, 13.5], "texture": "#texture" }, "north": { "uv": [15.5, 13.5, 16, 15.75], "texture": "#texture" }, "south": { "uv": [15.5, 13.5, 16, 15.75], "texture": "#texture" }, "west": { "uv": [15.5, 13.5, 16, 15.75], "texture": "#texture" }, "east": { "uv": [15.5, 13.5, 16, 15.75], "texture": "#texture" } } }, { "__comment": "Leg2", "from": [12.5, 0, 1.5], "to": [14.5, 9, 3.5], "faces": { "down": { "uv": [15.5, 13, 16, 13.5], "texture": "#texture" }, "up": { "uv": [15.5, 13, 16, 13.5], "texture": "#texture" }, "north": { "uv": [15.5, 13.5, 16, 15.75], "texture": "#texture" }, "south": { "uv": [15.5, 13.5, 16, 15.75], "texture": "#texture" }, "west": { "uv": [15.5, 13.5, 16, 15.75], "texture": "#texture" }, "east": { "uv": [15.5, 13.5, 16, 15.75], "texture": "#texture" } } }, { "__comment": "Leg3", "from": [1.5, 0, 1.5], "to": [3.5, 9, 3.5], "faces": { "down": { "uv": [15.5, 13, 16, 13.5], "texture": "#texture" }, "up": { "uv": [15.5, 13, 16, 13.5], "texture": "#texture" }, "north": { "uv": [15.5, 13.5, 16, 15.75], "texture": "#texture" }, "south": { "uv": [15.5, 13.5, 16, 15.75], "texture": "#texture" }, "west": { "uv": [15.5, 13.5, 16, 15.75], "texture": "#texture" }, "east": { "uv": [15.5, 13.5, 16, 15.75], "texture": "#texture" } } }, { "__comment": "Box6", "from": [3.5, 7, 12.5], "to": [12.5, 9, 14.5], "faces": { "down": { "uv": [13.25, 13, 15.5, 13.5], "texture": "#texture" }, "up": { "uv": [13.25, 13, 15.5, 13.5], "texture": "#texture" }, "north": { "uv": [13.25, 13, 15.5, 13.5], "texture": "#texture" }, "south": { "uv": [13.25, 13, 15.5, 13.5], "texture": "#texture" }, "west": { "uv": [15.5, 13, 16, 13.5], "texture": "#texture" }, "east": { "uv": [15.5, 13, 16, 13.5], "texture": "#texture" } } }, { "__comment": "Box6", "from": [3.5, 7, 1.5], "to": [12.5, 9, 3.5], "faces": { "down": { "uv": [13.25, 13, 15.5, 13.5], "texture": "#texture" }, "up": { "uv": [13.25, 13, 15.5, 13.5], "texture": "#texture" }, "north": { "uv": [13.25, 13, 15.5, 13.5], "texture": "#texture" }, "south": { "uv": [13.25, 13, 15.5, 13.5], "texture": "#texture" }, "west": { "uv": [15.5, 13, 16, 13.5], "texture": "#texture" }, "east": { "uv": [15.5, 13, 16, 13.5], "texture": "#texture" } } }, { "__comment": "Box8", "from": [12.5, 7, 3.5], "to": [14.5, 9, 12.5], "faces": { "down": { "uv": [13.25, 13, 15.5, 13.5], "texture": "#texture", "rotation": 270 }, "up": { "uv": [13.25, 13, 15.5, 13.5], "texture": "#texture", "rotation": 90 }, "north": { "uv": [15.5, 13, 16, 13.5], "texture": "#texture" }, "south": { "uv": [15.5, 13, 16, 13.5], "texture": "#texture" }, "west": { "uv": [13.25, 13, 15.5, 13.5], "texture": "#texture" }, "east": { "uv": [13.25, 13, 15.5, 13.5], "texture": "#texture" } } }, { "__comment": "Box8", "from": [1.5, 7, 3.5], "to": [3.5, 9, 12.5], "faces": { "down": { "uv": [13.25, 13, 15.5, 13.5], "texture": "#texture", "rotation": 270 }, "up": { "uv": [13.25, 13, 15.5, 13.5], "texture": "#texture", "rotation": 90 }, "north": { "uv": [15.5, 13, 16, 13.5], "texture": "#texture" }, "south": { "uv": [15.5, 13, 16, 13.5], "texture": "#texture" }, "west": { "uv": [13.25, 13, 15.5, 13.5], "texture": "#texture" }, "east": { "uv": [13.25, 13, 15.5, 13.5], "texture": "#texture" } } }, { "__comment": "Box8", "from": [1.5, 1.5, 3.5], "to": [3.5, 3.5, 12.5], "faces": { "down": { "uv": [13.25, 13, 15.5, 13.5], "texture": "#texture", "rotation": 270 }, "up": { "uv": [13.25, 13, 15.5, 13.5], "texture": "#texture", "rotation": 90 }, "north": { "uv": [15.5, 13, 16, 13.5], "texture": "#texture" }, "south": { "uv": [15.5, 13, 16, 13.5], "texture": "#texture" }, "west": { "uv": [13.25, 13, 15.5, 13.5], "texture": "#texture" }, "east": { "uv": [13.25, 13, 15.5, 13.5], "texture": "#texture" } } }, { "__comment": "Box8", "from": [12.5, 1.5, 3.5], "to": [14.5, 3.5, 12.5], "faces": { "down": { "uv": [13.25, 13, 15.5, 13.5], "texture": "#texture", "rotation": 270 }, "up": { "uv": [13.25, 13, 15.5, 13.5], "texture": "#texture", "rotation": 90 }, "north": { "uv": [15.5, 13, 16, 13.5], "texture": "#texture" }, "south": { "uv": [15.5, 13, 16, 13.5], "texture": "#texture" }, "west": { "uv": [13.25, 13, 15.5, 13.5], "texture": "#texture" }, "east": { "uv": [13.25, 13, 15.5, 13.5], "texture": "#texture" } } }, { "__comment": "Box12", "from": [12.5, 10, 12.5], "to": [14.5, 23, 14.5], "faces": { "down": { "uv": [15.5, 13, 16, 13.5], "texture": "#texture" }, "up": { "uv": [15.5, 13, 16, 13.5], "texture": "#texture" }, "north": { "uv": [15.5, 9.75, 16, 13], "texture": "#texture" }, "south": { "uv": [15.5, 9.75, 16, 13], "texture": "#texture" }, "west": { "uv": [15.5, 9.75, 16, 13], "texture": "#texture" }, "east": { "uv": [15.5, 9.75, 16, 13], "texture": "#texture" } } }, { "__comment": "Box12", "from": [1.5, 10, 12.5], "to": [3.5, 23, 14.5], "faces": { "down": { "uv": [15.5, 13, 16, 13.5], "texture": "#texture" }, "up": { "uv": [15.5, 13, 16, 13.5], "texture": "#texture" }, "north": { "uv": [15.5, 9.75, 16, 13], "texture": "#texture" }, "south": { "uv": [15.5, 9.75, 16, 13], "texture": "#texture" }, "west": { "uv": [15.5, 9.75, 16, 13], "texture": "#texture" }, "east": { "uv": [15.5, 9.75, 16, 13], "texture": "#texture" } } }, { "__comment": "Box14", "from": [3.5, 15.5, 13], "to": [12.5, 21.5, 14], "faces": { "down": { "uv": [13.75, 7.25, 16, 7.5], "texture": "#texture" }, "up": { "uv": [13.75, 7.25, 16, 7.5], "texture": "#texture" }, "north": { "uv": [13.75, 7.5, 16, 9], "texture": "#texture" }, "south": { "uv": [13.75, 7.5, 16, 9], "texture": "#texture" }, "west": { "uv": [13.5, 7.5, 13.75, 9], "texture": "#texture" }, "east": { "uv": [13.5, 7.5, 13.75, 9], "texture": "#texture" } } }], "display": { "thirdperson_righthand": { "scale": [0.5, 0.5, 0.5] }, "thirdperson_lefthand": { "scale": [0.5, 0.5, 0.5] }, "firstperson_righthand": { "translation": [2.5706, 1.6413, 0], "scale": [0.5, 0.5, 0.5] }, "firstperson_lefthand": { "translation": [2.5706, 1.6413, 0], "scale": [0.5, 0.5, 0.5] }, "gui": { "rotation": [17, 151, 0], "translation": [0, -2.864, 0], "scale": [0.5, 0.5, 0.5] }, "head": { "translation": [0, -30, 0], "scale": [1.65, 1.65, 1.65] }, "ground": { "translation": [0, 5.8125, 0], "scale": [0.5, 0.5, 0.5] } } }