{ "credit": "Model by Elsweyr, forked by HypariaMC", "textures": { "texture": "hyparia:furniture/coin" }, "elements": [{ "__comment": "Box1", "from": [6.875, 2, 7.375], "to": [8.875, 2.5, 9.375], "faces": { "down": { "uv": [0, 0, 12, 12], "texture": "#texture" }, "up": { "uv": [0, 0, 12, 12], "texture": "#texture" }, "north": { "uv": [0, 14, 12, 16], "texture": "#texture" }, "south": { "uv": [0, 14, 12, 16], "texture": "#texture" }, "west": { "uv": [0, 14, 12, 16], "texture": "#texture" }, "east": { "uv": [0, 14, 12, 16], "texture": "#texture" } } }, { "__comment": "Box1", "from": [7, 0, 7.5], "to": [9, 0.5, 9.5], "faces": { "down": { "uv": [0, 0, 12, 12], "texture": "#texture" }, "up": { "uv": [0, 0, 12, 12], "texture": "#texture" }, "north": { "uv": [0, 14, 12, 16], "texture": "#texture" }, "south": { "uv": [0, 14, 12, 16], "texture": "#texture" }, "west": { "uv": [0, 14, 12, 16], "texture": "#texture" }, "east": { "uv": [0, 14, 12, 16], "texture": "#texture" } } }, { "__comment": "Box1", "from": [7.125, 0.5, 7.625], "to": [9.125, 1, 9.625], "faces": { "down": { "uv": [0, 0, 12, 12], "texture": "#texture" }, "up": { "uv": [0, 0, 12, 12], "texture": "#texture" }, "north": { "uv": [0, 14, 12, 16], "texture": "#texture" }, "south": { "uv": [0, 14, 12, 16], "texture": "#texture" }, "west": { "uv": [0, 14, 12, 16], "texture": "#texture" }, "east": { "uv": [0, 14, 12, 16], "texture": "#texture" } } }, { "__comment": "Box1", "from": [7.125, 1, 7.75], "to": [9.125, 1.5, 9.75], "faces": { "down": { "uv": [0, 0, 12, 12], "texture": "#texture" }, "up": { "uv": [0, 0, 12, 12], "texture": "#texture" }, "north": { "uv": [0, 14, 12, 16], "texture": "#texture" }, "south": { "uv": [0, 14, 12, 16], "texture": "#texture" }, "west": { "uv": [0, 14, 12, 16], "texture": "#texture" }, "east": { "uv": [0, 14, 12, 16], "texture": "#texture" } } }, { "__comment": "Box1", "from": [7, 1.5, 7.5], "to": [9, 2, 9.5], "faces": { "down": { "uv": [0, 0, 12, 12], "texture": "#texture" }, "up": { "uv": [0, 0, 12, 12], "texture": "#texture" }, "north": { "uv": [0, 14, 12, 16], "texture": "#texture" }, "south": { "uv": [0, 14, 12, 16], "texture": "#texture" }, "west": { "uv": [0, 14, 12, 16], "texture": "#texture" }, "east": { "uv": [0, 14, 12, 16], "texture": "#texture" } } }], "display": { "thirdperson_righthand": { "translation": [0, 7.8016, -0.714] }, "thirdperson_lefthand": { "translation": [0, 7.8016, -0.714] }, "firstperson_righthand": { "translation": [0, 8.3097, 0] }, "firstperson_lefthand": { "translation": [0, 8.3097, 0] }, "gui": { "rotation": [40, -22, 0], "translation": [0.3532, 10.654, 0], "scale": [2, 2, 2] }, "head": { "translation": [0, -27.2, 0], "scale": [2, 2, 2] }, "ground": { "translation": [0, 5.095, 0] } } }