{ "credit": "Model by Elsweyr, forked by HypariaMC", "textures": { "particle": "hyparia:furniture/washtub", "texture": "hyparia:furniture/washtub" }, "elements": [{ "__comment": "Box1", "from": [5.000018, 0.000341753, 0.4999653], "to": [11.00002, 8.000341, 1.499965], "faces": { "down": { "uv": [10, 11.5, 7, 12], "texture": "#texture" }, "up": { "uv": [10, 11.5, 7, 12], "texture": "#texture" }, "north": { "uv": [7, 12, 10, 16], "texture": "#texture" }, "south": { "uv": [7, 12, 10, 16], "texture": "#texture" }, "west": { "uv": [6.5, 12, 7, 16], "texture": "#texture" }, "east": { "uv": [6.5, 12, 7, 16], "texture": "#texture" } } }, { "__comment": "Box1", "from": [0.7504517, -0.000981818, 4.750781], "to": [6.750452, 7.999018, 5.750781], "rotation": { "origin": [0.75, 0, 4.75], "axis": "y", "angle": 45 }, "faces": { "down": { "uv": [13, 11.5, 10, 12], "texture": "#texture" }, "up": { "uv": [13, 11.5, 10, 12], "texture": "#texture" }, "north": { "uv": [10, 12, 13, 16], "texture": "#texture" }, "south": { "uv": [10, 12, 13, 16], "texture": "#texture" }, "west": { "uv": [6.5, 12, 7, 16], "texture": "#texture" }, "east": { "uv": [6.5, 12, 7, 16], "texture": "#texture" } } }, { "__comment": "Box1", "from": [0.7499437, 0.000115619, 4.750808], "to": [1.749944, 8.000115, 10.75081], "faces": { "down": { "uv": [13, 11.5, 10, 12], "texture": "#texture", "rotation": 90 }, "up": { "uv": [16, 11.5, 13, 12], "texture": "#texture", "rotation": 270 }, "north": { "uv": [6.5, 12, 7, 16], "texture": "#texture" }, "south": { "uv": [6.5, 12, 7, 16], "texture": "#texture" }, "west": { "uv": [13, 12, 16, 16], "texture": "#texture" }, "east": { "uv": [13, 12, 16, 16], "texture": "#texture" } } }, { "__comment": "Box1", "from": [4.999383, -0.000901188, 9.000197], "to": [5.999383, 7.999099, 15.0002], "rotation": { "origin": [5, 0, 15], "axis": "y", "angle": 45 }, "faces": { "down": { "uv": [10, 11.5, 7, 12], "texture": "#texture", "rotation": 90 }, "up": { "uv": [10, 11.5, 7, 12], "texture": "#texture", "rotation": 270 }, "north": { "uv": [6.5, 12, 7, 16], "texture": "#texture" }, "south": { "uv": [6.5, 12, 7, 16], "texture": "#texture" }, "west": { "uv": [7, 12, 10, 16], "texture": "#texture" }, "east": { "uv": [7, 12, 10, 16], "texture": "#texture" } } }, { "__comment": "Box1", "from": [5.000341, -0.000594668, 14.0007], "to": [11.00034, 7.999405, 15.0007], "faces": { "down": { "uv": [10, 11.5, 13, 12], "texture": "#texture" }, "up": { "uv": [10, 11.5, 13, 12], "texture": "#texture" }, "north": { "uv": [10, 12, 13, 16], "texture": "#texture" }, "south": { "uv": [10, 12, 13, 16], "texture": "#texture" }, "west": { "uv": [6.5, 12, 7, 16], "texture": "#texture" }, "east": { "uv": [6.5, 12, 7, 16], "texture": "#texture" } } }, { "__comment": "Box1", "from": [9.250871, -0.000353361, 9.750674], "to": [15.25087, 7.999647, 10.75067], "rotation": { "origin": [15.25, 0, 10.75], "axis": "y", "angle": 45 }, "faces": { "down": { "uv": [13, 11.5, 16, 12], "texture": "#texture" }, "up": { "uv": [13, 11.5, 16, 12], "texture": "#texture" }, "north": { "uv": [13, 12, 16, 16], "texture": "#texture" }, "south": { "uv": [13, 12, 16, 16], "texture": "#texture" }, "west": { "uv": [6.5, 12, 7, 16], "texture": "#texture" }, "east": { "uv": [6.5, 12, 7, 16], "texture": "#texture" } } }, { "__comment": "Box1", "from": [14.25039, 0.000944615, 4.750327], "to": [15.25039, 8.000945, 10.75033], "faces": { "down": { "uv": [10, 11.5, 13, 12], "texture": "#texture", "rotation": 90 }, "up": { "uv": [10, 11.5, 13, 12], "texture": "#texture", "rotation": 270 }, "north": { "uv": [6.5, 12, 7, 16], "texture": "#texture" }, "south": { "uv": [6.5, 12, 7, 16], "texture": "#texture" }, "west": { "uv": [7, 12, 10, 16], "texture": "#texture" }, "east": { "uv": [7, 12, 10, 16], "texture": "#texture" } } }, { "__comment": "Box1", "from": [10.00043, -0.000253438, 0.5000612], "to": [11.00043, 7.999747, 6.500061], "rotation": { "origin": [11, 0, 0.5], "axis": "y", "angle": 45 }, "faces": { "down": { "uv": [10, 11.5, 13, 12], "texture": "#texture", "rotation": 90 }, "up": { "uv": [10, 11.5, 13, 12], "texture": "#texture", "rotation": 270 }, "north": { "uv": [6.5, 12, 7, 16], "texture": "#texture" }, "south": { "uv": [6.5, 12, 7, 16], "texture": "#texture" }, "west": { "uv": [10, 12, 13, 16], "texture": "#texture" }, "east": { "uv": [10, 12, 13, 16], "texture": "#texture" } } }, { "__comment": "PlaneY12", "from": [0.5009384, 1.000825, 0.5003167], "to": [15.50094, 1.001825, 15.50032], "faces": { "down": { "uv": [15, 8.5, 15.5, 9], "texture": "#texture" }, "up": { "uv": [8.5, 0, 16, 7.5], "texture": "#texture", "rotation": 180 } } }, { "__comment": "Handle1", "from": [14.49954, 5.00035, 5.500044], "to": [16.49954, 6.00035, 6.500044], "rotation": { "origin": [14.5, 5, 5.5], "axis": "z", "angle": -45 }, "faces": { "down": { "uv": [2, 15.5, 1, 16], "texture": "#texture" }, "up": { "uv": [2, 16, 1, 15.5], "texture": "#texture" }, "north": { "uv": [1, 15.5, 2, 16], "texture": "#texture" }, "south": { "uv": [1, 15.5, 2, 16], "texture": "#texture" }, "west": { "uv": [1, 15.5, 1.5, 16], "texture": "#texture" }, "east": { "uv": [1.5, 15.5, 2, 16], "texture": "#texture" } } }, { "__comment": "Handle2", "from": [14.50076, 4.999283, 9.500689], "to": [16.50076, 5.999283, 10.50069], "rotation": { "origin": [14.5, 5, 5.5], "axis": "z", "angle": -45 }, "faces": { "down": { "uv": [2, 13.5, 1, 14], "texture": "#texture" }, "up": { "uv": [2, 14, 1, 13.5], "texture": "#texture" }, "north": { "uv": [1, 13.5, 2, 14], "texture": "#texture" }, "south": { "uv": [1, 13.5, 2, 14], "texture": "#texture" }, "west": { "uv": [1, 13.5, 1.5, 14], "texture": "#texture" }, "east": { "uv": [1.5, 13.5, 2, 14], "texture": "#texture" } } }, { "__comment": "Handle", "from": [16.4997, 4.999905, 5.499982], "to": [17.4997, 5.999905, 10.49998], "rotation": { "origin": [14.5, 5, 5.5], "axis": "z", "angle": -45 }, "faces": { "down": { "uv": [1, 13.5, 0.5, 16], "texture": "#texture" }, "up": { "uv": [1, 13.5, 0.5, 16], "texture": "#texture" }, "north": { "uv": [0.5, 15.5, 1, 16], "texture": "#texture" }, "south": { "uv": [0.5, 13.5, 1, 14], "texture": "#texture" }, "west": { "uv": [0, 13.5, 0.5, 16], "texture": "#texture", "rotation": 90 }, "east": { "uv": [0, 13.5, 0.5, 16], "texture": "#texture", "rotation": 90 } } }, { "__comment": "Handle", "from": [-1.000256, 3.499505, 5.000989], "to": [-0.000255704, 4.499505, 10.00099], "rotation": { "origin": [0, 3.5, 10], "axis": "z", "angle": 45 }, "faces": { "down": { "uv": [1, 13.5, 0.5, 16], "texture": "#texture", "rotation": 180 }, "up": { "uv": [1, 13.5, 0.5, 16], "texture": "#texture", "rotation": 180 }, "north": { "uv": [0.5, 13.5, 1, 14], "texture": "#texture" }, "south": { "uv": [0.5, 15.5, 1, 16], "texture": "#texture" }, "west": { "uv": [0, 13.5, 0.5, 16], "texture": "#texture", "rotation": 90 }, "east": { "uv": [0, 13.5, 0.5, 16], "texture": "#texture", "rotation": 90 } } }, { "__comment": "Handle1", "from": [0.000920589, 3.500183, 8.999379], "to": [2.000921, 4.500183, 9.999379], "rotation": { "origin": [0, 3.5, 10], "axis": "z", "angle": 45 }, "faces": { "down": { "uv": [2, 15.5, 1, 16], "texture": "#texture", "rotation": 180 }, "up": { "uv": [2, 16, 1, 15.5], "texture": "#texture", "rotation": 180 }, "north": { "uv": [1, 15.5, 2, 16], "texture": "#texture" }, "south": { "uv": [1, 15.5, 2, 16], "texture": "#texture" }, "west": { "uv": [1.5, 15.5, 2, 16], "texture": "#texture" }, "east": { "uv": [1, 15.5, 1.5, 16], "texture": "#texture" } } }, { "__comment": "Handle2", "from": [0.000721844, 3.500854, 4.999535], "to": [2.000722, 4.500854, 5.999535], "rotation": { "origin": [0, 3.5, 10], "axis": "z", "angle": 45 }, "faces": { "down": { "uv": [2, 13.5, 1, 14], "texture": "#texture", "rotation": 180 }, "up": { "uv": [2, 14, 1, 13.5], "texture": "#texture", "rotation": 180 }, "north": { "uv": [1, 13.5, 2, 14], "texture": "#texture" }, "south": { "uv": [1, 13.5, 2, 14], "texture": "#texture" }, "west": { "uv": [1.5, 13.5, 2, 14], "texture": "#texture" }, "east": { "uv": [1, 13.5, 1.5, 14], "texture": "#texture" } } }], "display": { "thirdperson_righthand": { "translation": [0, 3.3505, 0], "scale": [0.5, 0.5, 0.5] }, "thirdperson_lefthand": { "translation": [0, 3.3505, 0], "scale": [0.5, 0.5, 0.5] }, "gui": { "rotation": [23, -15, 0], "translation": [0, 1.4538, 0], "scale": [0.5, 0.5, 0.5] }, "head": { "translation": [0, -29.6, 0], "scale": [1.65, 1.65, 1.65] }, "ground": { "translation": [0, 4, 0], "scale": [0.6, 0.6, 0.6] } } }