{"textures":{"0":"modelengine:entity/scarecrow_scythe","1":"modelengine:entity/scarycrow","2":"modelengine:entity/crow"},"elements":[{"name":"cube","from":[5.72,1.2799993,6.0199995],"to":[8.12,9.68,9.62],"rotation":{"angle":0.0,"axis":"x","origin":[15.02,6.0799994,6.62]},"faces":{"down":{"uv":[8.125,9.0,8.625,9.75],"rotation":0,"texture":"#1","tintindex":0},"east":{"uv":[6.75,6.375,6.0,8.125],"rotation":0,"texture":"#1","tintindex":0},"north":{"uv":[8.125,4.0,7.625,5.75],"rotation":0,"texture":"#1","tintindex":0},"south":{"uv":[8.125,7.375,7.625,9.125],"rotation":0,"texture":"#1","tintindex":0},"up":{"uv":[7.0,9.75,7.5,9.0],"rotation":0,"texture":"#1","tintindex":0},"west":{"uv":[6.0,6.375,5.25,8.125],"rotation":0,"texture":"#1","tintindex":0}}}],"display":{"head":{"translation":[0.0,-6.4,0.0],"rotation":[0.0,0.0,0.0],"scale":[3.8095,3.8095,3.8095]}}}