{"textures":{"0":"modelengine:entity/scarecrow_scythe","1":"modelengine:entity/scarycrow","2":"modelengine:entity/crow"},"elements":[{"name":"cube","from":[7.7,3.1999998,6.2],"to":[8.9,8.6,8.0],"rotation":{"angle":0.0,"axis":"x","origin":[16.400002,11.0,5.6]},"faces":{"down":{"uv":[2.5,10.0,2.75,10.375],"rotation":0,"texture":"#1","tintindex":0},"east":{"uv":[6.25,9.0,5.875,10.125],"rotation":0,"texture":"#1","tintindex":0},"north":{"uv":[8.125,9.125,7.875,10.25],"rotation":0,"texture":"#1","tintindex":0},"south":{"uv":[3.625,9.25,3.375,10.375],"rotation":0,"texture":"#1","tintindex":0},"up":{"uv":[2.25,10.375,2.5,10.0],"rotation":0,"texture":"#1","tintindex":0},"west":{"uv":[5.875,9.0,5.5,10.125],"rotation":0,"texture":"#1","tintindex":0}}}],"display":{"head":{"translation":[0.0,-6.4,0.0],"rotation":[0.0,0.0,0.0],"scale":[3.8095,3.8095,3.8095]}}}