{"textures":{"0":"modelengine:entity/scarecrow_scythe","1":"modelengine:entity/scarycrow","2":"modelengine:entity/crow"},"elements":[{"name":"cube","from":[8.9,5.6,6.8],"to":[10.1,6.8,8.6],"rotation":{"angle":0.0,"axis":"x","origin":[16.400002,17.6,6.8]},"faces":{"down":{"uv":[4.375,10.0,4.625,10.375],"rotation":0,"texture":"#1","tintindex":0},"east":{"uv":[9.875,0.5,9.5,0.75],"rotation":0,"texture":"#1","tintindex":0},"north":{"uv":[6.75,8.125,6.5,8.375],"rotation":0,"texture":"#1","tintindex":0},"south":{"uv":[4.375,8.5,4.125,8.75],"rotation":0,"texture":"#1","tintindex":0},"up":{"uv":[4.125,10.375,4.375,10.0],"rotation":0,"texture":"#1","tintindex":0},"west":{"uv":[5.25,7.875,4.875,8.125],"rotation":0,"texture":"#1","tintindex":0}}},{"name":"cube","from":[8.9,3.7999997,6.8],"to":[10.1,5.6,9.2],"rotation":{"angle":0.0,"axis":"x","origin":[16.400002,15.8,6.8]},"faces":{"down":{"uv":[2.0,10.0,2.25,10.5],"rotation":0,"texture":"#1","tintindex":0},"east":{"uv":[10.125,3.375,9.625,3.75],"rotation":0,"texture":"#1","tintindex":0},"north":{"uv":[4.875,10.0,4.625,10.375],"rotation":0,"texture":"#1","tintindex":0},"south":{"uv":[10.25,4.625,10.0,5.0],"rotation":0,"texture":"#1","tintindex":0},"up":{"uv":[10.0,0.5,10.25,0.0],"rotation":0,"texture":"#1","tintindex":0},"west":{"uv":[10.0,8.375,9.5,8.75],"rotation":0,"texture":"#1","tintindex":0}}},{"name":"cube","from":[7.1,3.7999997,6.8],"to":[8.9,8.0,9.2],"rotation":{"angle":0.0,"axis":"x","origin":[16.400002,15.8,6.8]},"faces":{"down":{"uv":[9.875,2.5,10.25,3.0],"rotation":0,"texture":"#1","tintindex":0},"east":{"uv":[2.0,8.875,1.5,9.75],"rotation":0,"texture":"#1","tintindex":0},"north":{"uv":[7.875,9.125,7.5,10.0],"rotation":0,"texture":"#1","tintindex":0},"south":{"uv":[9.5,7.875,9.125,8.75],"rotation":0,"texture":"#1","tintindex":0},"up":{"uv":[9.875,1.0,10.25,0.5],"rotation":0,"texture":"#1","tintindex":0},"west":{"uv":[1.5,8.875,1.0,9.75],"rotation":0,"texture":"#1","tintindex":0}}},{"name":"cube","from":[6.5,6.8,6.2],"to":[9.5,9.2,9.8],"rotation":{"angle":0.0,"axis":"x","origin":[16.400002,15.8,6.8]},"faces":{"down":{"uv":[8.875,0.0,9.5,0.75],"rotation":0,"texture":"#1","tintindex":0},"east":{"uv":[9.75,7.375,9.0,7.875],"rotation":0,"texture":"#1","tintindex":0},"north":{"uv":[9.875,2.625,9.25,3.125],"rotation":0,"texture":"#1","tintindex":0},"south":{"uv":[3.375,9.25,2.75,9.75],"rotation":0,"texture":"#1","tintindex":0},"up":{"uv":[4.875,9.5,5.5,8.75],"rotation":0,"texture":"#1","tintindex":0},"west":{"uv":[9.75,6.875,9.0,7.375],"rotation":0,"texture":"#1","tintindex":0}}}],"display":{"head":{"translation":[0.0,-6.4,0.0],"rotation":[0.0,0.0,0.0],"scale":[3.8095,3.8095,3.8095]}}}