{"textures":{"0":"modelengine:entity/scarecrow_scythe","1":"modelengine:entity/scarycrow","2":"modelengine:entity/crow"},"elements":[{"name":"cube","from":[5.8999996,5.6,6.8],"to":[7.1,6.8,8.6],"rotation":{"angle":0.0,"axis":"x","origin":[-0.40000033,17.6,6.8]},"faces":{"down":{"uv":[4.625,10.0,4.375,10.375],"rotation":0,"texture":"#1","tintindex":0},"east":{"uv":[4.875,7.875,5.25,8.125],"rotation":0,"texture":"#1","tintindex":0},"north":{"uv":[6.5,8.125,6.75,8.375],"rotation":0,"texture":"#1","tintindex":0},"south":{"uv":[4.125,8.5,4.375,8.75],"rotation":0,"texture":"#1","tintindex":0},"up":{"uv":[4.375,10.375,4.125,10.0],"rotation":0,"texture":"#1","tintindex":0},"west":{"uv":[9.5,0.5,9.875,0.75],"rotation":0,"texture":"#1","tintindex":0}}},{"name":"cube","from":[5.8999996,3.7999997,6.8],"to":[7.1,5.6,9.2],"rotation":{"angle":0.0,"axis":"x","origin":[-0.40000033,15.8,6.8]},"faces":{"down":{"uv":[2.25,10.0,2.0,10.5],"rotation":0,"texture":"#1","tintindex":0},"east":{"uv":[9.5,8.375,10.0,8.75],"rotation":0,"texture":"#1","tintindex":0},"north":{"uv":[4.625,10.0,4.875,10.375],"rotation":0,"texture":"#1","tintindex":0},"south":{"uv":[10.0,4.625,10.25,5.0],"rotation":0,"texture":"#1","tintindex":0},"up":{"uv":[10.25,0.5,10.0,0.0],"rotation":0,"texture":"#1","tintindex":0},"west":{"uv":[9.625,3.375,10.125,3.75],"rotation":0,"texture":"#1","tintindex":0}}},{"name":"cube","from":[7.1,3.7999997,6.8],"to":[8.9,8.0,9.2],"rotation":{"angle":0.0,"axis":"x","origin":[-0.40000033,15.8,6.8]},"faces":{"down":{"uv":[10.25,2.5,9.875,3.0],"rotation":0,"texture":"#1","tintindex":0},"east":{"uv":[1.0,8.875,1.5,9.75],"rotation":0,"texture":"#1","tintindex":0},"north":{"uv":[7.5,9.125,7.875,10.0],"rotation":0,"texture":"#1","tintindex":0},"south":{"uv":[9.125,7.875,9.5,8.75],"rotation":0,"texture":"#1","tintindex":0},"up":{"uv":[10.25,1.0,9.875,0.5],"rotation":0,"texture":"#1","tintindex":0},"west":{"uv":[1.5,8.875,2.0,9.75],"rotation":0,"texture":"#1","tintindex":0}}},{"name":"cube","from":[6.5,6.8,6.2],"to":[9.5,9.2,9.8],"rotation":{"angle":0.0,"axis":"x","origin":[-0.40000033,15.8,6.8]},"faces":{"down":{"uv":[9.5,0.0,8.875,0.75],"rotation":0,"texture":"#1","tintindex":0},"east":{"uv":[9.0,6.875,9.75,7.375],"rotation":0,"texture":"#1","tintindex":0},"north":{"uv":[9.25,2.625,9.875,3.125],"rotation":0,"texture":"#1","tintindex":0},"south":{"uv":[2.75,9.25,3.375,9.75],"rotation":0,"texture":"#1","tintindex":0},"up":{"uv":[5.5,9.5,4.875,8.75],"rotation":0,"texture":"#1","tintindex":0},"west":{"uv":[9.0,7.375,9.75,7.875],"rotation":0,"texture":"#1","tintindex":0}}},{"name":"cube","from":[5.6,5.0,-4.0000005],"to":[6.8,6.2,23.600002],"rotation":{"angle":0.0,"axis":"x","origin":[8.0,8.0,-1.0000005]},"faces":{"down":{"uv":[1.0,1.0,0.5,12.5],"rotation":0,"texture":"#0","tintindex":0},"east":{"uv":[0.0,0.0,11.5,0.5],"rotation":0,"texture":"#0","tintindex":0},"north":{"uv":[6.0,4.75,6.5,5.25],"rotation":0,"texture":"#0","tintindex":0},"south":{"uv":[6.5,4.75,7.0,5.25],"rotation":0,"texture":"#0","tintindex":0},"up":{"uv":[0.5,12.5,0.0,1.0],"rotation":0,"texture":"#0","tintindex":0},"west":{"uv":[0.0,0.5,11.5,1.0],"rotation":0,"texture":"#0","tintindex":0}}},{"name":"cube","from":[5.0,4.3999996,-10.000001],"to":[7.4,6.8,-4.0000005],"rotation":{"angle":0.0,"axis":"x","origin":[8.0,8.0,-1.0000005]},"faces":{"down":{"uv":[5.5,6.25,4.5,8.75],"rotation":0,"texture":"#0","tintindex":0},"east":{"uv":[4.5,5.25,7.0,6.25],"rotation":0,"texture":"#0","tintindex":0},"north":{"uv":[6.5,1.0,7.5,2.0],"rotation":0,"texture":"#0","tintindex":0},"south":{"uv":[6.5,2.0,7.5,3.0],"rotation":0,"texture":"#0","tintindex":0},"up":{"uv":[4.5,8.0,3.5,5.5],"rotation":0,"texture":"#0","tintindex":0},"west":{"uv":[1.0,5.5,3.5,6.5],"rotation":0,"texture":"#0","tintindex":0}}},{"name":"cube","from":[5.8999996,-0.40000033,-9.400001],"to":[6.5,5.0,-4.6000004],"rotation":{"angle":0.0,"axis":"x","origin":[8.0,8.0,-1.0000005]},"faces":{"down":{"uv":[7.25,5.0,7.0,7.0],"rotation":0,"texture":"#0","tintindex":0},"east":{"uv":[1.0,1.0,3.0,3.25],"rotation":0,"texture":"#0","tintindex":0},"north":{"uv":[3.0,6.5,3.25,8.75],"rotation":0,"texture":"#0","tintindex":0},"south":{"uv":[3.25,6.5,3.5,8.75],"rotation":0,"texture":"#0","tintindex":0},"up":{"uv":[7.25,5.0,7.0,3.0],"rotation":0,"texture":"#0","tintindex":0},"west":{"uv":[3.0,1.0,5.0,3.25],"rotation":0,"texture":"#0","tintindex":0}}},{"name":"cube","from":[5.9300003,-4.676035,-8.549445],"to":[6.47,0.72396517,-4.349445],"rotation":{"angle":-22.5,"axis":"x","origin":[6.2,-1.9760351,-6.1494446]},"faces":{"down":{"uv":[7.5,6.75,7.25,8.5],"rotation":0,"texture":"#0","tintindex":0},"east":{"uv":[1.0,3.25,2.75,5.5],"rotation":0,"texture":"#0","tintindex":0},"north":{"uv":[6.5,6.25,6.75,8.5],"rotation":0,"texture":"#0","tintindex":0},"south":{"uv":[6.75,6.25,7.0,8.5],"rotation":0,"texture":"#0","tintindex":0},"up":{"uv":[7.5,6.75,7.25,5.0],"rotation":0,"texture":"#0","tintindex":0},"west":{"uv":[2.75,3.25,4.5,5.5],"rotation":0,"texture":"#0","tintindex":0}}},{"name":"cube","from":[5.96,-7.7010813,-6.127265],"to":[6.4399996,-2.9010816,-2.5272646],"rotation":{"angle":-45.0,"axis":"x","origin":[6.2,-5.601082,-3.727265]},"faces":{"down":{"uv":[7.75,6.0,7.5,7.5],"rotation":0,"texture":"#0","tintindex":0},"east":{"uv":[4.5,3.25,6.0,5.25],"rotation":0,"texture":"#0","tintindex":0},"north":{"uv":[7.0,7.0,7.25,9.0],"rotation":0,"texture":"#0","tintindex":0},"south":{"uv":[7.25,3.0,7.5,5.0],"rotation":0,"texture":"#0","tintindex":0},"up":{"uv":[7.75,6.0,7.5,4.5],"rotation":0,"texture":"#0","tintindex":0},"west":{"uv":[5.0,1.0,6.5,3.0],"rotation":0,"texture":"#0","tintindex":0}}},{"name":"cube","from":[5.99,-8.926483,-3.1010041],"to":[6.41,-6.5264826,1.0989962],"rotation":{"angle":22.5,"axis":"x","origin":[6.2,-7.126483,-1.6010041]},"faces":{"down":{"uv":[7.5,1.0,7.75,2.75],"rotation":180,"texture":"#0","tintindex":0},"east":{"uv":[6.0,3.0,7.0,4.75],"rotation":90,"texture":"#0","tintindex":0},"north":{"uv":[7.75,8.5,7.5,7.5],"rotation":180,"texture":"#0","tintindex":0},"south":{"uv":[8.0,1.0,7.75,2.0],"rotation":0,"texture":"#0","tintindex":0},"up":{"uv":[7.5,2.75,7.75,4.5],"rotation":0,"texture":"#0","tintindex":0},"west":{"uv":[5.5,6.25,6.5,8.0],"rotation":270,"texture":"#0","tintindex":0}}},{"name":"cube","from":[5.6,-0.40000033,3.1999998],"to":[6.8,5.0,4.3999996],"rotation":{"angle":0.0,"axis":"x","origin":[8.0,8.0,-1.0000005]},"faces":{"down":{"uv":[8.25,2.5,7.75,3.0],"rotation":0,"texture":"#0","tintindex":0},"east":{"uv":[1.5,6.5,2.0,8.75],"rotation":0,"texture":"#0","tintindex":0},"north":{"uv":[1.0,6.5,1.5,8.75],"rotation":0,"texture":"#0","tintindex":0},"south":{"uv":[2.0,6.5,2.5,8.75],"rotation":0,"texture":"#0","tintindex":0},"up":{"uv":[8.25,2.5,7.75,2.0],"rotation":0,"texture":"#0","tintindex":0},"west":{"uv":[2.5,6.5,3.0,8.75],"rotation":0,"texture":"#0","tintindex":0}}}],"display":{"head":{"translation":[0.0,-6.4,0.0],"rotation":[0.0,0.0,0.0],"scale":[3.8095,3.8095,3.8095]}}}