{"textures":{"0":"modelengine:entity/scarecrow_scythe","1":"modelengine:entity/scarycrow","2":"modelengine:entity/crow"},"elements":[{"name":"cube","from":[7.88,1.2799993,6.0199995],"to":[10.280001,9.68,9.62],"rotation":{"angle":0.0,"axis":"x","origin":[0.9799998,6.0799994,6.62]},"faces":{"down":{"uv":[8.625,9.0,8.125,9.75],"rotation":0,"texture":"#1","tintindex":0},"east":{"uv":[5.25,6.375,6.0,8.125],"rotation":0,"texture":"#1","tintindex":0},"north":{"uv":[7.625,4.0,8.125,5.75],"rotation":0,"texture":"#1","tintindex":0},"south":{"uv":[7.625,7.375,8.125,9.125],"rotation":0,"texture":"#1","tintindex":0},"up":{"uv":[7.5,9.75,7.0,9.0],"rotation":0,"texture":"#1","tintindex":0},"west":{"uv":[6.0,6.375,6.75,8.125],"rotation":0,"texture":"#1","tintindex":0}}}],"display":{"head":{"translation":[0.0,-6.4,0.0],"rotation":[0.0,0.0,0.0],"scale":[3.8095,3.8095,3.8095]}}}