{"textures":{"0":"modelengine:entity/pumpkinmonster","1":"modelengine:entity/pumpkinmonster_e"},"elements":[{"name":"cube","from":[6.2,1.3999997,6.2],"to":[9.8,8.0,9.8],"rotation":{"angle":0.0,"axis":"x","origin":[6.2,7.4,6.2]},"faces":{"down":{"uv":[10.5,9.25,11.25,10.0],"rotation":0,"texture":"#0","tintindex":0},"east":{"uv":[9.75,1.875,9.0,3.25],"rotation":0,"texture":"#0","tintindex":0},"north":{"uv":[3.0,8.75,2.25,10.125],"rotation":0,"texture":"#0","tintindex":0},"south":{"uv":[9.625,0.5,8.875,1.875],"rotation":0,"texture":"#0","tintindex":0},"up":{"uv":[8.625,11.125,9.375,10.375],"rotation":0,"texture":"#0","tintindex":0},"west":{"uv":[3.75,8.75,3.0,10.125],"rotation":0,"texture":"#0","tintindex":0}}}],"display":{"head":{"translation":[0.0,-6.4,0.0],"rotation":[0.0,0.0,0.0],"scale":[3.8095,3.8095,3.8095]}}}