{"textures":{"0":"modelengine:entity/pumpkinmonster","1":"modelengine:entity/pumpkinmonster_e"},"elements":[{"name":"cube","from":[6.8,1.3999997,6.8],"to":[9.2,8.0,9.2],"rotation":{"angle":0.0,"axis":"x","origin":[6.2,7.4,6.2]},"faces":{"down":{"uv":[5.5,11.0,6.0,11.5],"rotation":0,"texture":"#0","tintindex":0},"east":{"uv":[2.0,10.125,1.5,11.5],"rotation":0,"texture":"#0","tintindex":0},"north":{"uv":[0.5,10.125,0.0,11.5],"rotation":0,"texture":"#0","tintindex":0},"south":{"uv":[1.5,10.125,1.0,11.5],"rotation":0,"texture":"#0","tintindex":0},"up":{"uv":[10.875,11.25,11.375,10.75],"rotation":0,"texture":"#0","tintindex":0},"west":{"uv":[1.0,10.125,0.5,11.5],"rotation":0,"texture":"#0","tintindex":0}}},{"name":"cube","from":[2.6,-5.200001,8.0],"to":[10.4,5.6,8.0],"rotation":{"angle":0.0,"axis":"x","origin":[6.2,7.4,6.2]},"faces":{"down":{"uv":[0.0,0.0,1.625,0.0],"rotation":0,"texture":"#0","tintindex":0},"east":{"uv":[0.0,0.0,0.0,2.25],"rotation":0,"texture":"#0","tintindex":0},"north":{"uv":[6.875,2.75,5.25,5.0],"rotation":0,"texture":"#0","tintindex":0},"south":{"uv":[6.875,5.0,5.25,7.25],"rotation":0,"texture":"#0","tintindex":0},"up":{"uv":[0.0,0.0,1.625,0.0],"rotation":0,"texture":"#0","tintindex":0},"west":{"uv":[0.0,0.0,0.0,2.25],"rotation":0,"texture":"#0","tintindex":0}}}],"display":{"head":{"translation":[0.0,-6.4,0.0],"rotation":[0.0,0.0,0.0],"scale":[3.8095,3.8095,3.8095]}}}