{"textures":{"0":"modelengine:entity/pumpkinmonster","1":"modelengine:entity/pumpkinmonster_e"},"elements":[{"name":"cube","from":[6.2,1.3999997,6.2],"to":[9.8,8.0,9.8],"rotation":{"angle":0.0,"axis":"x","origin":[6.2,7.4,6.2]},"faces":{"down":{"uv":[10.375,2.875,11.125,3.625],"rotation":0,"texture":"#0","tintindex":0},"east":{"uv":[2.25,8.75,1.5,10.125],"rotation":0,"texture":"#0","tintindex":0},"north":{"uv":[9.125,8.125,8.375,9.5],"rotation":0,"texture":"#0","tintindex":0},"south":{"uv":[1.5,8.75,0.75,10.125],"rotation":0,"texture":"#0","tintindex":0},"up":{"uv":[10.375,2.875,11.125,2.125],"rotation":0,"texture":"#0","tintindex":0},"west":{"uv":[0.75,8.75,0.0,10.125],"rotation":0,"texture":"#0","tintindex":0}}},{"name":"cube","from":[9.8,1.3999997,8.0],"to":[13.400001,8.0,8.0],"rotation":{"angle":0.0,"axis":"x","origin":[6.2,-5.8,6.2]},"faces":{"down":{"uv":[0.0,0.0,0.75,0.0],"rotation":0,"texture":"#0","tintindex":0},"east":{"uv":[0.0,0.0,0.0,1.375],"rotation":0,"texture":"#0","tintindex":0},"north":{"uv":[7.875,9.5,7.125,10.875],"rotation":0,"texture":"#0","tintindex":0},"south":{"uv":[8.625,9.5,7.875,10.875],"rotation":0,"texture":"#0","tintindex":0},"up":{"uv":[0.0,0.0,0.75,0.0],"rotation":0,"texture":"#0","tintindex":0},"west":{"uv":[0.0,0.0,0.0,1.375],"rotation":0,"texture":"#0","tintindex":0}}}],"display":{"head":{"translation":[0.0,-6.4,0.0],"rotation":[0.0,0.0,0.0],"scale":[3.8095,3.8095,3.8095]}}}