{ "credit": "Model by Elsweyr, forked by HypariaMC", "textures": { "texture": "hyparia:furniture/cage" }, "elements": [{ "__comment": "Box1", "from": [-7.5, 0, -14.5], "to": [21.5, 29, 30.5], "faces": { "down": { "uv": [0, 0, 11.25, 7.25], "texture": "#texture", "rotation": 270 }, "up": { "uv": [0, 0, 11.25, 7.25], "texture": "#texture", "rotation": 90 }, "north": { "uv": [0, 8.749999, 7.25, 16], "texture": "#texture" }, "south": { "uv": [0, 8.749999, 7.25, 16], "texture": "#texture" }, "west": { "uv": [0, 9.536743e-7, 11.25, 7.25], "texture": "#texture" }, "east": { "uv": [0, 0, 11.25, 7.25], "texture": "#texture" } } }, { "__comment": "Box2", "from": [20.5, 0, -15.5], "to": [22.5, 29, -13.5], "faces": { "down": { "uv": [12, 0, 12.5, 0.5], "texture": "#texture" }, "up": { "uv": [12, 0, 12.5, 0.5], "texture": "#texture" }, "north": { "uv": [11.5, 0, 12, 7.25], "texture": "#texture" }, "south": { "uv": [11.5, 0, 12, 7.25], "texture": "#texture" }, "west": { "uv": [11.5, 0, 12, 7.25], "texture": "#texture" }, "east": { "uv": [11.5, 0, 12, 7.25], "texture": "#texture" } } }, { "__comment": "Box2", "from": [-8.5, 0, -15.5], "to": [-6.5, 29, -13.5], "faces": { "down": { "uv": [12, 0, 12.5, 0.5], "texture": "#texture" }, "up": { "uv": [12, 0, 12.5, 0.5], "texture": "#texture" }, "north": { "uv": [11.5, 0, 12, 7.25], "texture": "#texture" }, "south": { "uv": [11.5, 0, 12, 7.25], "texture": "#texture" }, "west": { "uv": [11.5, 0, 12, 7.25], "texture": "#texture" }, "east": { "uv": [11.5, 0, 12, 7.25], "texture": "#texture" } } }, { "__comment": "Box2", "from": [-8.5, 0, 29.5], "to": [-6.5, 29, 31.5], "faces": { "down": { "uv": [12, 0, 12.5, 0.5], "texture": "#texture" }, "up": { "uv": [12, 0, 12.5, 0.5], "texture": "#texture" }, "north": { "uv": [11.5, 0, 12, 7.25], "texture": "#texture" }, "south": { "uv": [11.5, 0, 12, 7.25], "texture": "#texture" }, "west": { "uv": [11.5, 0, 12, 7.25], "texture": "#texture" }, "east": { "uv": [11.5, 0, 12, 7.25], "texture": "#texture" } } }, { "__comment": "Box2", "from": [20.5, 0, 29.5], "to": [22.5, 29, 31.5], "faces": { "down": { "uv": [12, 0, 12.5, 0.5], "texture": "#texture" }, "up": { "uv": [12, 0, 12.5, 0.5], "texture": "#texture" }, "north": { "uv": [11.5, 0, 12, 7.25], "texture": "#texture" }, "south": { "uv": [11.5, 0, 12, 7.25], "texture": "#texture" }, "west": { "uv": [11.5, 0, 12, 7.25], "texture": "#texture" }, "east": { "uv": [11.5, 0, 12, 7.25], "texture": "#texture" } } }, { "__comment": "Box6", "from": [-6.5, 0, 29.5], "to": [20.5, 2, 31.5], "faces": { "down": { "uv": [9.25, 15.5, 16, 16], "texture": "#texture" }, "up": { "uv": [9.25, 15.5, 16, 16], "texture": "#texture" }, "north": { "uv": [9.25, 15.5, 16, 16], "texture": "#texture" }, "south": { "uv": [9.25, 15.5, 16, 16], "texture": "#texture" }, "west": { "uv": [12, 0, 12.5, 0.5], "texture": "#texture" }, "east": { "uv": [12, 0, 12.5, 0.5], "texture": "#texture" } } }, { "__comment": "Box6", "from": [-6.5, 27, 29.5], "to": [20.5, 29, 31.5], "faces": { "down": { "uv": [9.25, 15.5, 16, 16], "texture": "#texture" }, "up": { "uv": [9.25, 15.5, 16, 16], "texture": "#texture" }, "north": { "uv": [9.25, 15.5, 16, 16], "texture": "#texture" }, "south": { "uv": [9.25, 15.5, 16, 16], "texture": "#texture" }, "west": { "uv": [12, 0, 12.5, 0.5], "texture": "#texture" }, "east": { "uv": [12, 0, 12.5, 0.5], "texture": "#texture" } } }, { "__comment": "Box6", "from": [-6.5, 0, -15.5], "to": [20.5, 2, -13.5], "faces": { "down": { "uv": [9.25, 15.5, 16, 16], "texture": "#texture" }, "up": { "uv": [9.25, 15.5, 16, 16], "texture": "#texture" }, "north": { "uv": [9.25, 15.5, 16, 16], "texture": "#texture" }, "south": { "uv": [9.25, 15.5, 16, 16], "texture": "#texture" }, "west": { "uv": [12, 0, 12.5, 0.5], "texture": "#texture" }, "east": { "uv": [12, 0, 12.5, 0.5], "texture": "#texture" } } }, { "__comment": "Box6", "from": [-6.5, 27, -15.5], "to": [20.5, 29, -13.5], "faces": { "down": { "uv": [9.25, 15.5, 16, 16], "texture": "#texture" }, "up": { "uv": [9.25, 15.5, 16, 16], "texture": "#texture" }, "north": { "uv": [9.25, 15.5, 16, 16], "texture": "#texture" }, "south": { "uv": [9.25, 15.5, 16, 16], "texture": "#texture" }, "west": { "uv": [12, 0, 12.5, 0.5], "texture": "#texture" }, "east": { "uv": [12, 0, 12.5, 0.5], "texture": "#texture" } } }, { "__comment": "Box10", "from": [-8.5, 0, -13.5], "to": [-6.5, 2, 29.5], "faces": { "down": { "uv": [16, 9.536743e-7, 15.5, 10.75], "texture": "#texture" }, "up": { "uv": [16, 9.536743e-7, 15.5, 10.75], "texture": "#texture" }, "north": { "uv": [12, 0, 12.5, 0.5], "texture": "#texture" }, "south": { "uv": [12, 0, 12.5, 0.5], "texture": "#texture" }, "west": { "uv": [16, 9.536743e-7, 15.5, 10.75], "texture": "#texture", "rotation": 270 }, "east": { "uv": [16, 9.536743e-7, 15.5, 10.75], "texture": "#texture", "rotation": 90 } } }, { "__comment": "Box10", "from": [-8.5, 27, -13.5], "to": [-6.5, 29, 29.5], "faces": { "down": { "uv": [16, 9.536743e-7, 15.5, 10.75], "texture": "#texture" }, "up": { "uv": [16, 9.536743e-7, 15.5, 10.75], "texture": "#texture" }, "north": { "uv": [12, 0, 12.5, 0.5], "texture": "#texture" }, "south": { "uv": [12, 0, 12.5, 0.5], "texture": "#texture" }, "west": { "uv": [16, 9.536743e-7, 15.5, 10.75], "texture": "#texture", "rotation": 270 }, "east": { "uv": [16, 9.536743e-7, 15.5, 10.75], "texture": "#texture", "rotation": 90 } } }, { "__comment": "Box10", "from": [20.5, 27, -13.5], "to": [22.5, 29, 29.5], "faces": { "down": { "uv": [16, 9.536743e-7, 15.5, 10.75], "texture": "#texture" }, "up": { "uv": [16, 9.536743e-7, 15.5, 10.75], "texture": "#texture" }, "north": { "uv": [12, 0, 12.5, 0.5], "texture": "#texture" }, "south": { "uv": [12, 0, 12.5, 0.5], "texture": "#texture" }, "west": { "uv": [16, 9.536743e-7, 15.5, 10.75], "texture": "#texture", "rotation": 270 }, "east": { "uv": [16, 9.536743e-7, 15.5, 10.75], "texture": "#texture", "rotation": 90 } } }, { "__comment": "Box10", "from": [20.5, 0, -13.5], "to": [22.5, 2, 29.5], "faces": { "down": { "uv": [16, 9.536743e-7, 15.5, 10.75], "texture": "#texture" }, "up": { "uv": [16, 9.536743e-7, 15.5, 10.75], "texture": "#texture" }, "north": { "uv": [12, 0, 12.5, 0.5], "texture": "#texture" }, "south": { "uv": [12, 0, 12.5, 0.5], "texture": "#texture" }, "west": { "uv": [16, 9.536743e-7, 15.5, 10.75], "texture": "#texture", "rotation": 270 }, "east": { "uv": [16, 9.536743e-7, 15.5, 10.75], "texture": "#texture", "rotation": 90 } } }], "display": { "thirdperson_righthand": { "scale": [0.25, 0.25, 0.25] }, "thirdperson_lefthand": { "scale": [0.25, 0.25, 0.25] }, "firstperson_righthand": { "translation": [0, -5.586, 13.002], "scale": [0.5, 0.5, 0.5] }, "firstperson_lefthand": { "translation": [0, -5.586, 13.002], "scale": [0.5, 0.5, 0.5] }, "gui": { "rotation": [17, -23, 0], "translation": [0, -1.429, 0], "scale": [0.25, 0.25, 0.25] }, "head": { "translation": [0, -31.22, 0], "scale": [1.5, 1.5, 1.5] }, "ground": { "translation": [0, 2.0869, 0], "scale": [0.25, 0.25, 0.25] }, "fixed": { "translation": [0, -1.771, 0], "scale": [0.25, 0.25, 0.25] } } }