{ "credit": "Model by Elsweyr, forked by HypariaMC", "textures": { "texture": "hyparia:furniture/candles", "skull": "hyparia:furniture/skeleton_head", "flame": "hyparia:furniture/flame" }, "elements": [{ "name": "Box1", "from": [4, 0, 4], "to": [12, 8, 12], "faces": { "north": { "uv": [4, 12, 8, 16], "texture": "#skull" }, "east": { "uv": [0, 12, 4, 16], "texture": "#skull" }, "south": { "uv": [12, 12, 16, 16], "texture": "#skull" }, "west": { "uv": [8, 12, 12, 16], "texture": "#skull" }, "up": { "uv": [4, 8, 8, 12], "texture": "#skull" }, "down": { "uv": [8, 8, 12, 12], "texture": "#skull" } } }, { "name": "Box2", "from": [4, 8, 4], "to": [12, 8, 12], "faces": { "north": { "uv": [4, 12, 8, 16], "texture": "#skull" }, "east": { "uv": [0, 12, 4, 16], "texture": "#skull" }, "south": { "uv": [12, 12, 16, 16], "texture": "#skull" }, "west": { "uv": [8, 12, 12, 16], "texture": "#skull" }, "up": { "uv": [4, 8, 8, 12], "texture": "#skull" }, "down": { "uv": [4, 8, 8, 12], "texture": "#skull" } } }, { "name": "Box2", "from": [4, 0, 4], "to": [12, 8, 4], "faces": { "north": { "uv": [4, 12, 8, 16], "texture": "#skull" }, "east": { "uv": [0, 12, 4, 16], "texture": "#skull" }, "south": { "uv": [4, 12, 8, 16], "texture": "#skull" }, "west": { "uv": [8, 12, 12, 16], "texture": "#skull" }, "up": { "uv": [4, 8, 8, 12], "texture": "#skull" }, "down": { "uv": [8, 8, 12, 12], "texture": "#skull" } } }, { "name": "Box2", "from": [4, 0, 12], "to": [12, 8, 12], "faces": { "north": { "uv": [12, 12, 16, 16], "texture": "#skull" }, "east": { "uv": [0, 12, 4, 16], "texture": "#skull" }, "south": { "uv": [12, 12, 16, 16], "texture": "#skull" }, "west": { "uv": [8, 12, 12, 16], "texture": "#skull" }, "up": { "uv": [4, 8, 8, 12], "texture": "#skull" }, "down": { "uv": [12, 8, 16, 12], "texture": "#skull" } } }, { "name": "Box3", "from": [4, 0, 12], "to": [12, 8, 12], "faces": { "north": { "uv": [12, 12, 16, 16], "texture": "#skull" }, "east": { "uv": [0, 12, 4, 16], "texture": "#skull" }, "south": { "uv": [12, 12, 16, 16], "texture": "#skull" }, "west": { "uv": [8, 12, 12, 16], "texture": "#skull" }, "up": { "uv": [4, 8, 8, 12], "texture": "#skull" }, "down": { "uv": [12, 8, 16, 12], "texture": "#skull" } } }, { "name": "Box2", "from": [12, 0, 4], "to": [12, 8, 12], "faces": { "north": { "uv": [4, 12, 8, 16], "texture": "#skull" }, "east": { "uv": [0, 12, 4, 16], "texture": "#skull" }, "south": { "uv": [12, 12, 16, 16], "texture": "#skull" }, "west": { "uv": [8, 12, 12, 16], "texture": "#skull" }, "up": { "uv": [4, 8, 8, 12], "texture": "#skull" }, "down": { "uv": [8, 8, 12, 12], "texture": "#skull" } } }, { "name": "Box3", "from": [4, 0, 4], "to": [4, 8, 12], "faces": { "north": { "uv": [4, 12, 8, 16], "texture": "#skull" }, "east": { "uv": [0, 12, 4, 16], "texture": "#skull" }, "south": { "uv": [12, 12, 16, 16], "texture": "#skull" }, "west": { "uv": [8, 12, 12, 16], "texture": "#skull" }, "up": { "uv": [4, 8, 8, 12], "texture": "#skull" }, "down": { "uv": [8, 8, 12, 12], "texture": "#skull" } } }, { "name": "Box2", "from": [7, 8, 7], "to": [9, 12, 9], "faces": { "north": { "uv": [2, 2, 4, 6], "texture": "#texture" }, "east": { "uv": [0, 2, 2, 6], "texture": "#texture" }, "south": { "uv": [6, 2, 8, 6], "texture": "#texture" }, "west": { "uv": [4, 2, 6, 6], "texture": "#texture" }, "up": { "uv": [2, 0, 4, 2], "texture": "#texture" }, "down": { "uv": [4, 0, 6, 2], "texture": "#texture" } } }, { "name": "PlaneZ3", "from": [7, 12, 8], "to": [9, 14, 8.001], "faces": { "north": { "uv": [0, 0, 16, 16], "texture": "#flame" }, "south": { "uv": [0, 0, 16, 16], "texture": "#flame" } } }, { "name": "PlaneX4", "from": [8, 12, 7], "to": [8.001, 14, 9], "faces": { "east": { "uv": [0, 0, 16, 16], "texture": "#flame" }, "west": { "uv": [0, 0, 16, 16], "texture": "#flame" } } }], "display": { "thirdperson_righthand": { "translation": [0, 2.2554, 0] }, "thirdperson_lefthand": { "translation": [0, 2.2554, 0] }, "firstperson_righthand": { "translation": [0, 1.7173, 0] }, "firstperson_lefthand": { "translation": [0, 1.7173, 0] }, "ground": { "translation": [0, 4, 0], "scale": [0.5, 0.5, 0.5] }, "gui": { "rotation": [0, 149, 0], "translation": [0, 0.8641, 0], "scale": [0.75, 0.75, 0.75] }, "head": { "translation": [0, -30.03, 0], "scale": [1.65, 1.65, 1.65] } } }