{ "credit": "Model by Elsweyr, forked by HypariaMC", "textures": { "particle": "hyparia:furniture/pitchfork", "texture": "hyparia:furniture/pitchfork" }, "elements": [{ "name": "Box1", "from": [7.5, 0, 7.5], "to": [8.5, 22, 8.5], "faces": { "north": { "uv": [15.5, 5, 16, 16], "texture": "#texture" }, "east": { "uv": [15.5, 5, 16, 16], "texture": "#texture" }, "south": { "uv": [15.5, 5, 16, 16], "texture": "#texture" }, "west": { "uv": [15.5, 5, 16, 16], "texture": "#texture" }, "up": { "uv": [15, 4, 15.5, 4.5], "texture": "#texture" }, "down": { "uv": [15, 4.5, 15.5, 5], "texture": "#texture" } } }, { "name": "PlaneZ2", "from": [4.5, 22, 8], "to": [11.5, 30, 8.001], "faces": { "north": { "uv": [0, 12, 3.5, 16], "texture": "#texture" }, "south": { "uv": [0, 12, 3.5, 16], "texture": "#texture" } } }], "display": { "thirdperson_righthand": { "rotation": [0, 180, 0], "translation": [0, 0, 1.4728] }, "thirdperson_lefthand": { "rotation": [0, 180, 0], "translation": [0, 0, 1.4728] }, "firstperson_righthand": { "rotation": [0, 180, 0], "translation": [0, -6.423, 0] }, "firstperson_lefthand": { "rotation": [0, 180, 0], "translation": [0, -6.423, 0] }, "ground": { "translation": [0, 2.1875, 0], "scale": [0.5, 0.5, 0.5] }, "gui": { "rotation": [0, 176, 180], "translation": [0, 3.569, 0], "scale": [0.5, 0.5, 0.5] }, "head": { "rotation": [0, 0, 180], "translation": [0, -7.997, 0], "scale": [1.65, 1.65, 1.65] } } }