{ "credit": "Model by Elsweyr, forked by HypariaMC", "textures": { "particle": "hyparia:furniture/snake_green", "texture": "hyparia:furniture/snake_green", "rope": "hyparia:furniture/snakes_rope" }, "elements": [{ "__comment": "Head", "from": [7.75, -5, 6.375], "to": [9.75, -2, 8.375], "faces": { "down": { "uv": [13, 4, 11, 2], "texture": "#texture" }, "up": { "uv": [11, 2, 13, 4], "texture": "#texture" }, "north": { "uv": [16, 2, 13, 0], "texture": "#texture", "rotation": 90 }, "south": { "uv": [13, 4, 16, 6], "texture": "#texture", "rotation": 270 }, "west": { "uv": [13, 2, 16, 4], "texture": "#texture", "rotation": 270 }, "east": { "uv": [16, 2, 13, 4], "texture": "#texture", "rotation": 90 } } }, { "__comment": "Segment 1", "from": [8, -2, 6.875], "to": [9.5, 2, 8.375], "faces": { "down": { "uv": [1.5, 14.5, 0, 13], "texture": "#texture" }, "up": { "uv": [2.5, 13, 4, 14.5], "texture": "#texture" }, "north": { "uv": [4, 13, 0, 11.5], "texture": "#texture", "rotation": 90 }, "south": { "uv": [0, 14.5, 4, 16], "texture": "#texture", "rotation": 270 }, "west": { "uv": [0, 13, 4, 14.5], "texture": "#texture", "rotation": 270 }, "east": { "uv": [4, 13, 0, 14.5], "texture": "#texture", "rotation": 90 } } }, { "__comment": "Segment 2", "from": [8, 2, 6.875], "to": [9.5, 6, 8.375], "faces": { "down": { "uv": [5.5, 14.5, 4, 13], "texture": "#texture" }, "up": { "uv": [6.5, 13, 8, 14.5], "texture": "#texture" }, "north": { "uv": [8, 13, 4, 11.5], "texture": "#texture", "rotation": 90 }, "south": { "uv": [4, 14.5, 8, 16], "texture": "#texture", "rotation": 270 }, "west": { "uv": [4, 13, 8, 14.5], "texture": "#texture", "rotation": 270 }, "east": { "uv": [8, 13, 4, 14.5], "texture": "#texture", "rotation": 90 } } }, { "__comment": "Segment 3", "from": [8, 6, 6.875], "to": [9.5, 10, 8.375], "faces": { "down": { "uv": [9.5, 14.5, 8, 13], "texture": "#texture" }, "up": { "uv": [10.5, 13, 12, 14.5], "texture": "#texture" }, "north": { "uv": [12, 13, 8, 11.5], "texture": "#texture", "rotation": 90 }, "south": { "uv": [8, 14.5, 12, 16], "texture": "#texture", "rotation": 270 }, "west": { "uv": [8, 13, 12, 14.5], "texture": "#texture", "rotation": 270 }, "east": { "uv": [12, 13, 8, 14.5], "texture": "#texture", "rotation": 90 } } }, { "__comment": "Segment 4", "from": [8, 10, 6.875], "to": [9.5, 14, 8.375], "faces": { "down": { "uv": [13.5, 14.5, 12, 13], "texture": "#texture" }, "up": { "uv": [14.5, 13, 16, 14.5], "texture": "#texture" }, "north": { "uv": [16, 13, 12, 11.5], "texture": "#texture", "rotation": 90 }, "south": { "uv": [12, 14.5, 16, 16], "texture": "#texture", "rotation": 270 }, "west": { "uv": [12, 13, 16, 14.5], "texture": "#texture", "rotation": 270 }, "east": { "uv": [16, 13, 12, 14.5], "texture": "#texture", "rotation": 90 } } }, { "__comment": "Tail", "from": [8.25, 14, 7.375], "to": [9.25, 18, 8.375], "rotation": { "origin": [8.25, 14, 8.375001], "axis": "z", "angle": -22.5 }, "faces": { "down": { "uv": [13, 10, 12, 9], "texture": "#texture" }, "up": { "uv": [15, 9, 16, 10], "texture": "#texture" }, "north": { "uv": [16, 9, 12, 8], "texture": "#texture", "rotation": 90 }, "south": { "uv": [12, 10, 16, 11], "texture": "#texture", "rotation": 270 }, "west": { "uv": [12, 9, 16, 10], "texture": "#texture", "rotation": 270 }, "east": { "uv": [16, 9, 12, 10], "texture": "#texture", "rotation": 90 } } }, { "__comment": "Box8", "from": [6, 8.5, 6], "to": [10, 13.5, 10], "faces": { "down": { "uv": [0, 8, 8, 16], "texture": "#rope" }, "up": { "uv": [0, 8, 8, 16], "texture": "#rope" }, "north": { "uv": [8, 0, 16, 10], "texture": "#rope" }, "south": { "uv": [8, 0, 16, 10], "texture": "#rope" }, "west": { "uv": [8, 0, 16, 10], "texture": "#rope" }, "east": { "uv": [8, 0, 16, 10], "texture": "#rope" } } }, { "__comment": "Head", "from": [7, -6, 6.5], "to": [9, -3, 8.5], "rotation": { "origin": [9, -6, 8.5], "axis": "y", "angle": 45 }, "faces": { "down": { "uv": [13, 4, 11, 2], "texture": "#texture", "rotation": 90 }, "up": { "uv": [11, 2, 13, 4], "texture": "#texture", "rotation": 270 }, "north": { "uv": [16, 2, 13, 4], "texture": "#texture", "rotation": 90 }, "south": { "uv": [13, 2, 16, 4], "texture": "#texture", "rotation": 270 }, "west": { "uv": [16, 2, 13, 0], "texture": "#texture", "rotation": 90 }, "east": { "uv": [13, 4, 16, 6], "texture": "#texture", "rotation": 270 } } }, { "__comment": "Segment 1", "from": [7.5, -3, 6.75], "to": [9, 1, 8.25], "rotation": { "origin": [9, -6, 8.5], "axis": "y", "angle": 45 }, "faces": { "down": { "uv": [1.5, 14.5, 0, 13], "texture": "#texture", "rotation": 90 }, "up": { "uv": [2.5, 13, 4, 14.5], "texture": "#texture", "rotation": 270 }, "north": { "uv": [4, 13, 0, 14.5], "texture": "#texture", "rotation": 90 }, "south": { "uv": [0, 13, 4, 14.5], "texture": "#texture", "rotation": 270 }, "west": { "uv": [4, 13, 0, 11.5], "texture": "#texture", "rotation": 90 }, "east": { "uv": [0, 14.5, 4, 16], "texture": "#texture", "rotation": 270 } } }, { "__comment": "Segment 2", "from": [7.5, 1, 6.75], "to": [9, 5, 8.25], "rotation": { "origin": [9, -6, 8.5], "axis": "y", "angle": 45 }, "faces": { "down": { "uv": [5.5, 14.5, 4, 13], "texture": "#texture", "rotation": 90 }, "up": { "uv": [6.5, 13, 8, 14.5], "texture": "#texture", "rotation": 270 }, "north": { "uv": [8, 13, 4, 14.5], "texture": "#texture", "rotation": 90 }, "south": { "uv": [4, 13, 8, 14.5], "texture": "#texture", "rotation": 270 }, "west": { "uv": [8, 13, 4, 11.5], "texture": "#texture", "rotation": 90 }, "east": { "uv": [4, 14.5, 8, 16], "texture": "#texture", "rotation": 270 } } }, { "__comment": "Segment 3", "from": [7.5, 5, 6.75], "to": [9, 9, 8.25], "rotation": { "origin": [9, -6, 8.5], "axis": "y", "angle": 45 }, "faces": { "down": { "uv": [9.5, 14.5, 8, 13], "texture": "#texture", "rotation": 90 }, "up": { "uv": [10.5, 13, 12, 14.5], "texture": "#texture", "rotation": 270 }, "north": { "uv": [12, 13, 8, 14.5], "texture": "#texture", "rotation": 90 }, "south": { "uv": [8, 13, 12, 14.5], "texture": "#texture", "rotation": 270 }, "west": { "uv": [12, 13, 8, 11.5], "texture": "#texture", "rotation": 90 }, "east": { "uv": [8, 14.5, 12, 16], "texture": "#texture", "rotation": 270 } } }, { "__comment": "Segment 4", "from": [7.5, 9, 6.75], "to": [9, 13, 8.25], "rotation": { "origin": [9, -6, 8.5], "axis": "y", "angle": 45 }, "faces": { "down": { "uv": [13.5, 14.5, 12, 13], "texture": "#texture", "rotation": 90 }, "up": { "uv": [14.5, 13, 16, 14.5], "texture": "#texture", "rotation": 270 }, "north": { "uv": [16, 13, 12, 14.5], "texture": "#texture", "rotation": 90 }, "south": { "uv": [12, 13, 16, 14.5], "texture": "#texture", "rotation": 270 }, "west": { "uv": [16, 13, 12, 11.5], "texture": "#texture", "rotation": 90 }, "east": { "uv": [12, 14.5, 16, 16], "texture": "#texture", "rotation": 270 } } }, { "__comment": "Tail", "from": [8, 13, 7], "to": [9, 17, 8], "rotation": { "origin": [9, -6, 8.5], "axis": "y", "angle": 45 }, "faces": { "down": { "uv": [13, 10, 12, 9], "texture": "#texture", "rotation": 90 }, "up": { "uv": [15, 9, 16, 10], "texture": "#texture", "rotation": 270 }, "north": { "uv": [16, 9, 12, 10], "texture": "#texture", "rotation": 90 }, "south": { "uv": [12, 9, 16, 10], "texture": "#texture", "rotation": 270 }, "west": { "uv": [16, 9, 12, 8], "texture": "#texture", "rotation": 90 }, "east": { "uv": [12, 10, 16, 11], "texture": "#texture", "rotation": 270 } } }, { "__comment": "Tongue", "from": [8.499, -8, 6.75], "to": [8.5, -6, 8.25], "rotation": { "origin": [9, -6, 8.5], "axis": "y", "angle": 45 }, "faces": { "west": { "uv": [11, 2, 9.5, 0], "texture": "#texture", "rotation": 180 }, "east": { "uv": [7.5, 0, 8.5, 1], "texture": "#texture" } } }, { "__comment": "PlaneZ16", "from": [7.5, 13.5, 8], "to": [8.5, 24.5, 8.001], "faces": { "north": { "uv": [4, 0, 5, 11], "texture": "#texture" }, "south": { "uv": [5, 0, 6, 11], "texture": "#texture" } } }], "display": { "thirdperson_righthand": { "rotation": [90, 0, 0], "translation": [0, -3.171, 8.288] }, "thirdperson_lefthand": { "rotation": [90, 0, 0], "translation": [0, -3.171, 8.288] }, "firstperson_righthand": { "translation": [0, 4.5489, 0] }, "firstperson_lefthand": { "translation": [0, 4.5489, 0] }, "gui": { "rotation": [22, 153, 0], "translation": [0, -0.005, 0], "scale": [0.5, 0.5, 0.5] }, "head": { "translation": [0, -14.1, 0], "scale": [1.65, 1.65, 1.65] } } }