{ "credit": "Model by Elsweyr, forked by HypariaMC", "textures": { "texture": "hyparia:furniture/torch", "flame": "hyparia:furniture/flame_torch", "skull": "hyparia:furniture/skeleton_head" }, "elements": [{ "name": "Shaft", "from": [7.5, -6, 7], "to": [9.5, 21, 9], "faces": { "north": { "uv": [10.5, 2.5, 11.5, 16], "texture": "#texture" }, "east": { "uv": [10.5, 2.5, 11.5, 16], "texture": "#texture" }, "south": { "uv": [10.5, 2.5, 11.5, 16], "texture": "#texture" }, "west": { "uv": [10.5, 2.5, 11.5, 16], "texture": "#texture" }, "up": { "uv": [2, 14.5, 3, 15.5], "texture": "#texture" }, "down": { "uv": [2, 14.5, 3, 15.5], "texture": "#texture" } } }, { "name": "Head", "from": [7, 21, 6.5], "to": [10, 26, 9.5], "faces": { "north": { "uv": [10, 0, 11.5, 2.5], "texture": "#texture" }, "east": { "uv": [10, 0, 11.5, 2.5], "texture": "#texture" }, "south": { "uv": [10, 0, 11.5, 2.5], "texture": "#texture" }, "west": { "uv": [10, 0, 11.5, 2.5], "texture": "#texture" }, "up": { "uv": [8.5, 0, 10, 1.5], "texture": "#texture" }, "down": { "uv": [8.5, 0, 10, 1.5], "texture": "#texture" } } }, { "name": "Nub", "from": [6.625, 10.5, 7.05], "to": [7.625, 12.4, 8.95], "rotation": { "angle": -22.5, "axis": "z", "origin": [6.625, 10.5, 7] }, "faces": { "north": { "uv": [3, 14.5, 3.5, 15.5], "texture": "#texture" }, "east": { "uv": [2, 14.5, 3, 15.5], "texture": "#texture" }, "south": { "uv": [3, 14.5, 3.5, 15.5], "texture": "#texture" }, "west": { "uv": [2, 14.5, 3, 15.5], "texture": "#texture" }, "up": { "uv": [2, 15.5, 3, 16], "rotation": 90, "texture": "#texture" }, "down": { "uv": [2, 15.5, 3, 16], "rotation": 270, "texture": "#texture" } } }, { "name": "Flame 1", "from": [4.5, 23, 8], "to": [12.5, 31, 8.001], "faces": { "north": { "uv": [0, 0, 16, 16], "texture": "#flame" }, "south": { "uv": [16, 0, 0, 16], "texture": "#flame" } } }, { "name": "Flame 2", "from": [8.5, 23, 4], "to": [8.501, 31, 12], "faces": { "east": { "uv": [0, 0, 16, 16], "texture": "#flame" }, "west": { "uv": [0, 0, 16, 16], "texture": "#flame" } } }, { "name": "Skull", "from": [4.5, 12, 4], "to": [12.5, 20, 12], "faces": { "north": { "uv": [4, 4, 8, 8], "texture": "#skull" }, "east": { "uv": [0, 4, 4, 8], "texture": "#skull" }, "south": { "uv": [12, 4, 16, 8], "texture": "#skull" }, "west": { "uv": [8, 4, 12, 8], "texture": "#skull" }, "up": { "uv": [4, 0, 8, 4], "texture": "#skull" }, "down": { "uv": [8, 0, 12, 4], "texture": "#skull" } } }, { "name": "Skull", "from": [4.5, 12, 4], "to": [12.5, 12, 12], "faces": { "north": { "uv": [4, 4, 8, 8], "texture": "#skull" }, "east": { "uv": [0, 4, 4, 8], "texture": "#skull" }, "south": { "uv": [12, 4, 16, 8], "texture": "#skull" }, "west": { "uv": [8, 4, 12, 8], "texture": "#skull" }, "up": { "uv": [8, 0, 12, 4], "rotation": 180, "texture": "#skull" }, "down": { "uv": [8, 0, 12, 4], "texture": "#skull" } } }, { "name": "Skull", "from": [4.5, 20, 4], "to": [12.5, 20, 12], "faces": { "north": { "uv": [4, 4, 8, 8], "texture": "#skull" }, "east": { "uv": [0, 4, 4, 8], "texture": "#skull" }, "south": { "uv": [12, 4, 16, 8], "texture": "#skull" }, "west": { "uv": [8, 4, 12, 8], "texture": "#skull" }, "up": { "uv": [4, 0, 8, 4], "texture": "#skull" }, "down": { "uv": [4, 0, 8, 4], "texture": "#skull" } } }, { "name": "Skull", "from": [4.5, 12, 4], "to": [4.5, 20, 12], "faces": { "north": { "uv": [4, 4, 8, 8], "texture": "#skull" }, "east": { "uv": [0, 4, 4, 8], "texture": "#skull" }, "south": { "uv": [12, 4, 16, 8], "texture": "#skull" }, "west": { "uv": [8, 4, 12, 8], "texture": "#skull" }, "up": { "uv": [4, 0, 8, 4], "texture": "#skull" }, "down": { "uv": [8, 0, 12, 4], "texture": "#skull" } } }, { "name": "Skull", "from": [12.5, 12, 4], "to": [12.5, 20, 12], "faces": { "north": { "uv": [4, 4, 8, 8], "texture": "#skull" }, "east": { "uv": [0, 4, 4, 8], "texture": "#skull" }, "south": { "uv": [12, 4, 16, 8], "texture": "#skull" }, "west": { "uv": [8, 4, 12, 8], "texture": "#skull" }, "up": { "uv": [4, 0, 8, 4], "texture": "#skull" }, "down": { "uv": [8, 0, 12, 4], "texture": "#skull" } } }, { "name": "Skull", "from": [4.5, 12, 4], "to": [12.5, 20, 4], "faces": { "north": { "uv": [4, 4, 8, 8], "texture": "#skull" }, "east": { "uv": [0, 4, 4, 8], "texture": "#skull" }, "south": { "uv": [4, 4, 8, 8], "texture": "#skull" }, "west": { "uv": [8, 4, 12, 8], "texture": "#skull" }, "up": { "uv": [4, 0, 8, 4], "texture": "#skull" }, "down": { "uv": [8, 0, 12, 4], "texture": "#skull" } } }, { "name": "Skull", "from": [4.5, 12, 12], "to": [12.5, 20, 12], "faces": { "north": { "uv": [12.25, 4, 16, 8], "texture": "#skull" }, "east": { "uv": [0, 4, 4, 8], "texture": "#skull" }, "south": { "uv": [12, 4, 16, 8], "texture": "#skull" }, "west": { "uv": [8, 4, 12, 8], "texture": "#skull" }, "up": { "uv": [4, 0, 8, 4], "texture": "#skull" }, "down": { "uv": [8, 0, 12, 4], "texture": "#skull" } } }], "display": { "firstperson_righthand": { "translation": [0, -3.513, 0] }, "firstperson_lefthand": { "translation": [0, -3.513, 0] }, "ground": { "translation": [0, 4, 0], "scale": [0.25, 0.25, 0.25] }, "gui": { "rotation": [14, 150, 0], "translation": [0, -1.432, 0], "scale": [0.35, 0.35, 0.35] }, "head": { "translation": [0, -22.35, 0], "scale": [1.5, 1.5, 1.5] } } }