{ "credit": "Model by Elsweyr, forked by HypariaMC", "textures": { "particle": "hyparia:furniture/banner_hanging", "texture": "hyparia:furniture/banner_hanging" }, "elements": [{ "name": "Banner", "from": [1, 0, 8], "to": [15, 32, 8.001], "faces": { "north": { "uv": [0.5, 0, 7.5, 16], "texture": "#texture" }, "south": { "uv": [0.5, 0, 7.5, 15.75], "texture": "#texture" } } }, { "name": "Bar", "from": [0, 30.5, 8.01], "to": [16, 31.5, 9.01], "faces": { "north": { "uv": [8, 0, 16, 0.5], "texture": "#texture" }, "east": { "uv": [15, 0.5, 15.5, 1], "texture": "#texture" }, "south": { "uv": [8, 0, 16, 0.5], "texture": "#texture" }, "west": { "uv": [15, 0.5, 15.5, 1], "texture": "#texture" }, "up": { "uv": [8, 0, 16, 0.5], "texture": "#texture" }, "down": { "uv": [8, 0, 16, 0.5], "texture": "#texture" } } }, { "name": "Ball", "from": [16, 30, 7.5], "to": [18, 32, 9.5], "faces": { "north": { "uv": [15, 0.5, 16, 1.5], "texture": "#texture" }, "east": { "uv": [15, 0.5, 16, 1.5], "texture": "#texture" }, "south": { "uv": [15, 0.5, 16, 1.5], "texture": "#texture" }, "west": { "uv": [15, 0.5, 16, 1.5], "texture": "#texture" }, "up": { "uv": [15, 0.5, 16, 1.5], "texture": "#texture" }, "down": { "uv": [15, 0.5, 16, 1.5], "texture": "#texture" } } }, { "name": "Ball", "from": [-2, 30, 7.5], "to": [0, 32, 9.5], "faces": { "north": { "uv": [15, 0.5, 16, 1.5], "texture": "#texture" }, "east": { "uv": [15, 0.5, 16, 1.5], "texture": "#texture" }, "south": { "uv": [15, 0.5, 16, 1.5], "texture": "#texture" }, "west": { "uv": [15, 0.5, 16, 1.5], "texture": "#texture" }, "up": { "uv": [15, 0.5, 16, 1.5], "texture": "#texture" }, "down": { "uv": [15, 0.5, 16, 1.5], "texture": "#texture" } } }], "display": { "thirdperson_righthand": { "translation": [0, -6.459, 0], "scale": [0.5, 0.5, 0.5] }, "thirdperson_lefthand": { "translation": [0, -6.459, 0], "scale": [0.5, 0.5, 0.5] }, "firstperson_righthand": { "translation": [2.9673, -3.92, 0], "scale": [0.5, 0.5, 0.5] }, "firstperson_lefthand": { "translation": [2.9673, -3.92, 0], "scale": [0.5, 0.5, 0.5] }, "ground": { "translation": [0, 2.8125, 0], "scale": [0.5, 0.5, 0.5] }, "gui": { "rotation": [10, 137, 0], "translation": [0, -3.71, 0], "scale": [0.45, 0.45, 0.45] }, "head": { "translation": [0, -31, 4.1467], "scale": [1.53, 1.53, 1.53] }, "fixed": { "translation": [0, -30.29, -0.717], "scale": [2, 2, 2] } } }