{ "credit": "Model by Elsweyr, forked by HypariaMC", "textures": { "texture": "hyparia:furniture/brick", "particle": "hyparia:furniture/brick" }, "elements": [{ "__comment": "1", "from": [1, 0, 0.5], "to": [15, 7, 7.5], "faces": { "down": { "uv": [0, 9, 14, 16], "texture": "#texture" }, "up": { "uv": [0, 9, 14, 16], "texture": "#texture" }, "north": { "uv": [0, 9, 14, 16], "texture": "#texture" }, "south": { "uv": [0, 9, 14, 16], "texture": "#texture" }, "west": { "uv": [0, 2, 7, 9], "texture": "#texture" }, "east": { "uv": [0, 2, 7, 9], "texture": "#texture" } } }, { "__comment": "2", "from": [1, 0, 8.5], "to": [15, 7, 15.5], "faces": { "down": { "uv": [0, 9, 14, 16], "texture": "#texture" }, "up": { "uv": [0, 9, 14, 16], "texture": "#texture" }, "north": { "uv": [0, 9, 14, 16], "texture": "#texture" }, "south": { "uv": [0, 9, 14, 16], "texture": "#texture" }, "west": { "uv": [0, 2, 7, 9], "texture": "#texture" }, "east": { "uv": [0, 2, 7, 9], "texture": "#texture" } } }, { "__comment": "3", "from": [0.5, 7, 7.5], "to": [14.5, 14, 14.5], "rotation": { "origin": [0.5, 7, 7.5], "axis": "y", "angle": 22.5 }, "faces": { "down": { "uv": [0, 9, 14, 16], "texture": "#texture" }, "up": { "uv": [0, 9, 14, 16], "texture": "#texture" }, "north": { "uv": [0, 9, 14, 16], "texture": "#texture" }, "south": { "uv": [0, 9, 14, 16], "texture": "#texture" }, "west": { "uv": [0, 2, 7, 9], "texture": "#texture" }, "east": { "uv": [0, 2, 7, 9], "texture": "#texture" } } }], "display": { "thirdperson_righthand": { "scale": [0.5, 0.5, 0.5] }, "thirdperson_lefthand": { "scale": [0.5, 0.5, 0.5] }, "firstperson_righthand": { "translation": [0, 1.2445, 0], "scale": [0.5, 0.5, 0.5] }, "firstperson_lefthand": { "translation": [0, 1.2445, 0], "scale": [0.5, 0.5, 0.5] }, "gui": { "rotation": [22, 28, 0], "scale": [0.5, 0.5, 0.5] }, "head": { "translation": [0, -31.22, 0], "scale": [1.5, 1.5, 1.5] }, "ground": { "translation": [0, 3.6684, 0], "scale": [0.5, 0.5, 0.5] }, "fixed": { "rotation": [0, 90, 0], "scale": [0.5, 0.5, 0.5] } } }