{ "credit": "Model by Elsweyr, forked by HypariaMC", "textures": { "particle": "hyparia:furniture/chalice_gold", "texture": "hyparia:furniture/chalice_gold" }, "elements": [{ "name": "Cup", "from": [6, 5, 6.5], "to": [10, 8, 10.5], "faces": { "north": { "uv": [12, 13, 16, 16], "texture": "#texture" }, "east": { "uv": [12, 13, 16, 16], "texture": "#texture" }, "south": { "uv": [12, 13, 16, 16], "texture": "#texture" }, "west": { "uv": [12, 13, 16, 16], "texture": "#texture" }, "up": { "uv": [12, 9, 16, 13], "texture": "#texture" }, "down": { "uv": [8, 9, 12, 13], "texture": "#texture" } } }, { "name": "Cup", "from": [6, 8, 6.5], "to": [10, 8, 10.5], "faces": { "north": { "uv": [12, 13, 16, 16], "texture": "#texture" }, "east": { "uv": [12, 13, 16, 16], "texture": "#texture" }, "south": { "uv": [12, 13, 16, 16], "texture": "#texture" }, "west": { "uv": [12, 13, 16, 16], "texture": "#texture" }, "up": { "uv": [12, 9, 16, 13], "texture": "#texture" }, "down": { "uv": [12, 9, 16, 13], "texture": "#texture" } } }, { "name": "Cup", "from": [6, 5, 6.5], "to": [10, 8, 6.5], "rotation": { "angle": 0, "axis": "y", "origin": [8, 6.5, 6.5] }, "faces": { "north": { "uv": [12, 13, 16, 16], "texture": "#texture" }, "east": { "uv": [12, 13, 16, 16], "texture": "#texture" }, "south": { "uv": [12, 13, 16, 16], "texture": "#texture" }, "west": { "uv": [12, 13, 16, 16], "texture": "#texture" }, "up": { "uv": [12, 9, 16, 13], "texture": "#texture" }, "down": { "uv": [8, 9, 12, 13], "texture": "#texture" } } }, { "name": "Cup", "from": [6, 5, 10.5], "to": [10, 8, 10.5], "rotation": { "angle": 0, "axis": "y", "origin": [8, 6.5, 6.5] }, "faces": { "north": { "uv": [12, 13, 16, 16], "texture": "#texture" }, "east": { "uv": [12, 13, 16, 16], "texture": "#texture" }, "south": { "uv": [12, 13, 16, 16], "texture": "#texture" }, "west": { "uv": [12, 13, 16, 16], "texture": "#texture" }, "up": { "uv": [12, 9, 16, 13], "texture": "#texture" }, "down": { "uv": [8, 9, 12, 13], "texture": "#texture" } } }, { "name": "Cup", "from": [10, 5, 6.5], "to": [10, 8, 10.5], "rotation": { "angle": 0, "axis": "y", "origin": [8, 6.5, 6.5] }, "faces": { "north": { "uv": [12, 13, 16, 16], "texture": "#texture" }, "east": { "uv": [12, 13, 16, 16], "texture": "#texture" }, "south": { "uv": [12, 13, 16, 16], "texture": "#texture" }, "west": { "uv": [12, 13, 16, 16], "texture": "#texture" }, "up": { "uv": [12, 9, 16, 13], "rotation": 270, "texture": "#texture" }, "down": { "uv": [8, 9, 12, 13], "rotation": 90, "texture": "#texture" } } }, { "name": "Cup", "from": [6, 5, 6.5], "to": [6, 8, 10.5], "rotation": { "angle": 0, "axis": "y", "origin": [8, 6.5, 6.5] }, "faces": { "north": { "uv": [12, 13, 16, 16], "texture": "#texture" }, "east": { "uv": [12, 13, 16, 16], "texture": "#texture" }, "south": { "uv": [12, 13, 16, 16], "texture": "#texture" }, "west": { "uv": [12, 13, 16, 16], "texture": "#texture" }, "up": { "uv": [12, 9, 16, 13], "rotation": 270, "texture": "#texture" }, "down": { "uv": [8, 9, 12, 13], "rotation": 90, "texture": "#texture" } } }, { "name": "Handle", "from": [7, 1, 7.5], "to": [9, 5, 9.5], "faces": { "north": { "uv": [0, 12, 2, 16], "texture": "#texture" }, "east": { "uv": [0, 12, 2, 16], "texture": "#texture" }, "south": { "uv": [0, 12, 2, 16], "texture": "#texture" }, "west": { "uv": [0, 12, 2, 16], "texture": "#texture" }, "up": { "uv": [0, 8, 2, 10], "texture": "#texture" }, "down": { "uv": [2, 10, 4, 12], "texture": "#texture" } } }, { "name": "Base", "from": [6, 0, 6.5], "to": [10, 1, 10.5], "faces": { "north": { "uv": [8, 15, 12, 16], "texture": "#texture" }, "east": { "uv": [8, 15, 12, 16], "texture": "#texture" }, "south": { "uv": [8, 15, 12, 16], "texture": "#texture" }, "west": { "uv": [8, 15, 12, 16], "texture": "#texture" }, "up": { "uv": [8, 9, 12, 13], "texture": "#texture" }, "down": { "uv": [8, 9, 12, 13], "texture": "#texture" } } }, { "name": "Wine", "from": [6, 7, 6.5], "to": [10, 7.001, 10.5], "faces": { "up": { "uv": [12, 5, 16, 9], "texture": "#texture" }, "down": { "uv": [12, 0, 16, 4], "texture": "#texture" } } }], "display": { "thirdperson_righthand": { "translation": [0, 3.0217, 0] }, "thirdperson_lefthand": { "translation": [0, 3.0217, 0] }, "firstperson_righthand": { "translation": [0, 2.8641, 0] }, "firstperson_lefthand": { "translation": [0, 2.8641, 0] }, "ground": { "translation": [0, 4, 0], "scale": [0.7, 0.7, 0.7] }, "gui": { "rotation": [11, -29, 0], "translation": [0, 1.8315, 0], "scale": [0.75, 0.75, 0.75] }, "head": { "translation": [0, -30.03, 0], "scale": [1.65, 1.65, 1.65] } } }