{ "credit": "Model by Elsweyr, forked by HypariaMC", "textures": { "particle": "hyparia:furniture/coffin_stone", "texture": "hyparia:furniture/coffin_stone" }, "elements": [{ "name": "Head", "from": [1.0009, -0.0003, 27.4998], "to": [15.00089, 1.9997, 29.4998], "faces": { "north": { "uv": [12.5, 0.5, 16, 1], "texture": "#texture" }, "east": { "uv": [12, 0.5, 12.5, 1], "texture": "#texture" }, "south": { "uv": [12.5, 0.5, 16, 1], "texture": "#texture" }, "west": { "uv": [12, 0.5, 12.5, 1], "texture": "#texture" }, "up": { "uv": [12.5, 0, 16, 0.5], "texture": "#texture" }, "down": { "uv": [12.5, 0, 16, 0.5], "texture": "#texture" } } }, { "name": "Right Angle", "from": [-3.9579, -0.0002, 17.3998], "to": [-1.9579, 1.9998, 29.3998], "rotation": { "angle": 22.5, "axis": "y", "origin": [-2, 0, 17.5] }, "faces": { "north": { "uv": [3, 13, 3.5, 13.5], "texture": "#texture" }, "east": { "uv": [0, 13, 3, 13.5], "texture": "#texture" }, "south": { "uv": [3, 13, 3.5, 13.5], "texture": "#texture" }, "west": { "uv": [0, 13, 3, 13.5], "texture": "#texture" }, "up": { "uv": [0, 12.5, 3, 13], "rotation": 90, "texture": "#texture" }, "down": { "uv": [0, 12.5, 3, 13], "rotation": 270, "texture": "#texture" } } }, { "name": "Left Angle", "from": [13.2068, -0.0008, 16.2078], "to": [15.2068, 1.9992, 28.2078], "rotation": { "angle": -22.5, "axis": "y", "origin": [12.5, 0, 28.5] }, "faces": { "north": { "uv": [3, 13, 3.5, 13.5], "texture": "#texture" }, "east": { "uv": [0, 13, 3, 13.5], "texture": "#texture" }, "south": { "uv": [3, 13, 3.5, 13.5], "texture": "#texture" }, "west": { "uv": [0, 13, 3, 13.5], "texture": "#texture" }, "up": { "uv": [0, 12.5, 3, 13], "rotation": 270, "texture": "#texture" }, "down": { "uv": [0, 12.5, 3, 13], "rotation": 90, "texture": "#texture" } } }, { "name": "Left Side", "from": [18.0006, 0.0009, -11.9993], "to": [20.0006, 2.0009, 18.0007], "faces": { "north": { "uv": [7.5, 13, 8, 13.5], "texture": "#texture" }, "east": { "uv": [16, 13, 8, 13.5], "texture": "#texture" }, "south": { "uv": [7.5, 13, 8, 13.5], "texture": "#texture" }, "west": { "uv": [8, 13, 16, 13.5], "texture": "#texture" }, "up": { "uv": [8, 12.5, 16, 13], "rotation": 270, "texture": "#texture" }, "down": { "uv": [8, 12.5, 16, 13], "rotation": 90, "texture": "#texture" } } }, { "name": "Right Side", "from": [-4.0009, 0.0004, -12.0003], "to": [-2.0009, 2.0004, 17.9997], "faces": { "north": { "uv": [7.5, 13, 8, 13.5], "texture": "#texture" }, "east": { "uv": [16, 13, 8, 13.5], "texture": "#texture" }, "south": { "uv": [7.5, 13, 8, 13.5], "texture": "#texture" }, "west": { "uv": [8, 13, 16, 13.5], "texture": "#texture" }, "up": { "uv": [8, 12.5, 16, 13], "rotation": 270, "texture": "#texture" }, "down": { "uv": [8, 12.5, 16, 13], "rotation": 90, "texture": "#texture" } } }, { "name": "Feet", "from": [-3.9992, 0.0009, -13.999], "to": [20.0008, 2.0009, -11.999], "faces": { "north": { "uv": [10, 4, 16, 4.5], "texture": "#texture" }, "east": { "uv": [9.5, 4, 10, 4.5], "texture": "#texture" }, "south": { "uv": [10, 4, 16, 4.5], "texture": "#texture" }, "west": { "uv": [10, 4, 10.5, 4.5], "texture": "#texture" }, "up": { "uv": [10, 3.5, 16, 4], "texture": "#texture" }, "down": { "uv": [10, 3.5, 16, 4], "texture": "#texture" } } }, { "name": "PlaneY7", "from": [-2.0007, 1.0009, -11.9996], "to": [17.9993, 1.0019, 28.0004], "faces": { "up": { "uv": [6, 7.5, 16, 12.5], "rotation": 90, "texture": "#texture" }, "down": { "uv": [0, 2.5, 5, 12.5], "texture": "#texture" } } }], "display": { "thirdperson_righthand": { "translation": [0, 2.1304, 0], "scale": [0.25, 0.25, 0.25] }, "thirdperson_lefthand": { "translation": [0, 2.1304, 0], "scale": [0.25, 0.25, 0.25] }, "firstperson_righthand": { "scale": [0.5, 0.5, 0.5] }, "firstperson_lefthand": { "scale": [0.5, 0.5, 0.5] }, "ground": { "translation": [0, 1.7771, 0], "scale": [0.25, 0.25, 0.25] }, "gui": { "rotation": [35, 145, 0], "scale": [0.25, 0.25, 0.25] }, "head": { "translation": [0, -29.92, 0], "scale": [1.65, 1.65, 1.65] } } }