{ "credit": "Model by Elsweyr, forked by HypariaMC", "textures": { "particle": "hyparia:furniture/garlic_string", "texture": "hyparia:furniture/garlic_string" }, "elements": [{ "name": "String", "from": [7.5, 0, 8], "to": [8.5, 16, 8.001], "faces": { "north": { "uv": [8, 0, 9, 16], "texture": "#texture" }, "south": { "uv": [8, 0, 9, 16], "texture": "#texture" } } }, { "name": "Garlic", "from": [6.5, 5, 6.5], "to": [9.5, 7, 9.5], "faces": { "north": { "uv": [13, 3, 16, 5], "texture": "#texture" }, "east": { "uv": [13, 3, 16, 5], "texture": "#texture" }, "south": { "uv": [13, 3, 16, 5], "texture": "#texture" }, "west": { "uv": [13, 3, 16, 5], "texture": "#texture" }, "up": { "uv": [13, 0, 16, 3], "texture": "#texture" }, "down": { "uv": [13, 5, 16, 8], "texture": "#texture" } } }, { "name": "Garlic", "from": [6.5, 8.5, 6.5], "to": [9.5, 10.5, 9.5], "faces": { "north": { "uv": [13, 3, 16, 5], "texture": "#texture" }, "east": { "uv": [13, 3, 16, 5], "texture": "#texture" }, "south": { "uv": [13, 3, 16, 5], "texture": "#texture" }, "west": { "uv": [13, 3, 16, 5], "texture": "#texture" }, "up": { "uv": [13, 0, 16, 3], "texture": "#texture" }, "down": { "uv": [13, 5, 16, 8], "texture": "#texture" } } }, { "name": "Garlic", "from": [6.5, 1.5, 6.5], "to": [9.5, 3.5, 9.5], "faces": { "north": { "uv": [13, 3, 16, 5], "texture": "#texture" }, "east": { "uv": [13, 3, 16, 5], "texture": "#texture" }, "south": { "uv": [13, 3, 16, 5], "texture": "#texture" }, "west": { "uv": [13, 3, 16, 5], "texture": "#texture" }, "up": { "uv": [13, 0, 16, 3], "texture": "#texture" }, "down": { "uv": [13, 5, 16, 8], "texture": "#texture" } } }, { "name": "Moss", "from": [7, -2.5, 7], "to": [10, 1.5, 7.001], "rotation": { "angle": -45, "axis": "y", "origin": [7, -2.5, 7] }, "faces": { "north": { "uv": [13, 8, 16, 12], "texture": "#texture" }, "south": { "uv": [16, 8, 13, 12], "texture": "#texture" } } }, { "name": "Moss", "from": [7, -2.5, 9], "to": [10, 1.5, 9.001], "rotation": { "angle": 45, "axis": "y", "origin": [7, -2.5, 9] }, "faces": { "north": { "uv": [13, 8, 16, 12], "texture": "#texture" }, "south": { "uv": [16, 8, 13, 12], "texture": "#texture" } } }], "display": { "firstperson_righthand": { "rotation": [0, 180, 0] }, "firstperson_lefthand": { "rotation": [0, 180, 0] }, "ground": { "translation": [0, 4.5, 0], "scale": [0.5, 0.5, 0.5] }, "gui": { "rotation": [0, 131, 0], "scale": [0.7, 0.7, 0.7] }, "head": { "translation": [0, -30.8, 0], "scale": [1.65, 1.65, 1.65] } } }