{ "credit": "Model by Elsweyr, forked by HypariaMC", "textures": { "particle": "hyparia:furniture/hay_pile", "texture": "hyparia:furniture/hay_pile" }, "elements": [{ "name": "PlaneY1", "from": [0, 6, 0], "to": [16, 6.001, 16], "faces": { "up": { "uv": [8, 0, 16, 8], "texture": "#texture" }, "down": { "uv": [8, 0, 16, 8], "texture": "#texture" } } }, { "name": "PlaneY2", "from": [-4, 0, -4], "to": [6, 0.001, 20], "rotation": { "angle": 45, "axis": "z", "origin": [-4, 0, -4] }, "faces": { "east": { "uv": [0, 11, 12, 16], "rotation": 90, "texture": "#texture" }, "west": { "uv": [0, 11, 12, 16], "rotation": 90, "texture": "#texture" }, "up": { "uv": [0, 11, 12, 16], "rotation": 90, "texture": "#texture" }, "down": { "uv": [0, 11, 12, 16], "rotation": 90, "texture": "#texture" } } }, { "name": "PlaneY2", "from": [-4, 0, -4], "to": [20, 0.001, 6], "rotation": { "angle": -45, "axis": "x", "origin": [20, 0, -4] }, "faces": { "up": { "uv": [0, 11, 12, 16], "rotation": 180, "texture": "#texture" }, "down": { "uv": [0, 11, 12, 16], "texture": "#texture" } } }, { "name": "PlaneY2", "from": [10, 0, -4], "to": [20, 0.001, 20], "rotation": { "angle": -45, "axis": "z", "origin": [20, 0, 20] }, "faces": { "up": { "uv": [0, 11, 12, 16], "rotation": 270, "texture": "#texture" }, "down": { "uv": [0, 11, 12, 16], "rotation": 270, "texture": "#texture" } } }, { "name": "PlaneY2", "from": [-4, 0, 10], "to": [20, 0.001, 20], "rotation": { "angle": 45, "axis": "x", "origin": [-4, 0, 20] }, "faces": { "up": { "uv": [0, 11, 12, 16], "texture": "#texture" }, "down": { "uv": [0, 11, 12, 16], "rotation": 180, "texture": "#texture" } } }], "display": { "thirdperson_righthand": { "translation": [0, 3.8749, 0], "scale": [0.5, 0.5, 0.5] }, "thirdperson_lefthand": { "translation": [0, 3.8749, 0], "scale": [0.5, 0.5, 0.5] }, "ground": { "translation": [0, 4, 0], "scale": [0.4, 0.4, 0.4] }, "gui": { "rotation": [24, -35, 0], "translation": [0, 1.6521, 0], "scale": [0.4, 0.4, 0.4] }, "head": { "translation": [0, -30, 0], "scale": [1.65, 1.65, 1.65] } } }