{ "credit": "Model by Elsweyr, forked by HypariaMC", "textures": { "texture": "hyparia:furniture/pumpkin_small" }, "elements": [{ "__comment": "Pumpkin", "from": [4, 0, 4], "to": [12, 8, 12], "faces": { "down": { "uv": [8, 8, 16, 16], "texture": "#texture" }, "up": { "uv": [8, 0, 16, 8], "texture": "#texture" }, "north": { "uv": [0, 8, 8, 16], "texture": "#texture" }, "south": { "uv": [0, 8, 8, 16], "texture": "#texture" }, "west": { "uv": [0, 8, 8, 16], "texture": "#texture" }, "east": { "uv": [0, 8, 8, 16], "texture": "#texture" } } }, { "__comment": "Stem 1", "from": [7, 6, 7], "to": [9, 10, 9], "faces": { "down": { "uv": [3, 6, 5, 8], "texture": "#texture" }, "up": { "uv": [3, 6, 5, 8], "texture": "#texture" }, "north": { "uv": [0, 4, 2, 8], "texture": "#texture" }, "south": { "uv": [0, 4, 2, 8], "texture": "#texture" }, "west": { "uv": [0, 4, 2, 8], "texture": "#texture" }, "east": { "uv": [0, 4, 2, 8], "texture": "#texture" } } }, { "__comment": "Stem 2", "from": [7.5, 8.5, 8], "to": [8.5, 11.5, 9], "rotation": { "origin": [7.5, 8.5, 8], "axis": "x", "angle": -22.5 }, "faces": { "down": { "uv": [5, 7, 6, 8], "texture": "#texture" }, "up": { "uv": [5, 7, 6, 8], "texture": "#texture" }, "north": { "uv": [2, 5, 3, 8], "texture": "#texture" }, "south": { "uv": [2, 5, 3, 8], "texture": "#texture" }, "west": { "uv": [2, 5, 3, 8], "texture": "#texture" }, "east": { "uv": [2, 5, 3, 8], "texture": "#texture" } } }], "display": { "thirdperson_righthand": { "translation": [0, 2.4103, 0], "scale": [0.5, 0.5, 0.5] }, "thirdperson_lefthand": { "translation": [0, 2.4103, 0], "scale": [0.5, 0.5, 0.5] }, "firstperson_righthand": { "translation": [0, 2.288, 0] }, "firstperson_lefthand": { "translation": [0, 2.288, 0] }, "gui": { "rotation": [15, -26, 0], "translation": [0, 1.0543, 0], "scale": [0.5, 0.5, 0.5] }, "head": { "translation": [0, -31.1, 0], "scale": [1.5, 1.5, 1.5] }, "ground": { "translation": [0, 3.5, 0], "scale": [0.5, 0.5, 0.5] } } }