{ "credit": "Model by Elsweyr, forked by HypariaMC", "textures": { "texture": "hyparia:furniture/table_tea" }, "elements": [{ "__comment": "Box1", "from": [2, 0, 12], "to": [4, 14, 14], "faces": { "down": { "uv": [15, 8, 16, 9], "texture": "#texture" }, "up": { "uv": [15, 8, 16, 9], "texture": "#texture" }, "north": { "uv": [15, 9, 16, 16], "texture": "#texture" }, "south": { "uv": [15, 9, 16, 16], "texture": "#texture" }, "west": { "uv": [15, 9, 16, 16], "texture": "#texture" }, "east": { "uv": [15, 9, 16, 16], "texture": "#texture" } } }, { "__comment": "Box2", "from": [1, 14, 1], "to": [15, 15, 15], "faces": { "down": { "uv": [9, 0, 16, 7], "texture": "#texture" }, "up": { "uv": [9, 0, 16, 7], "texture": "#texture" }, "north": { "uv": [8.5, 0, 9, 7], "texture": "#texture", "rotation": 90 }, "south": { "uv": [8.5, 0, 9, 7], "texture": "#texture", "rotation": 270 }, "west": { "uv": [9, 7, 16, 7.5], "texture": "#texture" }, "east": { "uv": [9, 7, 16, 7.5], "texture": "#texture" } } }, { "__comment": "Box1", "from": [2, 0, 2], "to": [4, 14, 4], "faces": { "down": { "uv": [15, 8, 16, 9], "texture": "#texture" }, "up": { "uv": [15, 8, 16, 9], "texture": "#texture" }, "north": { "uv": [15, 9, 16, 16], "texture": "#texture" }, "south": { "uv": [15, 9, 16, 16], "texture": "#texture" }, "west": { "uv": [15, 9, 16, 16], "texture": "#texture" }, "east": { "uv": [15, 9, 16, 16], "texture": "#texture" } } }, { "__comment": "Box1", "from": [12, 0, 2], "to": [14, 14, 4], "faces": { "down": { "uv": [15, 8, 16, 9], "texture": "#texture" }, "up": { "uv": [15, 8, 16, 9], "texture": "#texture" }, "north": { "uv": [15, 9, 16, 16], "texture": "#texture" }, "south": { "uv": [15, 9, 16, 16], "texture": "#texture" }, "west": { "uv": [15, 9, 16, 16], "texture": "#texture" }, "east": { "uv": [15, 9, 16, 16], "texture": "#texture" } } }, { "__comment": "Box1", "from": [12, 0, 12], "to": [14, 14, 14], "faces": { "down": { "uv": [15, 8, 16, 9], "texture": "#texture" }, "up": { "uv": [15, 8, 16, 9], "texture": "#texture" }, "north": { "uv": [15, 9, 16, 16], "texture": "#texture" }, "south": { "uv": [15, 9, 16, 16], "texture": "#texture" }, "west": { "uv": [15, 9, 16, 16], "texture": "#texture" }, "east": { "uv": [15, 9, 16, 16], "texture": "#texture" } } }], "display": { "thirdperson_righthand": { "scale": [0.5, 0.5, 0.5] }, "thirdperson_lefthand": { "scale": [0.5, 0.5, 0.5] }, "firstperson_righthand": { "translation": [2.3641, 0, 0], "scale": [0.5, 0.5, 0.5] }, "firstperson_lefthand": { "translation": [2.3641, 0, 0], "scale": [0.5, 0.5, 0.5] }, "gui": { "rotation": [11, -32, 0], "scale": [0.5, 0.5, 0.5] }, "head": { "translation": [0, -30.04, 0], "scale": [1.65, 1.65, 1.65] }, "ground": { "translation": [0, 3.1249, 0], "scale": [0.5, 0.5, 0.5] } } }