{"textures":{"0":"modelengine:entity/broom","1":"modelengine:entity/witch"},"elements":[{"name":"cube","from":[0.7999997,7.8148665,0.7816839],"to":[15.2,8.414866,15.181684],"rotation":{"angle":0.0,"axis":"x","origin":[8.0,-2.8927379,7.5913672]},"faces":{"down":{"uv":[3.0,3.0,0.0,6.0],"rotation":0,"texture":"#1","tintindex":0},"east":{"uv":[10.25,1.375,13.25,1.5],"rotation":0,"texture":"#1","tintindex":0},"north":{"uv":[10.25,1.25,13.25,1.375],"rotation":0,"texture":"#1","tintindex":0},"south":{"uv":[10.25,1.5,13.25,1.625],"rotation":0,"texture":"#1","tintindex":0},"up":{"uv":[3.0,3.0,0.0,0.0],"rotation":0,"texture":"#1","tintindex":0},"west":{"uv":[10.25,7.125,13.25,7.25],"rotation":0,"texture":"#1","tintindex":0}}},{"name":"cube","from":[5.0,8.414866,4.981684],"to":[11.0,10.814867,10.981684],"rotation":{"angle":0.0,"axis":"x","origin":[8.0,-2.2927375,7.5913672]},"faces":{"down":{"uv":[8.75,3.75,7.5,5.0],"rotation":0,"texture":"#1","tintindex":0},"east":{"uv":[10.125,5.125,11.375,5.625],"rotation":0,"texture":"#1","tintindex":0},"north":{"uv":[3.5,10.125,4.75,10.625],"rotation":0,"texture":"#1","tintindex":0},"south":{"uv":[10.25,0.75,11.5,1.25],"rotation":0,"texture":"#1","tintindex":0},"up":{"uv":[8.75,3.75,7.5,2.5],"rotation":0,"texture":"#1","tintindex":0},"west":{"uv":[10.25,6.625,11.5,7.125],"rotation":0,"texture":"#1","tintindex":0}}},{"name":"cube","from":[5.6,7.960337,1.5913666],"to":[10.4,10.960337,7.5913672],"rotation":{"angle":22.5,"axis":"x","origin":[8.0,-0.7927375,9.391367]},"faces":{"down":{"uv":[6.5,8.0,5.5,9.25],"rotation":0,"texture":"#1","tintindex":0},"east":{"uv":[0.0,9.125,1.25,9.75],"rotation":0,"texture":"#1","tintindex":0},"north":{"uv":[1.75,10.125,2.75,10.75],"rotation":0,"texture":"#1","tintindex":0},"south":{"uv":[8.5,10.125,9.5,10.75],"rotation":0,"texture":"#1","tintindex":0},"up":{"uv":[5.5,9.25,4.5,8.0],"rotation":0,"texture":"#1","tintindex":0},"west":{"uv":[9.125,4.5,10.375,5.125],"rotation":0,"texture":"#1","tintindex":0}}},{"name":"cube","from":[6.2,12.457039,16.717052],"to":[9.8,16.65704,20.917053],"rotation":{"angle":-22.5,"axis":"x","origin":[8.0,-10.042962,23.017052]},"faces":{"down":{"uv":[0.0,9.75,0.75,10.625],"rotation":0,"texture":"#1","tintindex":0},"east":{"uv":[3.75,9.25,4.625,10.125],"rotation":270,"texture":"#1","tintindex":0},"north":{"uv":[3.5,9.75,2.75,10.625],"rotation":180,"texture":"#1","tintindex":0},"south":{"uv":[10.5,3.5,9.75,2.625],"rotation":0,"texture":"#1","tintindex":0},"up":{"uv":[9.5,0.75,10.25,1.625],"rotation":180,"texture":"#1","tintindex":0},"west":{"uv":[4.625,9.25,5.5,10.125],"rotation":90,"texture":"#1","tintindex":0}}},{"name":"cube","from":[6.8,10.932645,10.712124],"to":[9.2,13.332644,13.712124],"rotation":{"angle":0.0,"axis":"x","origin":[8.0,-23.774963,18.721806]},"faces":{"down":{"uv":[10.625,7.25,11.125,7.875],"rotation":0,"texture":"#1","tintindex":0},"east":{"uv":[6.0,10.625,6.5,11.25],"rotation":270,"texture":"#1","tintindex":0},"north":{"uv":[10.875,10.625,10.375,11.125],"rotation":180,"texture":"#1","tintindex":0},"south":{"uv":[11.125,8.375,10.625,7.875],"rotation":0,"texture":"#1","tintindex":0},"up":{"uv":[4.5,7.375,5.0,8.0],"rotation":180,"texture":"#1","tintindex":0},"west":{"uv":[7.5,10.625,8.0,11.25],"rotation":90,"texture":"#1","tintindex":0}}}],"display":{"head":{"translation":[0.0,-6.4,0.0],"rotation":[0.0,0.0,0.0],"scale":[3.8095,3.8095,3.8095]}}}