{"textures":{"0":"modelengine:entity/broom","1":"modelengine:entity/witch"},"elements":[{"name":"cube","from":[6.74,3.7999997,8.0],"to":[9.139999,8.0,11.6],"rotation":{"angle":0.0,"axis":"x","origin":[5.6,0.19999981,7.4]},"faces":{"down":{"uv":[6.0,10.625,5.5,11.375],"rotation":0,"texture":"#1","tintindex":0},"east":{"uv":[9.875,7.5,10.625,8.375],"rotation":0,"texture":"#1","tintindex":0},"north":{"uv":[10.5,3.375,11.0,4.25],"rotation":0,"texture":"#1","tintindex":0},"south":{"uv":[10.5,8.375,11.0,9.25],"rotation":0,"texture":"#1","tintindex":0},"up":{"uv":[4.75,11.375,4.25,10.625],"rotation":0,"texture":"#1","tintindex":0},"west":{"uv":[10.0,1.625,10.75,2.5],"rotation":0,"texture":"#1","tintindex":0}}},{"name":"cube","from":[6.74,3.7999997,6.8],"to":[9.139999,5.0,8.0],"rotation":{"angle":0.0,"axis":"x","origin":[5.6,0.19999981,7.4]},"faces":{"down":{"uv":[1.75,11.0,1.25,11.25],"rotation":0,"texture":"#1","tintindex":0},"east":{"uv":[10.125,5.625,10.375,5.875],"rotation":0,"texture":"#1","tintindex":0},"north":{"uv":[7.0,4.0,7.5,4.25],"rotation":0,"texture":"#1","tintindex":0},"south":{"uv":[10.75,2.25,11.25,2.5],"rotation":0,"texture":"#1","tintindex":0},"up":{"uv":[11.5,0.625,11.0,0.375],"rotation":0,"texture":"#1","tintindex":0},"west":{"uv":[10.25,7.25,10.5,7.5],"rotation":0,"texture":"#1","tintindex":0}}}],"display":{"head":{"translation":[0.0,-6.4,0.0],"rotation":[0.0,0.0,0.0],"scale":[3.8095,3.8095,3.8095]}}}