{"textures":{"0":"modelengine:entity/broom","1":"modelengine:entity/witch"},"elements":[{"name":"cube","from":[7.7599998,6.199999,8.0],"to":[8.360001,9.8,12.799999],"rotation":{"angle":0.0,"axis":"x","origin":[8.06,8.0,8.0]},"faces":{"down":{"uv":[6.75,11.0,6.625,12.0],"rotation":0,"texture":"#1","tintindex":0},"east":{"uv":[8.5,9.375,9.5,10.125],"rotation":0,"texture":"#1","tintindex":0},"north":{"uv":[7.25,11.0,7.375,11.75],"rotation":0,"texture":"#1","tintindex":0},"south":{"uv":[7.375,11.0,7.5,11.75],"rotation":0,"texture":"#1","tintindex":0},"up":{"uv":[6.625,12.0,6.5,11.0],"rotation":0,"texture":"#1","tintindex":0},"west":{"uv":[9.5,0.0,10.5,0.75],"rotation":0,"texture":"#1","tintindex":0}}}],"display":{"head":{"translation":[0.0,-6.4,0.0],"rotation":[0.0,0.0,0.0],"scale":[3.8095,3.8095,3.8095]}}}