{"textures":{"0":"modelengine:entity/broom","1":"modelengine:entity/witch"},"elements":[{"name":"cube","from":[2.6,10.269068,3.5945244],"to":[13.400001,14.469069,11.394525],"rotation":{"angle":22.5,"axis":"x","origin":[8.0,8.469069,6.5945244]},"faces":{"down":{"uv":[7.5,4.25,5.25,5.875],"rotation":0,"texture":"#1","tintindex":0},"east":{"uv":[7.5,5.0,9.125,5.875],"rotation":0,"texture":"#1","tintindex":0},"north":{"uv":[5.0,7.125,7.25,8.0],"rotation":0,"texture":"#1","tintindex":0},"south":{"uv":[7.125,5.875,9.375,6.75],"rotation":0,"texture":"#1","tintindex":0},"up":{"uv":[5.25,5.875,3.0,4.25],"rotation":0,"texture":"#1","tintindex":0},"west":{"uv":[7.25,7.625,8.875,8.5],"rotation":0,"texture":"#1","tintindex":0}}},{"name":"cube","from":[1.9999998,4.015998,1.8667957],"to":[14.0,10.015999,12.066796],"rotation":{"angle":22.5,"axis":"x","origin":[8.0,7.015998,6.966796]},"faces":{"down":{"uv":[5.5,2.125,3.0,4.25],"rotation":0,"texture":"#1","tintindex":0},"east":{"uv":[5.0,5.875,7.125,7.125],"rotation":0,"texture":"#1","tintindex":0},"north":{"uv":[5.5,0.0,8.0,1.25],"rotation":0,"texture":"#1","tintindex":0},"south":{"uv":[5.5,1.25,8.0,2.5],"rotation":0,"texture":"#1","tintindex":0},"up":{"uv":[5.5,2.125,3.0,0.0],"rotation":0,"texture":"#1","tintindex":0},"west":{"uv":[0.0,6.0,2.125,7.25],"rotation":0,"texture":"#1","tintindex":0}}},{"name":"cube","from":[3.1999998,12.069068,5.9945245],"to":[12.8,16.26907,13.194525],"rotation":{"angle":0.0,"axis":"x","origin":[8.0,8.469069,6.5945244]},"faces":{"down":{"uv":[5.0,5.875,3.0,7.375],"rotation":0,"texture":"#1","tintindex":0},"east":{"uv":[8.0,0.0,9.5,0.875],"rotation":0,"texture":"#1","tintindex":0},"north":{"uv":[0.0,7.25,2.0,8.125],"rotation":0,"texture":"#1","tintindex":0},"south":{"uv":[7.25,6.75,9.25,7.625],"rotation":0,"texture":"#1","tintindex":0},"up":{"uv":[7.5,4.0,5.5,2.5],"rotation":0,"texture":"#1","tintindex":0},"west":{"uv":[8.0,0.875,9.5,1.75],"rotation":0,"texture":"#1","tintindex":0}}},{"name":"cube","from":[5.0,14.469069,7.194525],"to":[11.0,18.669067,11.994525],"rotation":{"angle":-22.5,"axis":"x","origin":[8.0,16.26907,9.594524]},"faces":{"down":{"uv":[7.75,8.5,6.5,9.5],"rotation":0,"texture":"#1","tintindex":0},"east":{"uv":[8.75,3.625,9.75,4.5],"rotation":0,"texture":"#1","tintindex":0},"north":{"uv":[8.5,8.5,9.75,9.375],"rotation":0,"texture":"#1","tintindex":0},"south":{"uv":[8.75,1.75,10.0,2.625],"rotation":0,"texture":"#1","tintindex":0},"up":{"uv":[1.25,9.125,0.0,8.125],"rotation":0,"texture":"#1","tintindex":0},"west":{"uv":[8.875,7.625,9.875,8.5],"rotation":0,"texture":"#1","tintindex":0}}}],"display":{"head":{"translation":[0.0,-6.4,0.0],"rotation":[0.0,0.0,0.0],"scale":[3.8095,3.8095,3.8095]}}}