{"textures":{"0":"modelengine:entity/haunted_knight"},"elements":[{"name":"cube","from":[6.8,3.7999997,6.2],"to":[9.2,8.0,9.8],"rotation":{"angle":0.0,"axis":"x","origin":[8.0,-1.6000004,5.6]},"faces":{"down":{"uv":[6.875,6.875,7.375,7.625],"rotation":0,"texture":"#0","tintindex":0},"east":{"uv":[3.0,5.625,2.25,6.5],"rotation":0,"texture":"#0","tintindex":0},"north":{"uv":[6.875,6.375,6.375,7.25],"rotation":0,"texture":"#0","tintindex":0},"south":{"uv":[2.375,6.5,1.875,7.375],"rotation":0,"texture":"#0","tintindex":0},"up":{"uv":[0.0,7.625,0.5,6.875],"rotation":0,"texture":"#0","tintindex":0},"west":{"uv":[6.375,0.75,5.625,1.625],"rotation":0,"texture":"#0","tintindex":0}}}],"display":{"head":{"translation":[0.0,-6.4,0.0],"rotation":[0.0,0.0,0.0],"scale":[3.8095,3.8095,3.8095]}}}