{"textures":{"0":"modelengine:entity/haunted_knight"},"elements":[{"name":"cube","from":[6.5,3.1999998,4.3999996],"to":[9.5,8.0,8.0],"rotation":{"angle":0.0,"axis":"x","origin":[4.7,-4.6000004,3.4999998]},"faces":{"down":{"uv":[7.0,2.375,6.375,3.125],"rotation":0,"texture":"#0","tintindex":0},"east":{"uv":[4.75,3.5,5.5,4.5],"rotation":0,"texture":"#0","tintindex":0},"north":{"uv":[0.0,5.875,0.625,6.875],"rotation":0,"texture":"#0","tintindex":0},"south":{"uv":[5.875,5.125,6.5,6.125],"rotation":0,"texture":"#0","tintindex":0},"up":{"uv":[1.875,7.125,1.25,6.375],"rotation":0,"texture":"#0","tintindex":0},"west":{"uv":[4.875,2.5,5.625,3.5],"rotation":0,"texture":"#0","tintindex":0}}},{"name":"cube","from":[7.1,0.19999981,4.1],"to":[9.5,3.1999998,7.7],"rotation":{"angle":45.0,"axis":"y","origin":[8.3,1.9999998,5.8999996]},"faces":{"down":{"uv":[7.0,5.375,6.5,6.125],"rotation":0,"texture":"#0","tintindex":0},"east":{"uv":[3.0,6.375,3.75,7.0],"rotation":0,"texture":"#0","tintindex":0},"north":{"uv":[4.125,7.0,4.625,7.625],"rotation":0,"texture":"#0","tintindex":0},"south":{"uv":[7.0,4.625,7.5,5.25],"rotation":0,"texture":"#0","tintindex":0},"up":{"uv":[7.0,0.75,6.5,0.0],"rotation":0,"texture":"#0","tintindex":0},"west":{"uv":[6.375,3.125,7.125,3.75],"rotation":0,"texture":"#0","tintindex":0}}}],"display":{"head":{"translation":[0.0,-6.4,0.0],"rotation":[0.0,0.0,0.0],"scale":[3.8095,3.8095,3.8095]}}}