{"textures":{"0":"modelengine:entity/haunted_knight"},"elements":[{"name":"cube","from":[8.0,6.2,5.0],"to":[11.6,10.4,10.4],"rotation":{"angle":0.0,"axis":"x","origin":[6.2,-8.200001,5.0]},"faces":{"down":{"uv":[0.75,4.75,0.0,5.875],"rotation":0,"texture":"#0","tintindex":0},"east":{"uv":[2.5,3.75,3.625,4.625],"rotation":0,"texture":"#0","tintindex":0},"north":{"uv":[5.625,2.5,6.375,3.375],"rotation":0,"texture":"#0","tintindex":0},"south":{"uv":[5.625,4.25,6.375,5.125],"rotation":0,"texture":"#0","tintindex":0},"up":{"uv":[2.0,5.125,1.25,4.0],"rotation":0,"texture":"#0","tintindex":0},"west":{"uv":[3.625,3.75,4.75,4.625],"rotation":0,"texture":"#0","tintindex":0}}},{"name":"cube","from":[8.0,4.3999996,5.6],"to":[11.0,6.2,9.8],"rotation":{"angle":0.0,"axis":"x","origin":[6.2,-8.200001,5.0]},"faces":{"down":{"uv":[4.75,6.125,4.125,7.0],"rotation":0,"texture":"#0","tintindex":0},"east":{"uv":[6.375,1.25,7.25,1.625],"rotation":0,"texture":"#0","tintindex":0},"north":{"uv":[5.75,7.125,6.375,7.5],"rotation":0,"texture":"#0","tintindex":0},"south":{"uv":[7.25,1.25,7.875,1.625],"rotation":0,"texture":"#0","tintindex":0},"up":{"uv":[1.25,7.0,0.625,6.125],"rotation":0,"texture":"#0","tintindex":0},"west":{"uv":[7.0,2.375,7.875,2.75],"rotation":0,"texture":"#0","tintindex":0}}}],"display":{"head":{"translation":[0.0,-6.4,0.0],"rotation":[0.0,0.0,0.0],"scale":[3.8095,3.8095,3.8095]}}}