{ "multipart": [{ "apply": { "model": "block/hyparia/custom/200" }, "when": { "down": false, "east": false, "north": false, "south": false, "up": false, "west": false } }, { "apply": { "model": "block/hyparia/custom/201" }, "when": { "down": false, "east": false, "north": false, "south": false, "up": false, "west": true } }, { "apply": { "model": "block/hyparia/custom/202" }, "when": { "down": false, "east": false, "north": false, "south": false, "up": true, "west": false } }, { "apply": { "model": "block/hyparia/custom/203" }, "when": { "down": false, "east": false, "north": false, "south": false, "up": true, "west": true } }, { "apply": { "model": "block/hyparia/custom/204" }, "when": { "down": false, "east": false, "north": false, "south": true, "up": false, "west": false } }, { "apply": { "model": "block/hyparia/custom/205" }, "when": { "down": false, "east": false, "north": false, "south": true, "up": false, "west": true } }, { "apply": { "model": "block/hyparia/custom/206" }, "when": { "down": false, "east": false, "north": false, "south": true, "up": true, "west": false } }, { "apply": { "model": "block/hyparia/custom/207" }, "when": { "down": false, "east": false, "north": false, "south": true, "up": true, "west": true } }, { "apply": { "model": "block/hyparia/custom/208" }, "when": { "down": false, "east": false, "north": true, "south": false, "up": false, "west": false } }, { "apply": { "model": "block/hyparia/custom/209" }, "when": { "down": false, "east": false, "north": true, "south": false, "up": false, "west": true } }, { "apply": { "model": "block/hyparia/custom/210" }, "when": { "down": false, "east": false, "north": true, "south": false, "up": true, "west": false } }, { "apply": { "model": "block/hyparia/custom/211" }, "when": { "down": false, "east": false, "north": true, "south": false, "up": true, "west": true } }, { "apply": { "model": "block/hyparia/custom/212" }, "when": { "down": false, "east": false, "north": true, "south": true, "up": false, "west": false } }, { "apply": { "model": "block/hyparia/custom/213" }, "when": { "down": false, "east": false, "north": true, "south": true, "up": false, "west": true } }, { "apply": { "model": "block/hyparia/custom/214" }, "when": { "down": false, "east": false, "north": true, "south": true, "up": true, "west": false } }, { "apply": { "model": "block/hyparia/custom/215" }, "when": { "down": false, "east": false, "north": true, "south": true, "up": true, "west": true } }, { "apply": { "model": "block/hyparia/custom/216" }, "when": { "down": false, "east": true, "north": false, "south": false, "up": false, "west": false } }, { "apply": { "model": "block/hyparia/custom/217" }, "when": { "down": false, "east": true, "north": false, "south": false, "up": false, "west": true } }, { "apply": { "model": "block/hyparia/custom/218" }, "when": { "down": false, "east": true, "north": false, "south": false, "up": true, "west": false } }, { "apply": { "model": "block/hyparia/custom/219" }, "when": { "down": false, "east": true, "north": false, "south": false, "up": true, "west": true } }, { "apply": { "model": "block/hyparia/custom/220" }, "when": { "down": false, "east": true, "north": false, "south": true, "up": false, "west": false } }, { "apply": { "model": "block/hyparia/custom/221" }, "when": { "down": false, "east": true, "north": false, "south": true, "up": false, "west": true } }, { "apply": { "model": "block/hyparia/custom/222" }, "when": { "down": false, "east": true, "north": false, "south": true, "up": true, "west": false } }, { "apply": { "model": "block/hyparia/custom/223" }, "when": { "down": false, "east": true, "north": false, "south": true, "up": true, "west": true } }, { "apply": { "model": "block/hyparia/custom/224" }, "when": { "down": false, "east": true, "north": true, "south": false, "up": false, "west": false } }, { "apply": { "model": "block/hyparia/custom/225" }, "when": { "down": false, "east": true, "north": true, "south": false, "up": false, "west": true } }, { "apply": { "model": "block/hyparia/custom/226" }, "when": { "down": false, "east": true, "north": true, "south": false, "up": true, "west": false } }, { "apply": { "model": "block/hyparia/custom/227" }, "when": { "down": false, "east": true, "north": true, "south": false, "up": true, "west": true } }, { "apply": { "model": "block/hyparia/custom/228" }, "when": { "down": false, "east": true, "north": true, "south": true, "up": false, "west": false } }, { "apply": { "model": "block/hyparia/custom/229" }, "when": { "down": false, "east": true, "north": true, "south": true, "up": false, "west": true } }, { "apply": { "model": "block/hyparia/custom/230" }, "when": { "down": false, "east": true, "north": true, "south": true, "up": true, "west": false } }, { "apply": { "model": "block/hyparia/custom/231" }, "when": { "down": false, "east": true, "north": true, "south": true, "up": true, "west": true } }, { "apply": { "model": "block/hyparia/custom/232" }, "when": { "down": true, "east": false, "north": false, "south": false, "up": false, "west": false } }, { "apply": { "model": "block/hyparia/custom/233" }, "when": { "down": true, "east": false, "north": false, "south": false, "up": false, "west": true } }, { "apply": { "model": "block/hyparia/custom/234" }, "when": { "down": true, "east": false, "north": false, "south": false, "up": true, "west": false } }, { "apply": { "model": "block/hyparia/custom/235" }, "when": { "down": true, "east": false, "north": false, "south": false, "up": true, "west": true } }, { "apply": { "model": "block/hyparia/custom/236" }, "when": { "down": true, "east": false, "north": false, "south": true, "up": false, "west": false } }, { "apply": { "model": "block/hyparia/custom/237" }, "when": { "down": true, "east": false, "north": false, "south": true, "up": false, "west": true } }, { "apply": { "model": "block/hyparia/custom/238" }, "when": { "down": true, "east": false, "north": false, "south": true, "up": true, "west": false } }, { "apply": { "model": "block/hyparia/custom/239" }, "when": { "down": true, "east": false, "north": false, "south": true, "up": true, "west": true } }, { "apply": { "model": "block/hyparia/custom/240" }, "when": { "down": true, "east": false, "north": true, "south": false, "up": false, "west": false } }, { "apply": { "model": "block/hyparia/custom/241" }, "when": { "down": true, "east": false, "north": true, "south": false, "up": false, "west": true } }, { "apply": { "model": "block/hyparia/custom/242" }, "when": { "down": true, "east": false, "north": true, "south": false, "up": true, "west": false } }, { "apply": { "model": "block/hyparia/custom/243" }, "when": { "down": true, "east": false, "north": true, "south": false, "up": true, "west": true } }, { "apply": { "model": "block/hyparia/custom/244" }, "when": { "down": true, "east": false, "north": true, "south": true, "up": false, "west": false } }, { "apply": { "model": "block/hyparia/custom/245" }, "when": { "down": true, "east": false, "north": true, "south": true, "up": false, "west": true } }, { "apply": { "model": "block/hyparia/custom/246" }, "when": { "down": true, "east": false, "north": true, "south": true, "up": true, "west": false } }, { "apply": { "model": "block/hyparia/custom/247" }, "when": { "down": true, "east": false, "north": true, "south": true, "up": true, "west": true } }, { "apply": { "model": "block/hyparia/custom/248" }, "when": { "down": true, "east": true, "north": false, "south": false, "up": false, "west": false } }, { "apply": { "model": "block/hyparia/custom/249" }, "when": { "down": true, "east": true, "north": false, "south": false, "up": false, "west": true } }, { "apply": { "model": "block/hyparia/custom/250" }, "when": { "down": true, "east": true, "north": false, "south": false, "up": true, "west": false } }, { "apply": { "model": "block/hyparia/custom/251" }, "when": { "down": true, "east": true, "north": false, "south": false, "up": true, "west": true } }, { "apply": { "model": "block/hyparia/custom/252" }, "when": { "down": true, "east": true, "north": false, "south": true, "up": false, "west": false } }, { "apply": { "model": "block/hyparia/custom/253" }, "when": { "down": true, "east": true, "north": false, "south": true, "up": false, "west": true } }, { "apply": { "model": "block/hyparia/custom/254" }, "when": { "down": true, "east": true, "north": false, "south": true, "up": true, "west": false } }, { "apply": { "model": "block/hyparia/custom/255" }, "when": { "down": true, "east": true, "north": false, "south": true, "up": true, "west": true } }, { "apply": { "model": "block/hyparia/custom/256" }, "when": { "down": true, "east": true, "north": true, "south": false, "up": false, "west": false } }, { "apply": { "model": "block/hyparia/custom/257" }, "when": { "down": true, "east": true, "north": true, "south": false, "up": false, "west": true } }, { "apply": { "model": "block/hyparia/custom/258" }, "when": { "down": true, "east": true, "north": true, "south": false, "up": true, "west": false } }, { "apply": { "model": "block/hyparia/custom/259" }, "when": { "down": true, "east": true, "north": true, "south": false, "up": true, "west": true } }, { "apply": { "model": "block/hyparia/custom/260" }, "when": { "down": true, "east": true, "north": true, "south": true, "up": false, "west": false } }, { "apply": { "model": "block/hyparia/custom/261" }, "when": { "down": true, "east": true, "north": true, "south": true, "up": false, "west": true } }, { "apply": { "model": "block/hyparia/custom/262" }, "when": { "down": true, "east": true, "north": true, "south": true, "up": true, "west": false } }, { "apply": { "model": "block/hyparia/custom/263" }, "when": { "down": true, "east": true, "north": true, "south": true, "up": true, "west": true } }] }