{ "credit": "Model by Elsweyr, forked by HypariaMC", "textures": { "texture": "hyparia:furniture/bench" }, "elements": [{ "__comment": "Box1", "from": [-4, 4, 11.5], "to": [20, 7, 14.5], "faces": { "down": { "uv": [0, 13, 6, 13.75], "texture": "#texture" }, "up": { "uv": [0, 13, 6, 13.75], "texture": "#texture" }, "north": { "uv": [0, 13.75, 6, 14.5], "texture": "#texture" }, "south": { "uv": [0, 13.75, 6, 14.5], "texture": "#texture" }, "west": { "uv": [6, 13.75, 6.75, 14.5], "texture": "#texture" }, "east": { "uv": [6, 13.25, 6.75, 14.25], "texture": "#texture" } } }, { "__comment": "Box2", "from": [20, 4, 4.5], "to": [23, 7, 11.5], "faces": { "down": { "uv": [0, 14.5, 1.75, 15.25], "texture": "#texture", "rotation": 270 }, "up": { "uv": [0, 14.5, 1.75, 15.25], "texture": "#texture", "rotation": 90 }, "north": { "uv": [1.75, 15.25, 2.5, 16], "texture": "#texture" }, "south": { "uv": [1.75, 15.25, 2.5, 16], "texture": "#texture" }, "west": { "uv": [0, 15.25, 1.75, 16], "texture": "#texture" }, "east": { "uv": [0, 15.25, 1.75, 16], "texture": "#texture" } } }, { "__comment": "Box3", "from": [20, 0, 0.5], "to": [24, 7, 4.5], "faces": { "down": { "uv": [14, 13.25, 15, 14.25], "texture": "#texture" }, "up": { "uv": [14, 13.25, 15, 14.25], "texture": "#texture" }, "north": { "uv": [14, 14.25, 15, 16], "texture": "#texture" }, "south": { "uv": [14, 14.25, 15, 16], "texture": "#texture" }, "west": { "uv": [14, 14.25, 15, 16], "texture": "#texture" }, "east": { "uv": [14, 14.25, 15, 16], "texture": "#texture" } } }, { "__comment": "Box1", "from": [-4, 4, 1.5], "to": [20, 7, 4.5], "faces": { "down": { "uv": [0, 13, 6, 13.75], "texture": "#texture" }, "up": { "uv": [0, 13, 6, 13.75], "texture": "#texture" }, "north": { "uv": [0, 13.75, 6, 14.5], "texture": "#texture" }, "south": { "uv": [0, 13.75, 6, 14.5], "texture": "#texture" }, "west": { "uv": [6, 13.75, 6.75, 14.5], "texture": "#texture" }, "east": { "uv": [6, 13.75, 6.75, 14.5], "texture": "#texture" } } }, { "__comment": "Box2", "from": [-7, 4, 4.5], "to": [-4, 7, 11.5], "faces": { "down": { "uv": [0, 14.5, 1.75, 15.25], "texture": "#texture", "rotation": 270 }, "up": { "uv": [0, 14.5, 1.75, 15.25], "texture": "#texture", "rotation": 90 }, "north": { "uv": [1.75, 15.25, 2.5, 16], "texture": "#texture" }, "south": { "uv": [1.75, 15.25, 2.5, 16], "texture": "#texture" }, "west": { "uv": [0, 15.25, 1.75, 16], "texture": "#texture" }, "east": { "uv": [0, 15.25, 1.75, 16], "texture": "#texture" } } }, { "__comment": "Box3", "from": [-8, 0, 0.5], "to": [-4, 7, 4.5], "faces": { "down": { "uv": [14, 13.25, 15, 14.25], "texture": "#texture" }, "up": { "uv": [14, 13.25, 15, 14.25], "texture": "#texture" }, "north": { "uv": [14, 14.25, 15, 16], "texture": "#texture" }, "south": { "uv": [14, 14.25, 15, 16], "texture": "#texture" }, "west": { "uv": [14, 14.25, 15, 16], "texture": "#texture" }, "east": { "uv": [14, 14.25, 15, 16], "texture": "#texture" } } }, { "__comment": "Box3", "from": [-8, 0, 11.5], "to": [-4, 7, 15.5], "faces": { "down": { "uv": [14, 13.25, 15, 14.25], "texture": "#texture" }, "up": { "uv": [14, 13.25, 15, 14.25], "texture": "#texture" }, "north": { "uv": [14, 14.25, 15, 16], "texture": "#texture" }, "south": { "uv": [14, 14.25, 15, 16], "texture": "#texture" }, "west": { "uv": [14, 14.25, 15, 16], "texture": "#texture" }, "east": { "uv": [14, 14.25, 15, 16], "texture": "#texture" } } }, { "__comment": "Box3", "from": [20, 0, 11.5], "to": [24, 7, 15.5], "faces": { "down": { "uv": [14, 13.25, 15, 14.25], "texture": "#texture" }, "up": { "uv": [14, 13.25, 15, 14.25], "texture": "#texture" }, "north": { "uv": [14, 14.25, 15, 16], "texture": "#texture" }, "south": { "uv": [14, 14.25, 15, 16], "texture": "#texture" }, "west": { "uv": [14, 14.25, 15, 16], "texture": "#texture" }, "east": { "uv": [14, 14.25, 15, 16], "texture": "#texture" } } }, { "__comment": "Box9", "from": [-9, 7, -0.5], "to": [25, 9, 16.5], "faces": { "down": { "uv": [7.5, 0, 16, 4.25], "texture": "#texture" }, "up": { "uv": [7.5, 0, 16, 4.25], "texture": "#texture" }, "north": { "uv": [7.5, 4.25, 16, 4.75], "texture": "#texture" }, "south": { "uv": [7.5, 4.25, 16, 4.75], "texture": "#texture" }, "west": { "uv": [7, 0, 7.5, 4.25], "texture": "#texture", "rotation": 270 }, "east": { "uv": [7, 0, 7.5, 4.25], "texture": "#texture", "rotation": 270 } } }], "display": { "thirdperson_righthand": { "scale": [0.25, 0.25, 0.25] }, "thirdperson_lefthand": { "scale": [0.25, 0.25, 0.25] }, "firstperson_righthand": { "translation": [3.2826, 1.9782, 0], "scale": [0.25, 0.25, 0.25] }, "firstperson_lefthand": { "translation": [3.2826, 1.9782, 0], "scale": [0.25, 0.25, 0.25] }, "gui": { "rotation": [15, -24, 0], "translation": [0, 0.8464, 0], "scale": [0.4, 0.4, 0.4] }, "head": { "translation": [0, -30.05, 0], "scale": [1.65, 1.65, 1.65] }, "ground": { "translation": [0, 3.1304, 0], "scale": [0.25, 0.25, 0.25] } } }