{ "credit": "Model by Elsweyr, forked by HypariaMC", "textures": { "texture": "hyparia:furniture/bookrest", "particle": "hyparia:furniture/bookrest" }, "elements": [{ "__comment": "Box1", "from": [1.1, 0.125, 3.25], "to": [14.9, 1.125, 12.85], "rotation": { "origin": [1, 0.125, 3.25], "axis": "x", "angle": -22.5 }, "faces": { "down": { "uv": [9, 0, 16, 4.5], "texture": "#texture" }, "up": { "uv": [9, 0, 16, 4.5], "texture": "#texture" }, "north": { "uv": [9, 5.5, 16, 6], "texture": "#texture" }, "south": { "uv": [9, 5.5, 16, 6], "texture": "#texture" }, "west": { "uv": [11.5, 6, 16, 6.5], "texture": "#texture" }, "east": { "uv": [11.5, 6, 16, 6.5], "texture": "#texture" } } }, { "__comment": "Box2", "from": [1, 0, 3], "to": [15, 4, 12], "faces": { "down": { "uv": [9, 0, 16, 4.5], "texture": "#texture" }, "up": { "uv": [0, 11.5, 2.5, 13.5], "texture": "#texture" }, "north": { "uv": [9, 12, 16, 14], "texture": "#texture" }, "south": { "uv": [9, 14, 16, 16], "texture": "#texture" }, "west": { "uv": [2, 14, 9, 16], "texture": "#texture" }, "east": { "uv": [9, 14, 2, 16], "texture": "#texture" } } }, { "__comment": "Box3", "from": [2, 1, 3.5], "to": [14, 2, 4.5], "rotation": { "origin": [2, 1, 3.5], "axis": "x", "angle": -22.5 }, "faces": { "down": { "uv": [10, 4.5, 16, 5], "texture": "#texture" }, "up": { "uv": [10, 4.5, 16, 5], "texture": "#texture" }, "north": { "uv": [10, 4.5, 16, 5], "texture": "#texture" }, "south": { "uv": [10, 4.5, 16, 5], "texture": "#texture" }, "west": { "uv": [9.5, 5, 10, 5.5], "texture": "#texture" }, "east": { "uv": [9.5, 5, 10, 5.5], "texture": "#texture" } } }], "display": { "thirdperson_righthand": { "translation": [0, 3.7228, 0], "scale": [0.5, 0.5, 0.5] }, "thirdperson_lefthand": { "translation": [0, 3.7228, 0], "scale": [0.5, 0.5, 0.5] }, "firstperson_righthand": { "translation": [3.557, 8.0543, 0] }, "firstperson_lefthand": { "translation": [3.557, 8.0543, 0] }, "gui": { "rotation": [20, 149, 0], "translation": [0, 2.2744, 0], "scale": [0.5, 0.5, 0.5] }, "head": { "translation": [0, -29.21, 0], "scale": [1.75, 1.75, 1.75] }, "ground": { "translation": [0, 4.5489, 0], "scale": [0.5, 0.5, 0.5] }, "fixed": { "scale": [0.5, 0.5, 0.5] } } }