{ "credit": "Model by Elsweyr, forked by HypariaMC", "textures": { "particle": "hyparia:furniture/bread_1", "texture": "hyparia:furniture/bread_1" }, "elements": [{ "__comment": "Cube1", "from": [4, 0, 6.5], "to": [12, 2, 9.5], "faces": { "down": { "uv": [3, 2, 11, 5], "texture": "#texture" }, "up": { "uv": [3, 2, 11, 5], "texture": "#texture" }, "north": { "uv": [3, 0, 11, 2], "texture": "#texture" }, "south": { "uv": [3, 0, 11, 2], "texture": "#texture" }, "west": { "uv": [0, 0, 3, 2], "texture": "#texture" }, "east": { "uv": [11, 0, 14, 2], "texture": "#texture" } } }, { "__comment": "Cube2", "from": [4, 2, 6], "to": [12, 4, 10], "faces": { "down": { "uv": [4, 6, 12, 10], "texture": "#texture" }, "up": { "uv": [4, 10, 12, 14], "texture": "#texture" }, "north": { "uv": [4, 14, 12, 16], "texture": "#texture" }, "south": { "uv": [4, 14, 12, 16], "texture": "#texture" }, "west": { "uv": [0, 14, 4, 16], "texture": "#texture" }, "east": { "uv": [12, 14, 16, 16], "texture": "#texture" } } }], "display": { "thirdperson_righthand": { "rotation": [0, 90, 0], "translation": [0, 4.894, 0] }, "thirdperson_lefthand": { "rotation": [0, 90, 0], "translation": [0, 4.894, 0] }, "firstperson_righthand": { "rotation": [0, 90, 0], "translation": [0, 6.2608, 0] }, "firstperson_lefthand": { "rotation": [0, 90, 0], "translation": [0, 6.2608, 0] }, "gui": { "rotation": [17, 32, 0], "translation": [0, 5.2717, 0] }, "head": { "translation": [0, -29.2, 0], "scale": [1.75, 1.75, 1.75] }, "ground": { "translation": [0, 5, 0] } } }