{ "credit": "Model by Elsweyr, forked by HypariaMC", "textures": { "texture": "hyparia:furniture/carton" }, "elements": [{ "__comment": "Side 1", "from": [3.5, 0, 2], "to": [4.5, 4, 14], "faces": { "down": { "uv": [4, 3, 16, 4], "texture": "#texture", "rotation": 270 }, "up": { "uv": [4, 3, 16, 4], "texture": "#texture", "rotation": 90 }, "north": { "uv": [0, 2, 1, 6], "texture": "#texture" }, "south": { "uv": [0, 2, 1, 6], "texture": "#texture" }, "west": { "uv": [1, 4, 5, 16], "texture": "#texture", "rotation": 90 }, "east": { "uv": [1, 4, 5, 16], "texture": "#texture", "rotation": 90 } } }, { "__comment": "Side 2", "from": [11.5, 0, 2], "to": [12.5, 4, 14], "faces": { "down": { "uv": [16, 3, 4, 4], "texture": "#texture", "rotation": 270 }, "up": { "uv": [16, 3, 4, 4], "texture": "#texture", "rotation": 90 }, "north": { "uv": [0, 2, 1, 6], "texture": "#texture" }, "south": { "uv": [0, 2, 1, 6], "texture": "#texture" }, "west": { "uv": [1, 4, 5, 16], "texture": "#texture", "rotation": 90 }, "east": { "uv": [1, 4, 5, 16], "texture": "#texture", "rotation": 90 } } }, { "__comment": "Front", "from": [4.5, 0, 13], "to": [11.5, 4, 14], "faces": { "down": { "uv": [9, 4, 16, 5], "texture": "#texture" }, "up": { "uv": [9, 4, 16, 5], "texture": "#texture" }, "north": { "uv": [12, 9, 16, 16], "texture": "#texture", "rotation": 90 }, "south": { "uv": [12, 9, 16, 16], "texture": "#texture", "rotation": 90 }, "west": { "uv": [0, 9, 1, 13], "texture": "#texture" }, "east": { "uv": [0, 9, 1, 13], "texture": "#texture" } } }, { "__comment": "Back", "from": [4.5, 0, 2], "to": [11.5, 4, 3], "faces": { "down": { "uv": [9, 4, 16, 5], "texture": "#texture" }, "up": { "uv": [9, 4, 16, 5], "texture": "#texture" }, "north": { "uv": [12, 9, 16, 16], "texture": "#texture", "rotation": 90 }, "south": { "uv": [12, 9, 16, 16], "texture": "#texture", "rotation": 90 }, "west": { "uv": [0, 9, 1, 13], "texture": "#texture" }, "east": { "uv": [0, 9, 1, 13], "texture": "#texture" } } }, { "__comment": "Holder 1", "from": [6.5, 4, 2], "to": [9.5, 7, 3], "faces": { "down": { "uv": [13, 5, 16, 6], "texture": "#texture" }, "up": { "uv": [13, 5, 16, 6], "texture": "#texture" }, "north": { "uv": [13, 6, 16, 9], "texture": "#texture" }, "south": { "uv": [13, 6, 16, 9], "texture": "#texture" }, "west": { "uv": [0, 6, 1, 9], "texture": "#texture" }, "east": { "uv": [0, 6, 1, 9], "texture": "#texture" } } }, { "__comment": "Holder 2", "from": [6.5, 4, 13], "to": [9.5, 7, 14], "faces": { "down": { "uv": [13, 5, 16, 6], "texture": "#texture" }, "up": { "uv": [13, 5, 16, 6], "texture": "#texture" }, "north": { "uv": [13, 6, 16, 9], "texture": "#texture" }, "south": { "uv": [13, 6, 16, 9], "texture": "#texture" }, "west": { "uv": [0, 6, 1, 9], "texture": "#texture" }, "east": { "uv": [0, 6, 1, 9], "texture": "#texture" } } }, { "__comment": "Bottom", "from": [4.5, 0, 3], "to": [11.5, 1, 13], "faces": { "down": { "uv": [5, 6, 12, 16], "texture": "#texture" }, "up": { "uv": [5, 6, 12, 16], "texture": "#texture" }, "north": { "uv": [5, 6, 12, 7], "texture": "#texture" }, "south": { "uv": [5, 6, 12, 7], "texture": "#texture" }, "west": { "uv": [11, 6, 12, 16], "texture": "#texture", "rotation": 270 }, "east": { "uv": [11, 6, 12, 16], "texture": "#texture", "rotation": 270 } } }, { "__comment": "Rod", "from": [7.5, 5, 1.5], "to": [8.5, 6, 14.5], "faces": { "down": { "uv": [3, 2, 16, 3], "texture": "#texture", "rotation": 270 }, "up": { "uv": [3, 0, 16, 1], "texture": "#texture", "rotation": 90 }, "north": { "uv": [15, 3, 16, 4], "texture": "#texture" }, "south": { "uv": [15, 3, 16, 4], "texture": "#texture" }, "west": { "uv": [3, 1, 16, 2], "texture": "#texture" }, "east": { "uv": [3, 1, 16, 2], "texture": "#texture" } } }], "display": { "thirdperson_righthand": { "rotation": [90, 0, 0], "translation": [0, -1.116, 3.6684] }, "thirdperson_lefthand": { "rotation": [90, 0, 0], "translation": [0, -1.116, 3.6684] }, "firstperson_righthand": { "translation": [0, 5.9565, 0] }, "firstperson_lefthand": { "translation": [0, 5.9565, 0] }, "gui": { "rotation": [14, -34, 0], "translation": [0, 2.2744, 0], "scale": [0.8, 0.8, 0.8] }, "head": { "translation": [0, -31.1, 0], "scale": [1.5, 1.5, 1.5] }, "ground": { "translation": [0, 4.5, 0], "scale": [0.6, 0.6, 0.6] } } }