{ "credit": "Model by Elsweyr, forked by HypariaMC", "textures": { "particle": "hyparia:furniture/station_provisioning", "texture": "hyparia:furniture/station_provisioning" }, "elements": [{ "name": "Stone Big 1", "from": [1, 0, -3.5], "to": [6, 4, 2.5], "rotation": { "angle": -45, "axis": "y", "origin": [1, 0, -3.5] }, "faces": { "north": { "uv": [13.5, 3, 16, 5], "texture": "#texture" }, "east": { "uv": [10.5, 3, 13.5, 5], "texture": "#texture" }, "south": { "uv": [13.5, 3, 16, 5], "texture": "#texture" }, "west": { "uv": [10.5, 3, 13.5, 5], "texture": "#texture" }, "up": { "uv": [13.5, 0, 16, 3], "texture": "#texture" }, "down": { "uv": [13.5, 0, 16, 3], "texture": "#texture" } } }, { "name": "Stone Med 1", "from": [3.5, 0, -3.5], "to": [7.5, 3, 0.5], "faces": { "north": { "uv": [14, 7, 16, 8.5], "texture": "#texture" }, "east": { "uv": [12, 7, 14, 8.5], "texture": "#texture" }, "south": { "uv": [14, 7, 16, 8.5], "texture": "#texture" }, "west": { "uv": [12, 7, 14, 8.5], "texture": "#texture" }, "up": { "uv": [14, 5, 16, 7], "texture": "#texture" }, "down": { "uv": [14, 5, 16, 7], "texture": "#texture" } } }, { "name": "Stone Small 1", "from": [8.5, 0, -3], "to": [11.5, 2, 0], "rotation": { "angle": -22.5, "axis": "y", "origin": [8.5, 0, -3] }, "faces": { "north": { "uv": [14.5, 10, 16, 11], "texture": "#texture" }, "east": { "uv": [13, 10, 14.5, 11], "texture": "#texture" }, "south": { "uv": [14.5, 10, 16, 11], "texture": "#texture" }, "west": { "uv": [13, 10, 14.5, 11], "texture": "#texture" }, "up": { "uv": [14.5, 8.5, 16, 10], "texture": "#texture" }, "down": { "uv": [14.5, 8.5, 16, 10], "texture": "#texture" } } }, { "name": "Stone Big 2", "from": [13.5, 0, -5.5], "to": [18.5, 4, 0.5], "rotation": { "angle": 45, "axis": "y", "origin": [18.5, 0, 0.5] }, "faces": { "north": { "uv": [13.5, 3, 16, 5], "texture": "#texture" }, "east": { "uv": [10.5, 3, 13.5, 5], "texture": "#texture" }, "south": { "uv": [13.5, 3, 16, 5], "texture": "#texture" }, "west": { "uv": [10.5, 3, 13.5, 5], "texture": "#texture" }, "up": { "uv": [13.5, 0, 16, 3], "rotation": 180, "texture": "#texture" }, "down": { "uv": [13.5, 0, 16, 3], "rotation": 180, "texture": "#texture" } } }, { "name": "Stone Med 2", "from": [16.5, 0, 4], "to": [20.5, 3, 8], "rotation": { "angle": -22.5, "axis": "y", "origin": [20, 0, 1.5] }, "faces": { "north": { "uv": [12, 7, 14, 8.5], "texture": "#texture" }, "east": { "uv": [14, 7, 16, 8.5], "texture": "#texture" }, "south": { "uv": [12, 7, 14, 8.5], "texture": "#texture" }, "west": { "uv": [14, 7, 16, 8.5], "texture": "#texture" }, "up": { "uv": [14, 5, 16, 7], "rotation": 90, "texture": "#texture" }, "down": { "uv": [14, 5, 16, 7], "rotation": 270, "texture": "#texture" } } }, { "name": "Stone Small 2", "from": [15, 0, 7.5], "to": [18, 2, 10.5], "faces": { "north": { "uv": [13, 10, 14.5, 11], "texture": "#texture" }, "east": { "uv": [14.5, 10, 16, 11], "texture": "#texture" }, "south": { "uv": [13, 10, 14.5, 11], "texture": "#texture" }, "west": { "uv": [14.5, 10, 16, 11], "texture": "#texture" }, "up": { "uv": [14.5, 8.5, 16, 10], "rotation": 90, "texture": "#texture" }, "down": { "uv": [14.5, 8.5, 16, 10], "rotation": 270, "texture": "#texture" } } }, { "name": "Stone Small 3", "from": [4.9999, 0, 11.5002], "to": [7.9999, 2, 14.5002], "rotation": { "angle": 22.5, "axis": "y", "origin": [15, 0, 15.5] }, "faces": { "north": { "uv": [14.5, 10, 16, 11], "texture": "#texture" }, "east": { "uv": [13, 10, 14.5, 11], "texture": "#texture" }, "south": { "uv": [14.5, 10, 16, 11], "texture": "#texture" }, "west": { "uv": [13, 10, 14.5, 11], "texture": "#texture" }, "up": { "uv": [14.5, 8.5, 16, 10], "rotation": 180, "texture": "#texture" }, "down": { "uv": [14.5, 8.5, 16, 10], "rotation": 180, "texture": "#texture" } } }, { "name": "Stone Big 3", "from": [12.5, 0, 11.5], "to": [17.5, 4, 17.5], "rotation": { "angle": -22.5, "axis": "y", "origin": [17.5, 0, 17.5] }, "faces": { "north": { "uv": [13.5, 3, 16, 5], "texture": "#texture" }, "east": { "uv": [10.5, 3, 13.5, 5], "texture": "#texture" }, "south": { "uv": [13.5, 3, 16, 5], "texture": "#texture" }, "west": { "uv": [10.5, 3, 13.5, 5], "texture": "#texture" }, "up": { "uv": [13.5, 0, 16, 3], "rotation": 180, "texture": "#texture" }, "down": { "uv": [13.5, 0, 16, 3], "rotation": 180, "texture": "#texture" } } }, { "name": "Stone Med 3", "from": [8.5, 0, 10.5], "to": [12.5, 3, 14.5], "rotation": { "angle": 45, "axis": "y", "origin": [15, 0, 14] }, "faces": { "north": { "uv": [14, 7, 16, 8.5], "texture": "#texture" }, "east": { "uv": [12, 7, 14, 8.5], "texture": "#texture" }, "south": { "uv": [14, 7, 16, 8.5], "texture": "#texture" }, "west": { "uv": [12, 7, 14, 8.5], "texture": "#texture" }, "up": { "uv": [14, 5, 16, 7], "rotation": 180, "texture": "#texture" }, "down": { "uv": [14, 5, 16, 7], "rotation": 180, "texture": "#texture" } } }, { "name": "Stone Small 4", "from": [-5.5002, 0, 2.4999], "to": [-2.5002, 2, 5.4999], "rotation": { "angle": -22.5, "axis": "y", "origin": [-6.5, 0, 12.5] }, "faces": { "north": { "uv": [13, 10, 14.5, 11], "texture": "#texture" }, "east": { "uv": [14.5, 10, 16, 11], "texture": "#texture" }, "south": { "uv": [13, 10, 14.5, 11], "texture": "#texture" }, "west": { "uv": [14.5, 10, 16, 11], "texture": "#texture" }, "up": { "uv": [14.5, 8.5, 16, 10], "rotation": 270, "texture": "#texture" }, "down": { "uv": [14.5, 8.5, 16, 10], "rotation": 90, "texture": "#texture" } } }, { "name": "Stone Big 4", "from": [-3, 0, 14.5], "to": [2, 4, 20.5], "rotation": { "angle": 45, "axis": "y", "origin": [-3, 0, 14.5] }, "faces": { "north": { "uv": [13.5, 3, 16, 5], "texture": "#texture" }, "east": { "uv": [10.5, 3, 13.5, 5], "texture": "#texture" }, "south": { "uv": [13.5, 3, 16, 5], "texture": "#texture" }, "west": { "uv": [10.5, 3, 13.5, 5], "texture": "#texture" }, "up": { "uv": [13.5, 0, 16, 3], "texture": "#texture" }, "down": { "uv": [13.5, 0, 16, 3], "texture": "#texture" } } }, { "name": "Stone Med 4", "from": [-3.5, 0, 9.4999], "to": [0.5, 3, 13.4999], "rotation": { "angle": 22.5, "axis": "y", "origin": [-6, 0, 10] }, "faces": { "north": { "uv": [14, 7, 16, 8.5], "texture": "#texture" }, "east": { "uv": [12, 7, 14, 8.5], "texture": "#texture" }, "south": { "uv": [14, 7, 16, 8.5], "texture": "#texture" }, "west": { "uv": [12, 7, 14, 8.5], "texture": "#texture" }, "up": { "uv": [14, 5, 16, 7], "texture": "#texture" }, "down": { "uv": [14, 5, 16, 7], "texture": "#texture" } } }, { "name": "Coals", "from": [-0.5, 1.5, 0], "to": [15.5, 1.501, 16], "faces": { "up": { "uv": [0, 7.5, 8, 15.5], "texture": "#texture" }, "down": { "uv": [0, 7.5, 8, 15.5], "texture": "#texture" } } }, { "name": "Log 1", "from": [12, -1, 5.5], "to": [14, 8, 7.5], "rotation": { "angle": 45, "axis": "z", "origin": [12, -1, 5.5] }, "faces": { "north": { "uv": [3.5, 3, 4.5, 7.5], "texture": "#texture" }, "east": { "uv": [4.5, 3, 5.5, 7.5], "texture": "#texture" }, "south": { "uv": [3.5, 3, 4.5, 7.5], "texture": "#texture" }, "west": { "uv": [4.5, 3, 5.5, 7.5], "texture": "#texture" }, "up": { "uv": [3.5, 2, 4.5, 3], "texture": "#texture" }, "down": { "uv": [3.5, 2, 4.5, 3], "texture": "#texture" } } }, { "name": "Log 2", "from": [3, 0, 7.5], "to": [5, 9, 9.5], "rotation": { "angle": -45, "axis": "z", "origin": [3, 0, 7.5] }, "faces": { "north": { "uv": [4.5, 3, 5.5, 7.5], "texture": "#texture" }, "east": { "uv": [4.5, 3, 5.5, 7.5], "texture": "#texture" }, "south": { "uv": [4.5, 3, 5.5, 7.5], "texture": "#texture" }, "west": { "uv": [4.5, 3, 5.5, 7.5], "texture": "#texture" }, "up": { "uv": [4.5, 2, 5.5, 3], "texture": "#texture" }, "down": { "uv": [4.5, 2, 5.5, 3], "texture": "#texture" } } }, { "name": "Log 3", "from": [7, 0, 12.5], "to": [9, 9, 14.5], "rotation": { "angle": -45, "axis": "x", "origin": [7, 0, 12.5] }, "faces": { "north": { "uv": [4.5, 3, 5.5, 7.5], "texture": "#texture" }, "east": { "uv": [5.5, 3, 6.5, 7.5], "texture": "#texture" }, "south": { "uv": [4.5, 3, 5.5, 7.5], "texture": "#texture" }, "west": { "uv": [5.5, 3, 6.5, 7.5], "texture": "#texture" }, "up": { "uv": [5.5, 2, 6.5, 3], "texture": "#texture" }, "down": { "uv": [5.5, 2, 6.5, 3], "texture": "#texture" } } }], "display": { "thirdperson_righthand": { "translation": [0, 3.4673, 0], "scale": [0.5, 0.5, 0.5] }, "thirdperson_lefthand": { "translation": [0, 3.4673, 0], "scale": [0.5, 0.5, 0.5] }, "firstperson_righthand": { "translation": [0, 3.288, 0], "scale": [0.5, 0.5, 0.5] }, "firstperson_lefthand": { "translation": [0, 3.288, 0], "scale": [0.5, 0.5, 0.5] }, "ground": { "translation": [0, 3.5, 0], "scale": [0.5, 0.5, 0.5] }, "gui": { "rotation": [22, -27, 0], "translation": [-0.391, 2.2554, 0], "scale": [0.5, 0.5, 0.5] }, "head": { "rotation": [0, 180, 0], "translation": [0, -30.2, 0], "scale": [1.65, 1.65, 1.65] } } }