{ "credit": "Model by Elsweyr, forked by HypariaMC", "textures": { "particle": "hyparia:furniture/lettuce", "texture": "hyparia:furniture/lettuce" }, "elements": [{ "name": "PlaneZ1", "from": [2.5, 0, 6.5], "to": [13.5, 12, 6.501], "rotation": { "angle": -22.5, "axis": "x", "origin": [2.5, 0, 6.5] }, "faces": { "north": { "uv": [5, 4, 16, 16], "texture": "#texture" }, "south": { "uv": [16, 4, 5, 16], "texture": "#texture" } } }, { "name": "PlaneZ1", "from": [6.5, 0, 2.5], "to": [6.501, 12, 13.5], "rotation": { "angle": 22.5, "axis": "z", "origin": [6.5, 0, 13.5] }, "faces": { "east": { "uv": [16, 4, 5, 16], "texture": "#texture" }, "west": { "uv": [5, 4, 16, 16], "texture": "#texture" } } }, { "name": "PlaneZ1", "from": [2.5, -0.0001, 9.4989], "to": [13.5, 11.9999, 9.4999], "rotation": { "angle": 22.5, "axis": "x", "origin": [13.5, 0, 9.5] }, "faces": { "north": { "uv": [16, 4, 5, 16], "texture": "#texture" }, "south": { "uv": [5, 4, 16, 16], "texture": "#texture" } } }, { "name": "PlaneZ1", "from": [9.4988, -0.0001, 2.5], "to": [9.4998, 11.9999, 13.5], "rotation": { "angle": -22.5, "axis": "z", "origin": [9.5, 0, 2.5] }, "faces": { "east": { "uv": [5, 4, 16, 16], "texture": "#texture" }, "west": { "uv": [16, 4, 5, 16], "texture": "#texture" } } }, { "name": "PlaneZ1", "from": [4, 0, 12], "to": [15, 12, 12.001], "rotation": { "angle": 45, "axis": "y", "origin": [4, 0, 12] }, "faces": { "north": { "uv": [5, 4, 16, 16], "texture": "#texture" }, "south": { "uv": [16, 4, 5, 16], "texture": "#texture" } } }, { "name": "PlaneZ1", "from": [4, 0, 4], "to": [15, 12, 4.001], "rotation": { "angle": -45, "axis": "y", "origin": [4, 0, 4] }, "faces": { "north": { "uv": [5, 4, 16, 16], "texture": "#texture" }, "south": { "uv": [16, 4, 5, 16], "texture": "#texture" } } }], "display": { "thirdperson_righthand": { "translation": [0, 2.3586, 0], "scale": [0.5, 0.5, 0.5] }, "thirdperson_lefthand": { "translation": [0, 2.3586, 0], "scale": [0.5, 0.5, 0.5] }, "firstperson_righthand": { "rotation": [0, 30, 0] }, "firstperson_lefthand": { "rotation": [0, 30, 0] }, "gui": { "rotation": [18, 149, 0], "scale": [0.7, 0.7, 0.7] }, "head": { "translation": [0, -30, 0], "scale": [1.65, 1.65, 1.65] }, "ground": { "translation": [0, 4, 0], "scale": [0.5, 0.5, 0.5] } } }