{ "credit": "Model by Elsweyr, forked by HypariaMC", "textures": { "texture": "hyparia:furniture/fish_large", "plaque": "hyparia:furniture/plaque" }, "elements": [{ "__comment": "Box1", "from": [3.5, 0, 6], "to": [12.5, 6, 10], "faces": { "down": { "uv": [8.75, 0, 11, 1], "texture": "#texture" }, "up": { "uv": [6.5, 0, 8.75, 1], "texture": "#texture" }, "north": { "uv": [6.5, 1, 8.75, 2.5], "texture": "#texture" }, "south": { "uv": [8.75, 1, 11, 2.5], "texture": "#texture" }, "west": { "uv": [5.5, 1, 6.5, 2.5], "texture": "#texture" }, "east": { "uv": [11, 1, 12, 2.5], "texture": "#texture" } } }, { "__comment": "Box2", "from": [0, 1.25, 6.5], "to": [5, 4.25, 9.5], "rotation": { "origin": [0, 1.25, 6.5], "axis": "z", "angle": 22.5 }, "faces": { "down": { "uv": [14, 0.75, 15.25, 1.5], "texture": "#texture" }, "up": { "uv": [12.75, 0.75, 14, 1.5], "texture": "#texture" }, "north": { "uv": [14, 1.5, 15.25, 2.25], "texture": "#texture" }, "south": { "uv": [12.75, 1.5, 14, 2.25], "texture": "#texture" }, "west": { "uv": [12, 1.5, 12.75, 2.25], "texture": "#texture" }, "east": { "uv": [15.25, 1.5, 16, 2.25], "texture": "#texture" } } }, { "__comment": "Box3", "from": [-1, 2, 6.55], "to": [4, 5, 9.439999], "rotation": { "origin": [-1, 2, 6.5], "axis": "z", "angle": -22.5 }, "faces": { "down": { "uv": [14, 2.25, 15.25, 3], "texture": "#texture" }, "up": { "uv": [12.75, 2.25, 14, 3], "texture": "#texture" }, "north": { "uv": [14, 3, 15.25, 3.75], "texture": "#texture" }, "south": { "uv": [12.75, 3, 14, 3.75], "texture": "#texture" }, "west": { "uv": [12, 3, 12.75, 3.75], "texture": "#texture" }, "east": { "uv": [15.25, 3, 16, 3.75], "texture": "#texture" } } }, { "__comment": "Box4", "from": [-1.5, 2, 7], "to": [0.5, 3, 9], "faces": { "down": { "uv": [15, 0, 15.5, 0.5], "texture": "#texture" }, "up": { "uv": [14.5, 0, 15, 0.5], "texture": "#texture" }, "north": { "uv": [15.5, 0.5, 16, 0.75], "texture": "#texture" }, "south": { "uv": [14.5, 0.5, 15, 0.75], "texture": "#texture" }, "west": { "uv": [15, 0.5, 15.5, 0.75], "texture": "#texture" }, "east": { "uv": [14, 0.5, 14.5, 0.75], "texture": "#texture" } } }, { "__comment": "Box5", "from": [11.25, 3.25, 6.5], "to": [15.25, 6.25, 9.5], "rotation": { "origin": [11.25, 3.25, 6.5], "axis": "z", "angle": -22.5 }, "faces": { "down": { "uv": [10.75, 3.75, 11.75, 4.5], "texture": "#texture" }, "up": { "uv": [9.75, 3.75, 10.75, 4.5], "texture": "#texture" }, "north": { "uv": [10.75, 4.5, 11.75, 5.25], "texture": "#texture" }, "south": { "uv": [9.75, 4.5, 10.75, 5.25], "texture": "#texture" }, "west": { "uv": [9, 4.5, 9.75, 5.25], "texture": "#texture" }, "east": { "uv": [11.75, 4.5, 12.5, 5.25], "texture": "#texture" } } }, { "__comment": "Box5", "from": [12.5, 0, 6.55], "to": [16.5, 3, 9.439999], "rotation": { "origin": [12.5, 0, 6.5], "axis": "z", "angle": 22.5 }, "faces": { "down": { "uv": [14.25, 3.75, 15.25, 4.5], "texture": "#texture" }, "up": { "uv": [13.25, 3.75, 14.25, 4.5], "texture": "#texture" }, "north": { "uv": [14.25, 4.5, 15.25, 5.25], "texture": "#texture" }, "south": { "uv": [13.25, 4.5, 14.25, 5.25], "texture": "#texture" }, "west": { "uv": [12.5, 4.5, 13.25, 5.25], "texture": "#texture" }, "east": { "uv": [15.25, 4.5, 16, 5.25], "texture": "#texture" } } }, { "__comment": "Box7", "from": [15.5, 1.5, 7], "to": [19.5, 4.5, 9], "faces": { "down": { "uv": [14.5, 5.25, 15.5, 5.75], "texture": "#texture" }, "up": { "uv": [13.5, 5.25, 14.5, 5.75], "texture": "#texture" }, "north": { "uv": [14.5, 5.75, 15.5, 6.5], "texture": "#texture" }, "south": { "uv": [13.5, 5.75, 14.5, 6.5], "texture": "#texture" }, "west": { "uv": [13, 5.75, 13.5, 6.5], "texture": "#texture" }, "east": { "uv": [15.5, 5.75, 16, 6.5], "texture": "#texture" } } }, { "__comment": "PlaneZ8", "from": [5, 5.5, 8], "to": [11, 8.5, 8.001], "faces": { "north": { "uv": [5.5, 0, 4, 0.75], "texture": "#texture" }, "south": { "uv": [4, 0, 5.5, 0.75], "texture": "#texture" } } }, { "__comment": "PlaneZ9", "from": [4.5, 1, 10], "to": [8.5, 5, 10.001], "rotation": { "origin": [4.5, 1, 10], "axis": "y", "angle": -45 }, "faces": { "north": { "uv": [5.5, 1, 4.5, 2], "texture": "#texture" }, "south": { "uv": [4.5, 1, 5.5, 2], "texture": "#texture" } } }, { "__comment": "PlaneZ10", "from": [4.5, 1, 6], "to": [8.5, 5, 6.001], "rotation": { "origin": [4.5, 1, 6], "axis": "y", "angle": 45 }, "faces": { "north": { "uv": [5.5, 1, 4.5, 2], "texture": "#texture" }, "south": { "uv": [4.5, 1, 5.5, 2], "texture": "#texture" } } }, { "__comment": "PlaneZ11", "from": [5.5, -2, 8], "to": [12.5, 0, 8.001], "faces": { "north": { "uv": [4, 0, 2.25, 0.5], "texture": "#texture" }, "south": { "uv": [2.25, 0, 4, 0.5], "texture": "#texture" } } }, { "__comment": "PlaneZ12", "from": [19.5, 0.5, 8], "to": [25.5, 5.5, 8.001], "faces": { "north": { "uv": [4, 0.75, 2.5, 2], "texture": "#texture" }, "south": { "uv": [2.5, 0.75, 4, 2], "texture": "#texture" } } }, { "__comment": "Plaque", "from": [8, -4, 5], "to": [11, 10, 6], "faces": { "down": { "uv": [7, 15, 10, 16], "texture": "#plaque" }, "up": { "uv": [7, 0, 10, 1], "texture": "#plaque" }, "north": { "uv": [7, 1, 10, 15], "texture": "#plaque" }, "south": { "uv": [7, 1, 10, 15], "texture": "#plaque" }, "west": { "uv": [0, 3, 1, 13], "texture": "#plaque" }, "east": { "uv": [0, 3, 1, 13], "texture": "#plaque" } } }, { "__comment": "Plaque1", "from": [11, -3, 5], "to": [14, 9, 6], "faces": { "down": { "uv": [10, 14, 13, 15], "texture": "#plaque" }, "up": { "uv": [10, 1, 13, 2], "texture": "#plaque" }, "north": { "uv": [10, 2, 13, 14], "texture": "#plaque" }, "south": { "uv": [10, 2, 13, 14], "texture": "#plaque" }, "west": { "uv": [0, 3, 1, 13], "texture": "#plaque" }, "east": { "uv": [0, 3, 1, 13], "texture": "#plaque" } } }, { "__comment": "Plaque2", "from": [5, -3, 5], "to": [8, 9, 6], "faces": { "down": { "uv": [4, 14, 7, 15], "texture": "#plaque" }, "up": { "uv": [4, 1, 7, 2], "texture": "#plaque" }, "north": { "uv": [4, 2, 7, 14], "texture": "#plaque" }, "south": { "uv": [4, 2, 7, 14], "texture": "#plaque" }, "west": { "uv": [0, 3, 1, 13], "texture": "#plaque" }, "east": { "uv": [0, 3, 1, 13], "texture": "#plaque" } } }, { "__comment": "Plaque3", "from": [14, -2, 5], "to": [17, 8, 6], "faces": { "down": { "uv": [13, 13, 16, 14], "texture": "#plaque" }, "up": { "uv": [13, 2, 16, 3], "texture": "#plaque" }, "north": { "uv": [13, 3, 16, 13], "texture": "#plaque" }, "south": { "uv": [13, 3, 16, 13], "texture": "#plaque" }, "west": { "uv": [0, 3, 1, 13], "texture": "#plaque" }, "east": { "uv": [0, 3, 1, 13], "texture": "#plaque" } } }, { "__comment": "Plaque4", "from": [2, -2, 5], "to": [5, 8, 6], "faces": { "down": { "uv": [1, 13, 4, 14], "texture": "#plaque" }, "up": { "uv": [1, 2, 4, 3], "texture": "#plaque" }, "north": { "uv": [1, 3, 4, 13], "texture": "#plaque" }, "south": { "uv": [1, 3, 4, 13], "texture": "#plaque" }, "west": { "uv": [0, 3, 1, 13], "texture": "#plaque" }, "east": { "uv": [0, 3, 1, 13], "texture": "#plaque" } } }], "display": { "firstperson_righthand": { "rotation": [0, 180, 0], "translation": [0, 5.2336, 0], "scale": [0.5, 0.5, 0.5] }, "firstperson_lefthand": { "rotation": [0, 180, 0], "translation": [0, 5.2336, 0], "scale": [0.5, 0.5, 0.5] }, "gui": { "rotation": [11, 19, 0], "translation": [-0.896, 1.9755, 0], "scale": [0.5, 0.5, 0.5] }, "head": { "rotation": [0, 180, 0], "translation": [0, -23.5, 0], "scale": [1.65, 1.65, 1.65] }, "ground": { "translation": [0, 5.6, 0], "scale": [0.5, 0.5, 0.5] }, "fixed": { "rotation": [0, 180, 0], "translation": [3.0842, 8.0108, -5.012], "scale": [2, 2, 2] } } }