{ "credit": "Model by Heliosard", "textures": { "texture": "hyparia:furniture/sign_profession" }, "elements": [{ "name": "Sign", "from": [-3.5, -5, 6.5], "to": [17.5, 18, 9.5], "faces": { "north": { "uv": [0, 1.5, 10.5, 13], "texture": "#texture" }, "east": { "uv": [10.5, 1.5, 12, 13], "texture": "#texture" }, "south": { "uv": [0, 1.5, 10.5, 13], "texture": "#texture" }, "west": { "uv": [10.5, 1.5, 12, 13], "texture": "#texture" }, "up": { "uv": [0, 0, 10.5, 1.5], "texture": "#texture" }, "down": { "uv": [0, 0, 10.5, 1.5], "texture": "#texture" } } }], "display": { "thirdperson_righthand": { "translation": [0.25, 1, -0.5], "scale": [0.3, 0.3, 0.3] }, "thirdperson_lefthand": { "translation": [0.25, 1, -0.5], "scale": [0.3, 0.3, 0.3] }, "firstperson_righthand": { "rotation": [0, -70, 0], "translation": [3.5, -3, 1.5], "scale": [0.8, 0.8, 0.8] }, "firstperson_lefthand": { "rotation": [0, -70, 0], "translation": [3.5, -3, 1.5], "scale": [0.8, 0.8, 0.8] }, "ground": { "translation": [0, 0.5, 0], "scale": [0.3, 0.3, 0.3] }, "gui": { "rotation": [15, 33, 0], "translation": [0.5, 0.5, 0], "scale": [0.5, 0.5, 0.5] }, "head": { "translation": [1.75, -9.55, 0], "scale": [1.75, 1.75, 1.75] }, "fixed": { "translation": [1.1, 1.75, 0.5], "scale": [1.1, 1.1, 1.1] } } }