{ "credit": "Model by Elsweyr, forked by HypariaMC", "textures": { "particle": "hyparia:furniture/trunk", "texture": "hyparia:furniture/trunk" }, "elements": [{ "__comment": "Front", "from": [-4, 0, 2], "to": [20, 12, 4], "faces": { "down": { "uv": [9.999999, 5.5, 16, 6], "texture": "#texture" }, "up": { "uv": [4, 2.5, 10, 3], "texture": "#texture" }, "north": { "uv": [10, 7, 16, 10], "texture": "#texture" }, "south": { "uv": [10, 0, 16, 3], "texture": "#texture" }, "west": { "uv": [7, 3, 7.5, 6], "texture": "#texture" }, "east": { "uv": [9.5, 3, 10, 6], "texture": "#texture" } } }, { "__comment": "Top", "from": [-4, 12, 2], "to": [20, 14, 14], "rotation": { "origin": [-4, 12, 2], "axis": "x", "angle": 0 }, "faces": { "down": { "uv": [10, 3, 16, 6], "texture": "#texture" }, "up": { "uv": [10, 3, 16, 6], "texture": "#texture" }, "north": { "uv": [10, 6.5, 16, 7], "texture": "#texture" }, "south": { "uv": [10, 6, 16, 6.5], "texture": "#texture" }, "west": { "uv": [7, 6, 10, 6.5], "texture": "#texture" }, "east": { "uv": [7, 6, 10, 6.5], "texture": "#texture" } } }, { "__comment": "Side L", "from": [-4, 0, 4], "to": [-2, 12, 12], "faces": { "down": { "uv": [15.5, 3.75, 16, 5.75], "texture": "#texture" }, "up": { "uv": [9.5, 0.5, 10, 2.5], "texture": "#texture" }, "north": { "uv": [0, 4, 2, 16], "texture": "#texture" }, "south": { "uv": [10.25, 3.75, 12.25, 15.75], "texture": "#texture" }, "west": { "uv": [7.5, 3, 9.5, 6], "texture": "#texture" }, "east": { "uv": [7.5, 3, 9.5, 6], "texture": "#texture" } } }, { "__comment": "Back", "from": [-4, 0, 12], "to": [20, 12, 14], "faces": { "down": { "uv": [9.999999, 3, 16, 3.5], "texture": "#texture" }, "up": { "uv": [4, 0, 10, 0.5], "texture": "#texture" }, "north": { "uv": [10, 0, 16, 3], "texture": "#texture" }, "south": { "uv": [10, 0, 16, 3], "texture": "#texture" }, "west": { "uv": [9.499999, 3, 9.999999, 6], "texture": "#texture" }, "east": { "uv": [7, 3, 7.5, 6], "texture": "#texture" } } }, { "__comment": "Side R", "from": [18, 0, 4], "to": [20, 12, 12], "faces": { "down": { "uv": [10, 3.5, 10.5, 5.5], "texture": "#texture" }, "up": { "uv": [4, 0.5, 4.5, 2.5], "texture": "#texture" }, "north": { "uv": [0, 4, 2, 16], "texture": "#texture" }, "south": { "uv": [10.25, 3.75, 12.25, 15.75], "texture": "#texture" }, "west": { "uv": [7.5, 3, 9.5, 6], "texture": "#texture" }, "east": { "uv": [7.5, 3, 9.5, 6], "texture": "#texture" } } }, { "__comment": "Bottom", "from": [-2, 0, 4], "to": [18, 2, 12], "faces": { "down": { "uv": [10.5, 3.5, 15.5, 5.5], "texture": "#texture" }, "up": { "uv": [10.5, 3.5, 15.5, 5.5], "texture": "#texture" }, "north": { "uv": [0, 14, 16, 16], "texture": "#texture" }, "south": { "uv": [0, 14, 16, 16], "texture": "#texture" }, "west": { "uv": [0, 14, 6, 16], "texture": "#texture" }, "east": { "uv": [10, 14, 16, 16], "texture": "#texture" } } }], "display": { "thirdperson_righthand": { "scale": [0.5, 0.5, 0.5] }, "thirdperson_lefthand": { "scale": [0.5, 0.5, 0.5] }, "gui": { "rotation": [14, 153, 0], "scale": [0.5, 0.5, 0.5] }, "head": { "translation": [0, -30, 0], "scale": [1.65, 1.65, 1.65] }, "ground": { "translation": [0, 3.5, 0], "scale": [0.5, 0.5, 0.5] } } }