{
    "providers": [
        { "type": "bitmap", "file": "hyparia:gui/ui/containers/negative.png", "ascent": -32768, "height": -90, "chars": ["\uF000"] },
        { "type": "bitmap", "file": "hyparia:gui/ui/containers/negative.png", "ascent": -32768, "height": -84, "chars": ["\uF001"] },
        { "type": "bitmap", "file": "hyparia:gui/ui/containers/negative.png", "ascent": -32768, "height": -68, "chars": ["\uF002"] },
        { "type": "bitmap", "file": "hyparia:gui/ui/containers/negative.png", "ascent": 0, "height": 0, "chars": ["\uF003"] },
        { "type": "bitmap", "file": "hyparia:gui/ui/containers/negative.png", "ascent": -32768, "height": -116, "chars": ["\uF004"] },
        { "type": "bitmap", "file": "hyparia:mmorpg/book/background.png", "ascent": 36, "height": 180, "chars": ["\uF005"] },
        { "type": "bitmap", "file": "hyparia:mmorpg/book/frame.png", "ascent": 36, "height": 180, "chars": ["\uF006"] },
        { "type": "bitmap", "file": "hyparia:mmorpg/book/patch.png", "ascent": 25, "height": 30, "chars": ["\uF007"] },
        { "type": "bitmap", "file": "hyparia:mmorpg/ui/buttons/button_question.png", "ascent": 8, "height": 16, "chars": ["\uF008"] },
        { "type": "bitmap", "file": "hyparia:mmorpg/ui/buttons/button_exclamation.png", "ascent": 8, "height": 16, "chars": ["\uF009"] },
        { "type": "bitmap", "file": "hyparia:gui/ui/containers/negative.png", "ascent": -32768, "height": -222, "chars": ["\uF00A"] },
        { "type": "bitmap", "file": "hyparia:mmorpg/notifications/objectives_1.png", "ascent": 8, "height": 9, "chars": ["\uF00B"] },
        { "type": "bitmap", "file": "hyparia:mmorpg/notifications/objectives_2.png", "ascent": 8, "height": 9, "chars": ["\uF00C"] },
        { "type": "bitmap", "file": "hyparia:mmorpg/notifications/objectives_3.png", "ascent": 8, "height": 9, "chars": ["\uF00D"] },
        { "type": "bitmap", "file": "hyparia:mmorpg/notifications/skill_breeder_1.png", "ascent": 8, "height": 9, "chars": ["\uF00E"] },
        { "type": "bitmap", "file": "hyparia:mmorpg/notifications/skill_breeder_2.png", "ascent": 8, "height": 9, "chars": ["\uF00F"] },
        { "type": "bitmap", "file": "hyparia:mmorpg/ui/buttons/button_start.png", "ascent": 8, "height": 16, "chars": ["\uF010"] },
        { "type": "bitmap", "file": "hyparia:mmorpg/ui/buttons/button_complete.png", "ascent": 8, "height": 16, "chars": ["\uF011"] },
        { "type": "bitmap", "file": "hyparia:mmorpg/ui/buttons/button_ok.png", "ascent": 8, "height": 16, "chars": ["\uF012"] },
        { "type": "bitmap", "file": "hyparia:mmorpg/ui/icons/icon_question.png", "ascent": 8, "height": 10, "chars": ["\uF013"] },
        { "type": "bitmap", "file": "hyparia:mmorpg/ui/icons/icon_exclamation.png", "ascent": 8, "height": 10, "chars": ["\uF014"] },
        { "type": "bitmap", "file": "hyparia:gui/ui/containers/negative.png", "ascent": -32768, "height": -141, "chars": ["\uF015"] },
        { "type": "bitmap", "file": "hyparia:mmorpg/notifications/skill_breeder_3.png", "ascent": 8, "height": 9, "chars": ["\uF016"] },
        { "type": "bitmap", "file": "hyparia:mmorpg/notifications/skill_farmer_1.png", "ascent": 8, "height": 9, "chars": ["\uF017"] },
        { "type": "bitmap", "file": "hyparia:mmorpg/notifications/skill_farmer_2.png", "ascent": 8, "height": 9, "chars": ["\uF018"] },
        { "type": "bitmap", "file": "hyparia:mmorpg/notifications/skill_farmer_3.png", "ascent": 8, "height": 9, "chars": ["\uF019"] },
        { "type": "bitmap", "file": "hyparia:mmorpg/notifications/skill_explorer_1.png", "ascent": 8, "height": 9, "chars": ["\uF01A"] },
        { "type": "bitmap", "file": "hyparia:mmorpg/notifications/skill_explorer_2.png", "ascent": 8, "height": 9, "chars": ["\uF01B"] },
        { "type": "bitmap", "file": "hyparia:mmorpg/notifications/skill_explorer_3.png", "ascent": 8, "height": 9, "chars": ["\uF01C"] },
        { "type": "bitmap", "file": "hyparia:mmorpg/notifications/skill_hunter_1.png", "ascent": 8, "height": 9, "chars": ["\uF01D"] },
        { "type": "bitmap", "file": "hyparia:mmorpg/notifications/skill_hunter_2.png", "ascent": 8, "height": 9, "chars": ["\uF01E"] },
        { "type": "bitmap", "file": "hyparia:mmorpg/notifications/skill_hunter_3.png", "ascent": 8, "height": 9, "chars": ["\uF01F"] },
        { "type": "bitmap", "file": "hyparia:mmorpg/skins/spawn_armorer.png", "ascent": -10, "height": 94, "chars": ["\uF020"] },
        { "type": "bitmap", "file": "hyparia:mmorpg/skins/spawn_baker.png", "ascent": -10, "height": 94, "chars": ["\uF021"] },
        { "type": "bitmap", "file": "hyparia:mmorpg/skins/spawn_blacksmith.png", "ascent": -10, "height": 94, "chars": ["\uF022"] },
        { "type": "bitmap", "file": "hyparia:mmorpg/skins/spawn_explorer.png", "ascent": -10, "height": 94, "chars": ["\uF023"] },
        { "type": "bitmap", "file": "hyparia:mmorpg/skins/spawn_guard_2.png", "ascent": -10, "height": 94, "chars": ["\uF024"] },
        { "type": "bitmap", "file": "hyparia:mmorpg/skins/spawn_guard_3.png", "ascent": -10, "height": 94, "chars": ["\uF025"] },
        { "type": "bitmap", "file": "hyparia:mmorpg/skins/spawn_guard_4.png", "ascent": -10, "height": 94, "chars": ["\uF026"] },
        { "type": "bitmap", "file": "hyparia:mmorpg/skins/spawn_guard.png", "ascent": -10, "height": 94, "chars": ["\uF027"] },
        { "type": "bitmap", "file": "hyparia:mmorpg/skins/spawn_librarian.png", "ascent": -10, "height": 94, "chars": ["\uF028"] },
        { "type": "bitmap", "file": "hyparia:mmorpg/skins/spawn_mayor.png", "ascent": -10, "height": 94, "chars": ["\uF029"] },
        { "type": "bitmap", "file": "hyparia:mmorpg/skins/spawn_villager_2.png", "ascent": -10, "height": 94, "chars": ["\uF02A"] },
        { "type": "bitmap", "file": "hyparia:mmorpg/skins/spawn_villager.png", "ascent": -10, "height": 94, "chars": ["\uF02B"] },
        { "type": "bitmap", "file": "hyparia:mmorpg/skins/swamp_witch.png", "ascent": -10, "height": 94, "chars": ["\uF02C"] },
        { "type": "bitmap", "file": "hyparia:mmorpg/skins/mine_digger_2.png", "ascent": -10, "height": 94, "chars": ["\uF02D"] },
        { "type": "bitmap", "file": "hyparia:mmorpg/skins/mine_digger_3.png", "ascent": -10, "height": 94, "chars": ["\uF02E"] },
        { "type": "bitmap", "file": "hyparia:mmorpg/skins/mine_digger_4.png", "ascent": -10, "height": 94, "chars": ["\uF02F"] },
        { "type": "bitmap", "file": "hyparia:mmorpg/skins/mine_digger.png", "ascent": -10, "height": 94, "chars": ["\uF030"] },
        { "type": "bitmap", "file": "hyparia:mmorpg/skins/fields_carter.png", "ascent": -10, "height": 94, "chars": ["\uF031"] },
        { "type": "bitmap", "file": "hyparia:mmorpg/skins/fields_farmer_wife.png", "ascent": -10, "height": 94, "chars": ["\uF032"] },
        { "type": "bitmap", "file": "hyparia:mmorpg/skins/fields_miller_water_wife.png", "ascent": -10, "height": 94, "chars": ["\uF033"] },
        { "type": "bitmap", "file": "hyparia:mmorpg/skins/fields_miller_water.png", "ascent": -10, "height": 94, "chars": ["\uF034"] },
        { "type": "bitmap", "file": "hyparia:mmorpg/skins/fields_miller_wind.png", "ascent": -10, "height": 94, "chars": ["\uF035"] },
        { "type": "bitmap", "file": "hyparia:mmorpg/skins/fields_organizer.png", "ascent": -10, "height": 94, "chars": ["\uF036"] },
        { "type": "bitmap", "file": "hyparia:mmorpg/skins/green_wizard_green_wizard.png", "ascent": -10, "height": 94, "chars": ["\uF037"] },
        { "type": "bitmap", "file": "hyparia:mmorpg/skins/dark_wizard_dark_wizard.png", "ascent": -10, "height": 94, "chars": ["\uF038"] },
        { "type": "bitmap", "file": "hyparia:mmorpg/skins/fields_baker.png", "ascent": -10, "height": 94, "chars": ["\uF039"] },
        { "type": "bitmap", "file": "hyparia:mmorpg/skins/fields_carter_assistant.png", "ascent": -10, "height": 94, "chars": ["\uF03A"] },
        { "type": "bitmap", "file": "hyparia:mmorpg/skins/fields_farmer.png", "ascent": -10, "height": 94, "chars": ["\uF03B"] },
        { "type": "bitmap", "file": "hyparia:mmorpg/skins/fields_breeder.png", "ascent": -10, "height": 94, "chars": ["\uF03C"] },
        { "type": "bitmap", "file": "hyparia:mmorpg/skins/harbor_village_guard.png", "ascent": -10, "height": 94, "chars": ["\uF03D"] },
        { "type": "bitmap", "file": "hyparia:mmorpg/skins/spawn_innkeeper.png", "ascent": -10, "height": 94, "chars": ["\uF03E"] },
        { "type": "bitmap", "file": "hyparia:mmorpg/skins/vineyard_winegrower.png", "ascent": -10, "height": 94, "chars": ["\uF03F"] },
        { "type": "bitmap", "file": "hyparia:mmorpg/skins/fishermen_town_fisher.png", "ascent": -10, "height": 94, "chars": ["\uF040"] },
        { "type": "bitmap", "file": "hyparia:mmorpg/skins/shipwreck_captain.png", "ascent": -10, "height": 94, "chars": ["\uF041"] },
        { "type": "bitmap", "file": "hyparia:mmorpg/skins/spawn_stableman_2.png", "ascent": -10, "height": 94, "chars": ["\uF042"] },
        { "type": "bitmap", "file": "hyparia:mmorpg/skins/spawn_builder.png", "ascent": -10, "height": 94, "chars": ["\uF043"] },
        { "type": "bitmap", "file": "hyparia:mmorpg/skins/spawn_hunter.png", "ascent": -10, "height": 94, "chars": ["\uF044"] },
        { "type": "bitmap", "file": "hyparia:mmorpg/skins/spawn_lumberjack.png", "ascent": -10, "height": 94, "chars": ["\uF045"] },
        { "type": "bitmap", "file": "hyparia:mmorpg/skins/spawn_merchant.png", "ascent": -10, "height": 94, "chars": ["\uF046"] },
        { "type": "bitmap", "file": "hyparia:mmorpg/skins/spawn_noble.png", "ascent": -10, "height": 94, "chars": ["\uF047"] },
        { "type": "bitmap", "file": "hyparia:mmorpg/skins/spawn_tavernier.png", "ascent": -10, "height": 94, "chars": ["\uF048"] },
        { "type": "bitmap", "file": "hyparia:mmorpg/skins/spawn_villager_3.png", "ascent": -10, "height": 94, "chars": ["\uF049"] },
        { "type": "bitmap", "file": "hyparia:mmorpg/skins/spawn_woman_knight.png", "ascent": -10, "height": 94, "chars": ["\uF04A"] },
        { "type": "bitmap", "file": "hyparia:mmorpg/skins/fields_charlie.png", "ascent": -10, "height": 94, "chars": ["\uF04B"] },
        { "type": "bitmap", "file": "hyparia:mmorpg/skins/spawn_banker.png", "ascent": -10, "height": 94, "chars": ["\uF04C"] },
        { "type": "bitmap", "file": "hyparia:mmorpg/skins/spawn_executioner.png", "ascent": -10, "height": 94, "chars": ["\uF04D"] },
        { "type": "bitmap", "file": "hyparia:mmorpg/skins/spawn_nun_2.png", "ascent": -10, "height": 94, "chars": ["\uF04E"] },
        { "type": "bitmap", "file": "hyparia:mmorpg/skins/spawn_nun.png", "ascent": -10, "height": 94, "chars": ["\uF04F"] },
        { "type": "bitmap", "file": "hyparia:mmorpg/skins/spawn_priest.png", "ascent": -10, "height": 94, "chars": ["\uF050"] },
        { "type": "bitmap", "file": "hyparia:mmorpg/skins/ruins_brigand_2.png", "ascent": -10, "height": 94, "chars": ["\uF051"] },
        { "type": "bitmap", "file": "hyparia:mmorpg/skins/ruins_brigand_3.png", "ascent": -10, "height": 94, "chars": ["\uF052"] },
        { "type": "bitmap", "file": "hyparia:mmorpg/skins/ruins_brigrand.png", "ascent": -10, "height": 94, "chars": ["\uF053"] },
        { "type": "bitmap", "file": "hyparia:mmorpg/skins/shipwreck_woman.png", "ascent": -10, "height": 94, "chars": ["\uF054"] },
        { "type": "bitmap", "file": "hyparia:mmorpg/skins/spawn_clubhouse.png", "ascent": -10, "height": 94, "chars": ["\uF055"] },
        { "type": "bitmap", "file": "hyparia:mmorpg/skins/spawn_end.png", "ascent": -10, "height": 94, "chars": ["\uF056"] },
        { "type": "bitmap", "file": "hyparia:mmorpg/skins/spawn_guard_captain.png", "ascent": -10, "height": 94, "chars": ["\uF057"] },
        { "type": "bitmap", "file": "hyparia:mmorpg/skins/spawn_noble_2.png", "ascent": -10, "height": 94, "chars": ["\uF058"] },
        { "type": "bitmap", "file": "hyparia:mmorpg/skins/harbor_village_alchemist.png", "ascent": -10, "height": 94, "chars": ["\uF059"] },
        { "type": "bitmap", "file": "hyparia:mmorpg/skins/harbor_village_gaoler.png", "ascent": -10, "height": 94, "chars": ["\uF05A"] },
        { "type": "bitmap", "file": "hyparia:mmorpg/skins/spawn_herbalist.png", "ascent": -10, "height": 94, "chars": ["\uF05B"] },
        { "type": "bitmap", "file": "hyparia:mmorpg/skins/spawn_miller.png", "ascent": -10, "height": 94, "chars": ["\uF05C"] },
        { "type": "bitmap", "file": "hyparia:mmorpg/skins/spawn_stableman.png", "ascent": -10, "height": 94, "chars": ["\uF05D"] },
        { "type": "bitmap", "file": "hyparia:mmorpg/skins/spawn_banker_assistant.png", "ascent": -10, "height": 94, "chars": ["\uF05E"] },
        { "type": "bitmap", "file": "hyparia:mmorpg/skins/spawn_alchemist.png", "ascent": -10, "height": 94, "chars": ["\uF05F"] },
        { "type": "bitmap", "file": "hyparia:mmorpg/skins/spawn_villager_4.png", "ascent": -10, "height": 94, "chars": ["\uF060"] },
        { "type": "bitmap", "file": "hyparia:mmorpg/skins/spawn_villager_5.png", "ascent": -10, "height": 94, "chars": ["\uF061"] },
        { "type": "bitmap", "file": "hyparia:mmorpg/skins/spawn_villager_6.png", "ascent": -10, "height": 94, "chars": ["\uF062"] },
        { "type": "bitmap", "file": "hyparia:mmorpg/skins/spawn_villager_7.png", "ascent": -10, "height": 94, "chars": ["\uF063"] },
        { "type": "bitmap", "file": "hyparia:mmorpg/skins/spawn_villager_8.png", "ascent": -10, "height": 94, "chars": ["\uF064"] },
        { "type": "bitmap", "file": "hyparia:mmorpg/skins/spawn_fisher.png", "ascent": -10, "height": 94, "chars": ["\uF065"] },
        { "type": "bitmap", "file": "hyparia:mmorpg/skins/spawn_villager_10.png", "ascent": -10, "height": 94, "chars": ["\uF066"] },
        { "type": "bitmap", "file": "hyparia:mmorpg/skins/spawn_villager_11.png", "ascent": -10, "height": 94, "chars": ["\uF067"] },
        { "type": "bitmap", "file": "hyparia:mmorpg/skins/spawn_villager_12.png", "ascent": -10, "height": 94, "chars": ["\uF068"] },
        { "type": "bitmap", "file": "hyparia:mmorpg/skins/spawn_villager_13.png", "ascent": -10, "height": 94, "chars": ["\uF069"] },
        { "type": "bitmap", "file": "hyparia:mmorpg/skins/farmer_shore_demiguard.png", "ascent": -10, "height": 94, "chars": ["\uF06A"] },
        { "type": "bitmap", "file": "hyparia:mmorpg/skins/green_wizard_apprentice.png", "ascent": -10, "height": 94, "chars": ["\uF06B"] },
        { "type": "bitmap", "file": "hyparia:mmorpg/skins/harbor_village_archer.png", "ascent": -10, "height": 94, "chars": ["\uF06C"] },
        { "type": "bitmap", "file": "hyparia:mmorpg/skins/harbor_village_captain_guard.png", "ascent": -10, "height": 94, "chars": ["\uF06D"] },
        { "type": "bitmap", "file": "hyparia:mmorpg/skins/shipwreck_robinsoncrusoe.png", "ascent": -10, "height": 94, "chars": ["\uF06E"] },
        { "type": "bitmap", "file": "hyparia:mmorpg/skins/forest_lumberjack_2.png", "ascent": -10, "height": 94, "chars": ["\uF06F"] },
        { "type": "bitmap", "file": "hyparia:mmorpg/skins/forest_lumberjack.png", "ascent": -10, "height": 94, "chars": ["\uF070"] },
        { "type": "bitmap", "file": "hyparia:mmorpg/skins/spawn_decorator.png", "ascent": -10, "height": 94, "chars": ["\uF071"] },
        { "type": "bitmap", "file": "hyparia:mmorpg/skins/spawn_grower.png", "ascent": -10, "height": 94, "chars": ["\uF072"] },
        { "type": "bitmap", "file": "hyparia:mmorpg/skins/spawn_villager_14.png", "ascent": -10, "height": 94, "chars": ["\uF073"] },
        { "type": "bitmap", "file": "hyparia:mmorpg/skins/spawn_villager_15.png", "ascent": -10, "height": 94, "chars": ["\uF074"] },
        { "type": "bitmap", "file": "hyparia:mmorpg/skins/spawn_villager_16.png", "ascent": -10, "height": 94, "chars": ["\uF075"] },
        { "type": "bitmap", "file": "hyparia:mmorpg/skins/forest_stable_owner.png", "ascent": -10, "height": 94, "chars": ["\uF076"] },
        { "type": "bitmap", "file": "hyparia:mmorpg/skins/shipwreck_seaman.png", "ascent": -10, "height": 94, "chars": ["\uF077"] },
        { "type": "bitmap", "file": "hyparia:mmorpg/skins/spawn_butcher.png", "ascent": -10, "height": 94, "chars": ["\uF078"] },
        { "type": "bitmap", "file": "hyparia:mmorpg/skins/spawn_tavern_2.png", "ascent": -10, "height": 94, "chars": ["\uF079"] },
        { "type": "bitmap", "file": "hyparia:mmorpg/skins/spawn_nether.png", "ascent": -10, "height": 94, "chars": ["\uF07A"] },
        { "type": "bitmap", "file": "hyparia:mmorpg/skins/spawn_villager_18.png", "ascent": -10, "height": 94, "chars": ["\uF07B"] },
        { "type": "bitmap", "file": "hyparia:mmorpg/skins/spawn_villager_19.png", "ascent": -10, "height": 94, "chars": ["\uF07C"] },
        { "type": "bitmap", "file": "hyparia:mmorpg/skins/spawn_villager_20.png", "ascent": -10, "height": 94, "chars": ["\uF07D"] },
        { "type": "bitmap", "file": "hyparia:mmorpg/skins/spawn_villager_17.png", "ascent": -10, "height": 94, "chars": ["\uF07E"] },
        { "type": "bitmap", "file": "hyparia:mmorpg/skins/spawn_villager_9.png", "ascent": -10, "height": 94, "chars": ["\uF07F"] },
        { "type": "bitmap", "file": "hyparia:mmorpg/notifications/skill_miner_1.png", "ascent": 8, "height": 9, "chars": ["\uF080"] },
        { "type": "bitmap", "file": "hyparia:mmorpg/notifications/skill_miner_2.png", "ascent": 8, "height": 9, "chars": ["\uF081"] },
        { "type": "bitmap", "file": "hyparia:mmorpg/notifications/skill_miner_3.png", "ascent": 8, "height": 9, "chars": ["\uF082"] },
        { "type": "bitmap", "file": "hyparia:mmorpg/skins/vineyard_merchant.png", "ascent": -10, "height": 94, "chars": ["\uF083"] },
        { "type": "bitmap", "file": "hyparia:mmorpg/skins/mine_drunken_man.png", "ascent": -10, "height": 94, "chars": ["\uF084"] },
        { "type": "bitmap", "file": "hyparia:mmorpg/skins/mine_warehouseman.png", "ascent": -10, "height": 94, "chars": ["\uF085"] },
        { "type": "bitmap", "file": "hyparia:mmorpg/skins/mine_digger_5.png", "ascent": -10, "height": 94, "chars": ["\uF086"] },
        { "type": "bitmap", "file": "hyparia:mmorpg/skins/mine_foreman.png", "ascent": -10, "height": 94, "chars": ["\uF087"] },
        { "type": "bitmap", "file": "hyparia:mmorpg/skins/mine_digger_6.png", "ascent": -10, "height": 94, "chars": ["\uF088"] },
        { "type": "bitmap", "file": "hyparia:mmorpg/skins/mine_digger_7.png", "ascent": -10, "height": 94, "chars": ["\uF089"] },
        { "type": "bitmap", "file": "hyparia:mmorpg/skins/spawn_guard_6.png", "ascent": -10, "height": 94, "chars": ["\uF08A"] },
        { "type": "bitmap", "file": "hyparia:mmorpg/ui/titles/title_blacksmith_fr.png", "ascent": 15, "height": 15, "chars": ["\uF08B"] },
        { "type": "bitmap", "file": "hyparia:mmorpg/ui/titles/title_armorer_fr.png", "ascent": 15, "height": 15, "chars": ["\uF08C"] },
        { "type": "bitmap", "file": "hyparia:mmorpg/ui/titles/title_herbalist_fr.png", "ascent": 15, "height": 15, "chars": ["\uF08D"] },
        { "type": "bitmap", "file": "hyparia:mmorpg/ui/titles/title_farmer_fr.png", "ascent": 15, "height": 15, "chars": ["\uF08E"] },
        { "type": "bitmap", "file": "hyparia:mmorpg/ui/titles/title_butcher_fr.png", "ascent": 15, "height": 15, "chars": ["\uF08F"] },
        { "type": "bitmap", "file": "hyparia:mmorpg/ui/titles/title_baker_fr.png", "ascent": 15, "height": 15, "chars": ["\uF090"] },
        { "type": "bitmap", "file": "hyparia:mmorpg/ui/titles/title_lumberjack_fr.png", "ascent": 15, "height": 15, "chars": ["\uF091"] },
        { "type": "bitmap", "file": "hyparia:mmorpg/ui/titles/title_miner_fr.png", "ascent": 15, "height": 15, "chars": ["\uF092"] },
        { "type": "bitmap", "file": "hyparia:mmorpg/ui/titles/title_engineer_fr.png", "ascent": 15, "height": 15, "chars": ["\uF093"] },
        { "type": "bitmap", "file": "hyparia:mmorpg/ui/titles/title_decorator_fr.png", "ascent": 15, "height": 15, "chars": ["\uF094"] },
        { "type": "bitmap", "file": "hyparia:mmorpg/ui/titles/title_builder_fr.png", "ascent": 15, "height": 15, "chars": ["\uF095"] },
        { "type": "bitmap", "file": "hyparia:mmorpg/ui/titles/title_alchemist_fr.png", "ascent": 15, "height": 15, "chars": ["\uF096"] },
        { "type": "bitmap", "file": "hyparia:mmorpg/ui/titles/title_hunter_fr.png", "ascent": 15, "height": 15, "chars": ["\uF097"] },
        { "type": "bitmap", "file": "hyparia:mmorpg/ui/titles/title_fisher_fr.png", "ascent": 15, "height": 15, "chars": ["\uF098"] },
        { "type": "bitmap", "file": "hyparia:mmorpg/ui/titles/title_merchant_fr.png", "ascent": 15, "height": 15, "chars": ["\uF099"] },
        { "type": "bitmap", "file": "hyparia:mmorpg/ui/titles/title_breeder_fr.png", "ascent": 15, "height": 15, "chars": ["\uF09A"] },
        { "type": "bitmap", "file": "hyparia:mmorpg/ui/titles/title_explorator_fr.png", "ascent": 15, "height": 15, "chars": ["\uF09B"] },
        { "type": "bitmap", "file": "hyparia:mmorpg/ui/titles/title_grower_fr.png", "ascent": 15, "height": 15, "chars": ["\uF09C"] },
        { "type": "bitmap", "file": "hyparia:mmorpg/skins/spawn_engineer.png", "ascent": -10, "height": 94, "chars": ["\uF09D"] },
        { "type": "bitmap", "file": "hyparia:mmorpg/skins/harbor_village_intendant.png", "ascent": -10, "height": 94, "chars": ["\uF09E"] },
        { "type": "bitmap", "file": "hyparia:mmorpg/skins/vineyard_villager_3.png", "ascent": -10, "height": 94, "chars": ["\uF09F"] },
        { "type": "bitmap", "file": "hyparia:mmorpg/skins/spawn_guard_5.png", "ascent": -10, "height": 94, "chars": ["\uF0A0"] },
        { "type": "bitmap", "file": "hyparia:mmorpg/skins/harbor_village_guard_2.png", "ascent": -10, "height": 94, "chars": ["\uF0A1"] },
        { "type": "bitmap", "file": "hyparia:mmorpg/skins/harbor_village_guard_3.png", "ascent": -10, "height": 94, "chars": ["\uF0A2"] },
        { "type": "bitmap", "file": "hyparia:mmorpg/skins/vineyard_winegrower_2.png", "ascent": -10, "height": 94, "chars": ["\uF0A3"] },
        { "type": "bitmap", "file": "hyparia:mmorpg/skins/vineyard_villager.png", "ascent": -10, "height": 94, "chars": ["\uF0A4"] },
        { "type": "bitmap", "file": "hyparia:mmorpg/skins/vineyard_winemaker.png", "ascent": -10, "height": 94, "chars": ["\uF0A5"] },
        { "type": "bitmap", "file": "hyparia:mmorpg/skins/vineyard_winegrower_3.png", "ascent": -10, "height": 94, "chars": ["\uF0A6"] },
        { "type": "bitmap", "file": "hyparia:mmorpg/skins/vineyard_winegrower_4.png", "ascent": -10, "height": 94, "chars": ["\uF0A7"] },
        { "type": "bitmap", "file": "hyparia:mmorpg/skins/vineyard_villager_2.png", "ascent": -10, "height": 94, "chars": ["\uF0A8"] },
        { "type": "bitmap", "file": "hyparia:mmorpg/skins/vineyard_winegrower_5.png", "ascent": -10, "height": 94, "chars": ["\uF0A9"] },
        { "type": "bitmap", "file": "hyparia:mmorpg/skins/vineyard_winegrower_6.png", "ascent": -10, "height": 94, "chars": ["\uF0AA"] },
        { "type": "bitmap", "file": "hyparia:mmorpg/skins/spawn_warehouseman.png", "ascent": -10, "height": 94, "chars": ["\uF0AB"] },
        { "type": "bitmap", "file": "hyparia:mmorpg/skins/spawn_tavern_usual.png", "ascent": -10, "height": 94, "chars": ["\uF0AC"] },
        { "type": "bitmap", "file": "hyparia:mmorpg/ui/buttons/button_shop.png", "ascent": 8, "height": 16, "chars": ["\uF0AD"] },
        { "type": "bitmap", "file": "hyparia:mmorpg/ui/icons/icon_money_left.png", "ascent": 8, "height": 9, "chars": ["\uF0AE"] },
        { "type": "bitmap", "file": "hyparia:mmorpg/ui/buttons/button_top.png", "ascent": 8, "height": 16, "chars": ["\uF0AF"] },
        { "type": "bitmap", "file": "hyparia:mmorpg/ui/buttons/button_history.png", "ascent": 8, "height": 16, "chars": ["\uF0B0"] },
        { "type": "bitmap", "file": "hyparia:mmorpg/ui/buttons/button_deposit.png", "ascent": 8, "height": 16, "chars": ["\uF0B1"] },
        { "type": "bitmap", "file": "hyparia:mmorpg/ui/icons/icon_level_left.png", "ascent": 8, "height": 9, "chars": ["\uF0B2"] },
        { "type": "bitmap", "file": "hyparia:font/hud/skills_progress.png", "ascent": 5, "height": 5, "chars": ["\uF0B3\uF0B4\uF0B5\uF0B6\uF0B7\uF0B8\uF0B9\uF0BA\uF0BB\uF0BC\uF0BD"] },
        { "type": "bitmap", "file": "hyparia:mmorpg/ui/buttons/button_end.png", "ascent": 8, "height": 16, "chars": ["\uF0BE"] },
        { "type": "bitmap", "file": "hyparia:mmorpg/ui/buttons/button_nether.png", "ascent": 8, "height": 16, "chars": ["\uF0BF"] },
        { "type": "bitmap", "file": "hyparia:mmorpg/notifications/empty.png", "ascent": 8, "height": 9, "chars": ["\uF0C0"] },
        { "type": "bitmap", "file": "hyparia:mmorpg/notifications/bottom.png", "ascent": 8, "height": 9, "chars": ["\uF0C1"] },
        { "type": "bitmap", "file": "hyparia:mmorpg/ui/titles/title_bank_fr.png", "ascent": 11, "height": 15, "chars": ["\uF0C2"] },
        { "type": "bitmap", "file": "hyparia:gui/ui/containers/negative.png", "ascent": -32768, "height": -143, "chars": ["\uF0C3"] },
        { "type": "bitmap", "file": "hyparia:mmorpg/ui/icons/icon_money_right.png", "ascent": 8, "height": 9, "chars": ["\uF0C4"] },
        { "type": "bitmap", "file": "hyparia:mmorpg/ui/titles/title_leagues_fr.png", "ascent": 15, "height": 15, "chars": ["\uF0C5"] },
        { "type": "bitmap", "file": "hyparia:mmorpg/ui/buttons/button_lift.png", "ascent": 8, "height": 16, "chars": ["\uF0C6"] },
        { "type": "bitmap", "file": "hyparia:mmorpg/ui/buttons/button_admin_shop.png", "ascent": 8, "height": 16, "chars": ["\uF0C7"] },
        { "type": "bitmap", "file": "hyparia:mmorpg/ui/icons/icon_admin_shop_left.png", "ascent": 8, "height": 9, "chars": ["\uF0C8"] },
        { "type": "bitmap", "file": "hyparia:mmorpg/ui/buttons/button_end_deposit.png", "ascent": 8, "height": 16, "chars": ["\uF0C9"] },
        { "type": "bitmap", "file": "hyparia:mmorpg/ui/buttons/button_nether_deposit.png", "ascent": 8, "height": 16, "chars": ["\uF0CA"] },
        { "type": "bitmap", "file": "hyparia:mmorpg/notifications/levels_1.png", "ascent": 8, "height": 9, "chars": ["\uF0CB"] },
        { "type": "bitmap", "file": "hyparia:mmorpg/notifications/levels_2.png", "ascent": 8, "height": 9, "chars": ["\uF0CC"] },
        { "type": "bitmap", "file": "hyparia:mmorpg/notifications/levels_3.png", "ascent": 8, "height": 9, "chars": ["\uF0CD"] },
        { "type": "bitmap", "file": "hyparia:mmorpg/notifications/end_1.png", "ascent": 8, "height": 9, "chars": ["\uF0CE"] },
        { "type": "bitmap", "file": "hyparia:mmorpg/notifications/end_2.png", "ascent": 8, "height": 9, "chars": ["\uF0CF"] },
        { "type": "bitmap", "file": "hyparia:mmorpg/notifications/end_3.png", "ascent": 8, "height": 9, "chars": ["\uF0D0"] },
        { "type": "bitmap", "file": "hyparia:mmorpg/notifications/nether_1.png", "ascent": 8, "height": 9, "chars": ["\uF0D1"] },
        { "type": "bitmap", "file": "hyparia:mmorpg/notifications/nether_2.png", "ascent": 8, "height": 9, "chars": ["\uF0D2"] },
        { "type": "bitmap", "file": "hyparia:mmorpg/notifications/nether_3.png", "ascent": 8, "height": 9, "chars": ["\uF0D3"] },
        { "type": "bitmap", "file": "hyparia:mmorpg/notifications/quests_1.png", "ascent": 8, "height": 9, "chars": ["\uF0D4"] },
        { "type": "bitmap", "file": "hyparia:mmorpg/notifications/quests_2.png", "ascent": 8, "height": 9, "chars": ["\uF0D5"] },
        { "type": "bitmap", "file": "hyparia:mmorpg/notifications/quests_3.png", "ascent": 8, "height": 9, "chars": ["\uF0D6"] },
        { "type": "bitmap", "file": "hyparia:mmorpg/ui/titles/title_end_fr.png", "ascent": 15, "height": 15, "chars": ["\uF0D7"] },
        { "type": "bitmap", "file": "hyparia:mmorpg/ui/titles/title_nether_fr.png", "ascent": 15, "height": 15, "chars": ["\uF0D8"] },
        { "type": "bitmap", "file": "hyparia:mmorpg/ui/progress/progress_dimension.png", "ascent": 9, "height": 11, "chars": ["\uF0D9\uF0DA\uF0DB\uF0DC\uF0DD\uF0DE\uF0DF\uF0E0\uF0E1\uF0E2"] },
        { "type": "bitmap", "file": "hyparia:mmorpg/skins/mine_mob.png", "ascent": -10, "height": 94, "chars": ["\uF0E3"] },
        { "type": "bitmap", "file": "hyparia:mmorpg/skins/pit_abandoned_men.png", "ascent": -10, "height": 94, "chars": ["\uF0E4"] },
        { "type": "bitmap", "file": "hyparia:mmorpg/skins/poor_spawn_villager.png", "ascent": -10, "height": 94, "chars": ["\uF0E5"] },
        { "type": "bitmap", "file": "hyparia:mmorpg/skins/poor_spawn_villager_2.png", "ascent": -10, "height": 94, "chars": ["\uF0E6"] },
        { "type": "bitmap", "file": "hyparia:mmorpg/skins/poor_spawn_villager_3.png", "ascent": -10, "height": 94, "chars": ["\uF0E7"] },
        { "type": "bitmap", "file": "hyparia:mmorpg/skins/poor_spawn_villager_4.png", "ascent": -10, "height": 94, "chars": ["\uF0E8"] },
        { "type": "bitmap", "file": "hyparia:mmorpg/skins/poor_spawn_villager_5.png", "ascent": -10, "height": 94, "chars": ["\uF0E9"] },
        { "type": "bitmap", "file": "hyparia:mmorpg/notifications/leagues_1.png", "ascent": 8, "height": 9, "chars": ["\uF0EA"] },
        { "type": "bitmap", "file": "hyparia:mmorpg/notifications/leagues_2.png", "ascent": 8, "height": 9, "chars": ["\uF0EB"] },
        { "type": "bitmap", "file": "hyparia:mmorpg/notifications/leagues_3.png", "ascent": 8, "height": 9, "chars": ["\uF0EC"] },

        { "type": "bitmap", "file": "hyparia:gui/ui/containers/negative.png", "ascent": -32768, "height": -10, "chars": ["\uF900"] },
        { "type": "bitmap", "file": "hyparia:gui/ui/containers/negative.png", "ascent": -32768, "height": -171, "chars": ["\uF901"] },
        { "type": "bitmap", "file": "hyparia:gui/ui/containers/container_default.png", "ascent": 14, "height": 222, "chars": ["\uF902"] },
        { "type": "bitmap", "file": "hyparia:gui/ui/containers/container_plot_empty.png", "ascent": 20, "height": 228, "chars": ["\uF903"] },
        { "type": "bitmap", "file": "hyparia:gui/ui/containers/container_plot_members.png", "ascent": 20, "height": 228, "chars": ["\uF904"] },
        { "type": "bitmap", "file": "hyparia:gui/ui/containers/container_playerlist.png", "ascent": 14, "height": 222, "chars": ["\uF905"] },
        { "type": "bitmap", "file": "hyparia:gui/ui/containers/container_plot_playerlist.png", "ascent": 20, "height": 228, "chars": ["\uF906"] },
        { "type": "bitmap", "file": "hyparia:gui/ui/containers/container_plot_settings.png", "ascent": 20, "height": 228, "chars": ["\uF907"] },
        { "type": "bitmap", "file": "hyparia:gui/ui/containers/container_warps_main.png", "ascent": 20, "height": 228, "chars": ["\uF908"] },
        { "type": "bitmap", "file": "hyparia:gui/ui/containers/container_armorstandtools_empty.png", "ascent": 20, "height": 228, "chars": ["\uF909"] },
        { "type": "bitmap", "file": "hyparia:mmorpg/ui/containers/container_skills.png", "ascent": 20, "height": 228, "chars": ["\uF90A"] },
        { "type": "bitmap", "file": "hyparia:mmorpg/ui/containers/container_skills_breeder.png", "ascent": 20, "height": 228, "chars": ["\uF90B"] },
        { "type": "bitmap", "file": "hyparia:mmorpg/ui/containers/container_skills_farmer.png", "ascent": 20, "height": 228, "chars": ["\uF90C"] },
        { "type": "bitmap", "file": "hyparia:mmorpg/ui/containers/container_skills_explorer.png", "ascent": 20, "height": 228, "chars": ["\uF90D"] },
        { "type": "bitmap", "file": "hyparia:mmorpg/ui/containers/container_skills_hunter.png", "ascent": 20, "height": 228, "chars": ["\uF90E"] },
        { "type": "bitmap", "file": "hyparia:mmorpg/ui/containers/container_skills_miner.png", "ascent": 20, "height": 228, "chars": ["\uF90F"] },
        { "type": "bitmap", "file": "hyparia:gui/ui/containers/container_armorstandtools_main.png", "ascent": 20, "height": 228, "chars": ["\uF910"] },
        { "type": "bitmap", "file": "hyparia:gui/ui/containers/container_rewards_main.png", "ascent": 20, "height": 228, "chars": ["\uF911"] },
        { "type": "bitmap", "file": "hyparia:gui/ui/containers/container_top_playerlist.png", "ascent": 20, "height": 228, "chars": ["\uF912"] },
        { "type": "bitmap", "file": "hyparia:gui/ui/containers/container_actions_empty.png", "ascent": 20, "height": 228, "chars": ["\uF913"] },
        { "type": "bitmap", "file": "hyparia:gui/ui/containers/container_cosmetics_empty.png", "ascent": 20, "height": 228, "chars": ["\uF914"] },
        { "type": "bitmap", "file": "hyparia:gui/ui/containers/container_customheads_empty.png", "ascent": 20, "height": 228, "chars": ["\uF915"] },
        { "type": "bitmap", "file": "hyparia:gui/ui/containers/container_customblocks_empty.png", "ascent": 20, "height": 228, "chars": ["\uF916"] },
        { "type": "bitmap", "file": "hyparia:gui/ui/containers/container_warps_empty.png", "ascent": 20, "height": 228, "chars": ["\uF917"] },
        { "type": "bitmap", "file": "hyparia:gui/ui/containers/container_warps_playerlist.png", "ascent": 20, "height": 228, "chars": ["\uF918"] },
        { "type": "bitmap", "file": "hyparia:gui/ui/containers/container_rewards_empty.png", "ascent": 20, "height": 228, "chars": ["\uF919"] },
        { "type": "bitmap", "file": "hyparia:mmorpg/ui/containers/container_bank_item.png", "ascent": 20, "height": 228, "chars": ["\uF91A"] },
        { "type": "bitmap", "file": "hyparia:mmorpg/ui/containers/container_bank_top.png", "ascent": 20, "height": 228, "chars": ["\uF91B"] },
        { "type": "bitmap", "file": "hyparia:mmorpg/ui/containers/container_bank_history.png", "ascent": 20, "height": 228, "chars": ["\uF91C"] },
        { "type": "bitmap", "file": "hyparia:gui/ui/containers/negative.png", "ascent": -32768, "height": -12, "chars": ["\uF91D"] },
        { "type": "bitmap", "file": "hyparia:mmorpg/ui/containers/container_shop_top.png", "ascent": 20, "height": 228, "chars": ["\uF91E"] },
        { "type": "bitmap", "file": "hyparia:mmorpg/ui/containers/container_lift.png", "ascent": 20, "height": 228, "chars": ["\uF91F"] },
        { "type": "bitmap", "file": "hyparia:gui/ui/containers/container_actions_effects.png", "ascent": 20, "height": 228, "chars": ["\uF920"] },
        { "type": "bitmap", "file": "hyparia:gui/ui/containers/container_event_empty.png", "ascent": 20, "height": 228, "chars": ["\uF921"] },
        { "type": "bitmap", "file": "hyparia:gui/ui/containers/container_event_playerlist.png", "ascent": 20, "height": 228, "chars": ["\uF922"] },
        { "type": "bitmap", "file": "hyparia:gui/ui/containers/container_customfurnitures_empty.png", "ascent": 20, "height": 228, "chars": ["\uF923"] },
        { "type": "bitmap", "file": "hyparia:gui/ui/containers/container_island_empty.png", "ascent": 20, "height": 228, "chars": ["\uF924"] },
        { "type": "bitmap", "file": "hyparia:gui/ui/containers/container_island_members.png", "ascent": 20, "height": 228, "chars": ["\uF925"] },
        { "type": "bitmap", "file": "hyparia:gui/ui/containers/container_island_playerlist.png", "ascent": 20, "height": 228, "chars": ["\uF926"] },
        { "type": "bitmap", "file": "hyparia:gui/ui/containers/container_island_settings.png", "ascent": 20, "height": 228, "chars": ["\uF927"] },
        { "type": "bitmap", "file": "hyparia:mmorpg/ui/containers/container_shop_category.png", "ascent": 20, "height": 228, "chars": ["\uF928"] },
        { "type": "bitmap", "file": "hyparia:mmorpg/ui/containers/container_shop_item.png", "ascent": 20, "height": 228, "chars": ["\uF929"] },
        { "type": "bitmap", "file": "hyparia:mmorpg/ui/containers/container_money_top.png", "ascent": 20, "height": 228, "chars": ["\uF92A"] },
        { "type": "bitmap", "file": "hyparia:mmorpg/ui/containers/container_dimensions_item.png", "ascent": 20, "height": 228, "chars": ["\uF92B"] },

        { "type": "bitmap", "file": "hyparia:tag/admin_prefix.png", "ascent": 7, "height": 8, "chars": ["\uE8A0"] },
        { "type": "bitmap", "file": "hyparia:tag/staff_prefix.png", "ascent": 7, "height": 8, "chars": ["\uE8A1"] },
        { "type": "bitmap", "file": "hyparia:tag/guide_prefix.png", "ascent": 7, "height": 8, "chars": ["\uE8A2"] },
        { "type": "bitmap", "file": "hyparia:tag/youtuber_prefix.png", "ascent": 7, "height": 8, "chars": ["\uE8A3"] },
        { "type": "bitmap", "file": "hyparia:tag/member_prefix.png", "ascent": 7, "height": 8, "chars": ["\uE8A4"] },
        { "type": "bitmap", "file": "hyparia:tag/top_donors_prefix.png", "ascent": 7, "height": 8, "chars": ["\uE8A5"] },
        { "type": "bitmap", "file": "hyparia:tag/top_voters_prefix.png", "ascent": 7, "height": 8, "chars": ["\uE8A6"] },
        { "type": "bitmap", "file": "hyparia:tag/discord_boosters_prefix.png", "ascent": 7, "height": 8, "chars": ["\uE8A7"] },
        { "type": "bitmap", "file": "hyparia:tag/mvp_prefix.png", "ascent": 7, "height": 8, "chars": ["\uE8A8"] },
        { "type": "bitmap", "file": "hyparia:tag/vip_prefix.png", "ascent": 7, "height": 8, "chars": ["\uE8A9"] },
        { "type": "bitmap", "file": "hyparia:tag/admin.png", "ascent": 7, "height": 8, "chars": ["\uE8B0"] },
        { "type": "bitmap", "file": "hyparia:tag/staff.png", "ascent": 7, "height": 8, "chars": ["\uE8B1"] },
        { "type": "bitmap", "file": "hyparia:tag/guide.png", "ascent": 7, "height": 8, "chars": ["\uE8B2"] },
        { "type": "bitmap", "file": "hyparia:tag/youtuber.png", "ascent": 7, "height": 8, "chars": ["\uE8B3"] },
        { "type": "bitmap", "file": "hyparia:tag/member.png", "ascent": 7, "height": 8, "chars": ["\uE8B4"] },
        { "type": "bitmap", "file": "hyparia:tag/top_donors.png", "ascent": 7, "height": 8, "chars": ["\uE8B5"] },
        { "type": "bitmap", "file": "hyparia:tag/top_voters.png", "ascent": 7, "height": 8, "chars": ["\uE8B6"] },
        { "type": "bitmap", "file": "hyparia:tag/discord_boosters.png", "ascent": 7, "height": 8, "chars": ["\uE8B7"] },
        { "type": "bitmap", "file": "hyparia:tag/mvp.png", "ascent": 7, "height": 8, "chars": ["\uE8B8"] },
        { "type": "bitmap", "file": "hyparia:tag/vip.png", "ascent": 7, "height": 8, "chars": ["\uE8B9"] },
        { "type": "bitmap", "file": "hyparia:alert/success.png", "ascent": 7, "height": 8, "chars": ["\uE8BE"] },
        { "type": "bitmap", "file": "hyparia:alert/danger.png", "ascent": 7, "height": 8, "chars": ["\uE8BF"] }
    ]
}